,,,,,,,,,,,,,,,,,,,,,,,,,,
,,,,,,,,,,,,,,,,,,,,2062,,,,,,
,Name,Pos.,Age,Ovr,Pot,Location,Winning,Playing Time,Coach,ProPotential,Prestige,Education,Campus,Tradition,Hometown,Legacy School,Committed?,Storyline,,pid,Draft Year,Drafted,Drafted by,pid Database Check,,Code
1,Winn Cunningham,DL,18,51,85,0.349,0.369,0.015,0.816,0.969,0.191,0.761,0.776,0.602,North Carolina,,,ProPotential: Is a fan of the Panthers,,,,,,#N/A,,Winn Cunningham-North Carolina-2060
2,Tyler Hawkins,CB,18,56,84,0.448,0.151,0.139,0.739,0.880,0.343,0.906,0.250,0.036,Texas,,,Education: Wants to major in biology,,,,,,#N/A,,Tyler Hawkins-Texas-2060
3,Kaito Miyagi,CB,18,55,82,0.335,0.594,0.088,0.881,0.488,0.015,0.699,0.630,0.490,Japan,,,,,,,,,#N/A,,Kaito Miyagi-Japan-2060
4,Shane Starks,QB,18,51,86,0.313,0.892,0.544,0.539,0.858,0.951,0.895,0.962,0.016,Arkansas,,,Campus: Wants to attend a school with a beautiful campus,,,,,,#N/A,,Shane Starks-Arkansas-2060
5,Connor Franklin,CB,18,52,77,0.940,0.151,0.997,0.702,0.404,0.015,0.501,0.222,0.238,Texas,,,Playing Time: Would prefer to play for a G5 school if it means being of greater significance to the team.,,,,,,#N/A,,Connor Franklin-Texas-2060
6,Derrick Armstrong,CB,18,52,79,0.610,0.138,0.654,0.727,0.573,0.184,0.614,0.457,0.323,Kansas,,,,,,,,,#N/A,,Derrick Armstrong-Kansas-2060
7,Spencer Ford,S,18,43,71,0.022,0.244,0.141,0.400,0.284,0.114,0.953,0.380,0.602,North Carolina,,,Education: Wants to study abroad in Italy,,,,,,#N/A,,Spencer Ford-North Carolina-2060
8,Kyle Loftin,S,18,43,71,0.247,0.290,0.960,0.579,0.133,0.040,0.936,0.910,0.074,California,,,Playing Time: Would prefer to be redshirted to further develop and start on a better Team,,,,,,#N/A,,Kyle Loftin-California-2060
9,Pharaoh Lizotte,QB,18,48,82,0.325,0.368,0.067,0.574,0.563,0.358,0.036,0.353,0.805,Ohio,Notre Dame,,,,,,,,#N/A,,Pharaoh Lizotte-Ohio-2060
10,Wesley McKey,OL,18,44,73,0.507,0.646,0.720,0.442,0.646,0.071,0.567,0.950,0.767,Georgia,,Notre Dame,Campus: Wants to go to college in a smaller town,,,,,,#N/A,,Wesley McKey-Georgia-2060
11,Chris East,WR,18,49,76,0.553,0.120,0.614,0.037,0.426,0.270,0.406,0.501,0.050,Louisiana,,,,,,,,,#N/A,,Chris East-Louisiana-2060
12,Ben Hornbuckle,OL,18,44,74,0.052,0.315,0.359,0.456,0.513,0.663,0.561,0.505,0.841,Florida,,,,,,,,,#N/A,,Ben Hornbuckle-Florida-2060
13,Greg Dawson,TE,18,39,63,0.927,0.720,0.110,0.708,0.812,0.104,0.854,0.853,0.461,Florida,,,"Location: Has family in Florida, and wants them to see one of his games.",,,,,,#N/A,,Greg Dawson-Florida-2060
14,Josh Jacobs,QB,18,47,81,0.647,0.255,0.505,0.219,0.311,0.098,0.475,0.914,0.346,Oregon,Louisiana Tech,,Campus: Wants to live in a major city,,,,,,#N/A,,Josh Jacobs-Oregon-2060
15,Max Torres,WR,18,48,76,0.280,0.268,0.484,0.733,0.769,0.910,0.694,0.488,0.832,Wisconsin,,,Prestige: Has ambitions of winning a national championship game,,,,,,#N/A,,Max Torres-Wisconsin-2060
16,Blaze Russell,WR,18,48,74,0.303,0.972,0.514,0.673,0.519,0.624,0.839,0.842,0.926,Michigan,,,,,,,,,#N/A,,Blaze Russell-Michigan-2060
17,Derrell Hall,WR,18,48,74,0.249,0.313,0.975,0.151,0.357,0.397,0.721,0.341,0.761,California,,,Playing Time: Would prefer to play for a less successful team if it means being of greater significance to the team.,,,,,,#N/A,,Derrell Hall-California-2060
18,Habanero Peppers,DL,18,44,76,0.639,0.268,0.669,0.788,0.366,0.618,0.608,0.366,0.501,North Carolina,North Carolina,,,,,,,,#N/A,,Habanero Peppers-North Carolina-2060
19,John Kennedy,DL,18,44,73,0.710,0.278,0.150,0.338,0.568,0.565,0.355,0.225,0.512,Florida,,,,,,,,,#N/A,,John Kennedy-Florida-2060
20,Reggie Stengel,LB,18,41,67,0.239,0.255,0.879,0.554,0.670,0.656,0.352,0.752,0.855,Texas,,,,,,,,,#N/A,,Reggie Stengel-Texas-2060
21,David Edwards,RB,18,44,72,0.429,0.973,0.156,0.894,0.523,0.479,0.307,0.490,0.619,Ohio,,,Winning: Would prefer to play for a team coming off at least 3 consecutive winning seasons.,,,,,,#N/A,,David Edwards-Ohio-2060
22,Gerrod Shabazz,S,18,41,66,0.216,0.738,0.089,0.993,0.870,0.121,0.573,0.122,0.972,Louisiana,,,,,,,,,#N/A,,Gerrod Shabazz-Louisiana-2060
23,Quentin Coston,QB,18,46,77,0.616,0.586,0.060,0.697,0.902,0.097,0.255,0.975,0.786,Tennessee,,,Campus: Wants to know about concert venues near campus,,,,,,#N/A,,Quentin Coston-Tennessee-2060
24,Shawn Enis,RB,18,44,72,0.299,0.303,0.458,0.656,0.378,0.715,0.580,0.856,0.431,Utah,,,,,,,,,#N/A,,Shawn Enis-Utah-2060
25,Jordan Woods,RB,18,44,70,0.934,0.299,0.210,0.595,0.262,0.123,0.563,0.007,0.288,Michigan,,,Location: Wants to play alongside other players from his home state,,,,,,#N/A,,Jordan Woods-Michigan-2060
26,Brandan Daley,S,18,41,67,0.359,0.246,0.879,0.642,0.288,0.266,0.064,0.005,0.917,Pennsylvania,,,Tradition: Wants to hear about your school's fan support,,,,,,#N/A,,Brandan Daley-Pennsylvania-2060
27,Edmund Travis,S,18,41,68,0.666,0.024,0.263,0.583,0.647,0.361,0.730,0.110,0.361,California,,,,,,,,,#N/A,,Edmund Travis-California-2060
28,Marquis Young,RB,18,44,71,0.496,0.526,0.580,0.898,0.027,0.767,0.011,0.619,0.690,California,,,,,,,,,#N/A,,Marquis Young-California-2060
29,Cole Cole,OL,18,42,72,0.484,0.619,0.061,0.642,0.781,0.149,0.569,0.229,0.349,Oregon,,,,,,,,,#N/A,,Cole Cole-Oregon-2060
30,William Osetkowski,DL,18,43,71,0.556,0.589,0.370,0.162,0.421,0.111,0.967,0.100,0.433,Florida,,,Education: Wants to major in English,,,,,,#N/A,,William Osetkowski-Florida-2060
31,A.J. Covey,DL,18,43,74,0.250,0.663,0.151,0.436,0.669,0.448,0.713,0.555,0.570,Michigan,,Rice,,,,,,,#N/A,,A.J. Covey-Michigan-2060
32,Nathaniel Bartels,RB,18,43,68,0.320,0.341,0.872,0.797,0.257,0.287,0.234,0.893,0.870,California,,,,,,,,,#N/A,,Nathaniel Bartels-California-2060
33,Terrance Slayton,QB,18,45,76,0.880,0.017,0.319,0.351,0.870,0.904,0.174,0.005,0.439,Louisiana,,,,,,,,,#N/A,,Terrance Slayton-Louisiana-2060
34,Jordan Fong,S,18,40,65,0.686,0.142,0.505,0.202,0.783,0.315,0.292,0.988,0.825,New York,,,Campus: Would prefer to attend a school with a dry climate,,,,,,#N/A,,Jordan Fong-New York-2060
35,Yao Sanogo,DL,18,42,72,0.666,0.695,0.309,0.417,0.966,0.270,0.836,0.848,0.815,Côte d’Ivoire,,,ProPotential: Is a fan of the Bears,,,,,,#N/A,,Yao Sanogo-Côte d’Ivoire-2060
36,T.J. Moore,LB,18,39,61,0.802,0.176,0.740,0.879,0.824,0.266,0.169,0.192,0.453,Arizona,,,,,,,,,#N/A,,T.J. Moore-Arizona-2060
37,Hassan Fenner,LB,18,39,64,0.991,0.384,0.299,0.481,0.172,0.678,0.837,0.672,0.279,Tennessee,,,Location: Wants to play as many games in his home state as possible.,,,,,,#N/A,,Hassan Fenner-Tennessee-2060
38,Andrew Flores,LB,18,39,62,0.824,0.313,0.655,0.417,0.679,0.799,0.321,0.528,0.397,Texas,,,,,,,,,#N/A,,Andrew Flores-Texas-2060
39,O.J. Mead,LB,18,39,61,0.792,0.180,0.008,0.629,0.061,0.140,0.248,0.384,0.074,New Jersey,,,,,,,,,#N/A,,O.J. Mead-New Jersey-2060
40,Taron O'Connor,RB,18,42,69,0.226,0.894,0.007,0.030,0.490,0.677,0.756,0.744,0.837,Georgia,,,,,,,,,#N/A,,Taron O'Connor-Georgia-2060
41,Dale Sprague,WR,18,45,71,0.806,0.998,0.447,0.799,0.403,0.942,0.760,0.414,0.342,Georgia,,,Winning: Wants to experience at least one season with double-digit wins.,,,,,,#N/A,,Dale Sprague-Georgia-2060
42,Hershey Brown,CB,18,47,71,0.258,0.129,0.222,0.241,0.133,0.104,0.060,0.952,0.271,Indiana,,,Campus: Wants to go to college in a smaller town,,,,,,#N/A,,Hershey Brown-Indiana-2060
43,Matt Jones,CB,18,47,71,0.922,0.826,0.635,0.506,0.067,0.169,0.693,0.902,0.457,Illinois,,,Location: Wants to attend a flagship university,,,,,,#N/A,,Matt Jones-Illinois-2060
44,Jesse Cloy,TE,18,36,62,0.475,0.866,0.972,0.270,0.363,0.947,0.882,0.173,0.438,Vermont,,,Playing Time: Wants to put up big stats.,,,,,,#N/A,,Jesse Cloy-Vermont-2060
45,Anthony Haywood,S,18,39,67,0.113,0.504,0.490,0.363,0.254,0.006,0.563,0.016,0.386,Texas,Harvard,,,,,,,,#N/A,,Anthony Haywood-Texas-2060
46,Alphonso Draper,S,18,39,65,0.402,0.733,0.503,0.565,1.000,0.495,0.530,0.738,0.778,Michigan,,,ProPotential: Wants to play for a school that has produced a lot of pros at his position.,,,,,,#N/A,,Alphonso Draper-Michigan-2060
47,Anthony Gibbs,OL,18,40,65,0.481,0.535,0.019,0.236,0.520,0.766,0.201,0.504,0.017,Alabama,,,,,,,,,#N/A,,Anthony Gibbs-Alabama-2060
48,Austin Smith,OL,18,40,67,0.378,0.492,0.044,0.196,0.752,0.213,0.062,0.525,0.054,Florida,,,,,,,,,#N/A,,Austin Smith-Florida-2060
49,David Savoy,OL,18,40,69,0.070,0.258,0.730,0.338,0.522,0.124,0.468,0.038,0.939,Illinois,,,Tradition: Wants to hear about your school's unique traditions,,,,,,#N/A,,David Savoy-Illinois-2060
50,Phillip McCoy,WR,18,44,69,0.830,0.273,0.214,0.915,0.031,0.671,0.720,0.964,0.243,Florida,,,Campus: Wants to know about concert venues near campus,,,,,,#N/A,,Phillip McCoy-Florida-2060
51,Jarod Wilburn,WR,18,44,72,0.931,0.391,0.426,0.823,0.211,0.249,0.615,0.556,0.804,California,,,Location: Wants to play alongside other players from his home state,,,,,,#N/A,,Jarod Wilburn-California-2060
52,Roger Saunders,WR,18,44,71,0.549,0.120,0.275,0.146,0.087,0.830,0.406,0.232,0.137,"Nova Scotia, Canada",,,,,,,,,#N/A,,"Roger Saunders-Nova Scotia, Canada-2060"
53,Iman Crawford,WR,18,44,72,0.653,0.948,0.564,0.641,0.829,0.361,0.215,0.751,0.744,Louisiana,,,,,,,,,#N/A,,Iman Crawford-Louisiana-2060
54,DeSean Torres,LB,18,38,59,0.620,0.438,0.749,0.867,0.416,0.776,0.004,0.649,0.572,California,,,,,,,,,#N/A,,DeSean Torres-California-2060
55,Wallace Kerr,S,18,38,62,0.293,0.898,0.737,0.820,0.008,0.597,0.030,0.593,0.445,New Jersey,,,,,,,,,#N/A,,Wallace Kerr-New Jersey-2060
56,Ryan Humes,CB,18,46,69,0.092,0.901,0.562,0.922,0.706,0.829,0.701,0.527,0.210,Florida,,,Coach: Would like to see the coach sign an extension during his time at the school,,,,,,#N/A,,Ryan Humes-Florida-2060
57,Maurice Loy,S,18,38,65,0.731,0.054,0.489,0.404,0.131,0.549,0.677,0.727,0.134,Maryland,,,,,,,,,#N/A,,Maurice Loy-Maryland-2060
58,Michelle Hunter,DL,18,40,67,0.299,0.666,0.725,0.186,0.326,0.328,0.697,0.860,0.906,Texas,LSU,,Tradition: Wants to play in important rivalry games,,,,,,#N/A,,Michelle Hunter-Texas-2060
59,Scott Hall,DL,18,40,69,0.361,0.759,0.195,0.032,0.866,0.683,0.175,0.989,0.396,Maryland,,,Campus: Would prefer to attend a school with a larger student body population,,,,,,#N/A,,Scott Hall-Maryland-2060
60,Dane Keenan,OL,18,39,66,0.268,0.385,0.052,0.799,0.343,0.822,0.007,0.761,0.049,Texas,,,,,,,,,#N/A,,Dane Keenan-Texas-2060
61,Tom Tereshinski,OL,18,39,64,0.305,0.206,0.546,0.307,0.123,0.476,0.491,0.868,0.256,Washington D.C.,,,,,,,,,#N/A,,Tom Tereshinski-Washington D.C.-2060
62,Jermaine Harris,DL,18,40,67,0.195,0.895,0.616,0.383,0.288,0.560,0.972,0.207,0.765,Georgia,,USC,Education: Wants to go to law school,,,,,,#N/A,,Jermaine Harris-Georgia-2060
63,Winston Clark,OL,18,39,66,0.863,0.200,0.902,0.540,0.016,0.878,0.679,0.501,0.349,New Hampshire,,,Playing Time: Wants an important role on the offense/defense.,,,,,,#N/A,,Winston Clark-New Hampshire-2060
64,Aric Bryant,OL,18,39,68,0.665,0.274,0.256,0.411,0.959,0.145,0.055,0.065,0.407,Maryland,,,ProPotential: Has dreams of eventually becoming a first-round pick.,,,,,,#N/A,,Aric Bryant-Maryland-2060
65,Iñaki Incayal,WR,18,43,71,0.268,0.735,0.440,0.105,0.551,0.060,0.803,0.767,0.095,Argentina,,,,,,,,,#N/A,,Iñaki Incayal-Argentina-2060
66,Ajani Cowart,WR,18,43,67,0.688,0.562,0.292,0.194,0.803,0.633,0.759,0.743,0.500,Florida,Notre Dame,,,,,,,,#N/A,,Ajani Cowart-Florida-2060
67,Charles Love,WR,18,43,69,0.551,0.887,0.187,0.171,0.632,0.809,0.162,0.956,0.195,Florida,Brigham Young,,Campus: Wants to go to college in a smaller town,,,,,,#N/A,,Charles Love-Florida-2060
68,Ryan Duncan,DL,18,40,69,0.667,0.094,0.724,0.020,0.155,0.868,0.834,0.788,0.984,Arizona,,,Tradition: Wants to play on primetime TV,,,,,,#N/A,,Ryan Duncan-Arizona-2060
69,Kyle Mackey,LB,18,37,61,0.898,0.751,0.290,0.248,0.369,0.599,0.661,0.751,0.281,Illinois,,,,,,,,,#N/A,,Kyle Mackey-Illinois-2060
70,Bryan Zuñiga-García,LB,18,37,61,0.914,0.447,0.141,0.760,0.468,0.168,0.404,0.148,0.594,Honduras,,,"Location: Has family in North Carolina, and wants them to see one of his games.",,,,,,#N/A,,Bryan Zuñiga-García-Honduras-2060
71,Jeremy Parker,OL,18,39,66,0.405,0.735,0.838,0.160,0.085,0.182,0.097,0.299,0.374,Utah,,,,,,,,,#N/A,,Jeremy Parker-Utah-2060
72,Grant Smith,DL,18,40,67,0.069,0.236,0.678,0.633,0.798,0.664,0.216,0.209,0.077,Florida,,,,,,,,,#N/A,,Grant Smith-Florida-2060
73,Brandon Goddard,DL,18,40,69,0.189,0.896,0.337,0.373,0.704,0.404,0.419,0.626,0.727,Hawaii,Oregon State,,,,,,,,#N/A,,Brandon Goddard-Hawaii-2060
74,Ron Smith,WR,18,43,68,0.728,0.877,0.978,0.138,0.024,0.518,0.796,0.535,0.341,Florida,Minnesota,,Playing Time: Would prefer to play for a G5 school if it means being of greater significance to the team.,,,,,,#N/A,,Ron Smith-Florida-2060
75,Cliff Black,DL,18,40,67,0.966,0.557,0.171,0.134,0.309,0.984,0.418,0.936,0.390,Georgia,,,Prestige: Has ambitions of winning a national championship game,,,,,,#N/A,,Cliff Black-Georgia-2060
76,Josh Shead,DL,18,40,71,0.463,0.173,0.864,0.390,0.607,0.441,0.149,0.057,0.855,Alabama,,,,,,,,,#N/A,,Josh Shead-Alabama-2060
77,Matt Robinson,WR,18,43,70,0.007,0.510,0.711,0.577,0.547,0.001,0.994,0.158,0.264,Illinois,,,Education: Wants to study abroad in France,,,,,,#N/A,,Matt Robinson-Illinois-2060
78,Shelton Lindsay,LB,18,37,60,0.350,0.730,0.384,0.155,0.146,0.280,0.390,0.159,0.686,Florida,,,,,,,,,#N/A,,Shelton Lindsay-Florida-2060
79,Mitchell Bankhead,CB,18,45,68,0.076,0.279,0.849,0.667,0.649,0.128,0.930,0.795,0.788,Louisiana,,,Education: Wants to go to a public school,,,,,,#N/A,,Mitchell Bankhead-Louisiana-2060
80,Jamario Samuel,K,18,57,75,0.660,0.486,0.053,0.679,0.442,0.057,0.944,0.522,0.450,Massachusetts,,,Education: Wants to go to medical school,,,,,,#N/A,,Jamario Samuel-Massachusetts-2060
81,Blaster Laster,CB,18,45,68,0.055,0.325,0.760,0.790,0.166,0.844,0.774,0.579,0.554,Virginia,Virginia,,,,,,,,#N/A,,Blaster Laster-Virginia-2060
82,Shaun Hall,RB,18,40,62,0.960,0.700,0.235,0.475,0.527,0.594,0.076,0.817,0.559,Minnesota,,,"Location: Has family in New Jersey, and wants them to see one of his games.",,,,,,#N/A,,Shaun Hall-Minnesota-2060
83,Lawson Manley,LB,18,37,59,0.149,0.670,0.411,0.646,0.035,0.536,0.690,0.836,0.894,California,,,,,,,,,#N/A,,Lawson Manley-California-2060
84,Billy Gray,S,18,37,63,0.736,0.683,0.007,0.447,0.698,0.416,0.437,0.521,0.170,Arkansas,,,,,,,,,#N/A,,Billy Gray-Arkansas-2060
85,Shaquille Washington,S,18,37,62,0.566,0.964,0.354,0.311,0.294,0.973,0.439,0.944,0.750,Utah,,,Prestige: Wants to play for a team that's dominated their conference,,,,,,#N/A,,Shaquille Washington-Utah-2060
86,Sum Adderley,S,18,37,65,0.641,0.240,0.141,0.236,0.776,0.889,0.080,0.743,0.880,Pennsylvania,Delaware,,,,,,,,#N/A,,Sum Adderley-Pennsylvania-2060
87,Nick Brown,RB,18,40,66,0.483,0.887,0.495,0.356,0.269,0.974,0.624,0.767,0.165,Louisiana,,,Prestige: Would like to win as many bowl games as possible during his career,,,,,,#N/A,,Nick Brown-Louisiana-2060
88,Brett Galland,S,18,37,64,0.506,0.719,0.446,0.276,0.765,0.712,0.379,0.192,0.934,California,,,Tradition: Wants to hear about your school's unique traditions,,,,,,#N/A,,Brett Galland-California-2060
89,Archer Frost,DL,18,39,66,0.661,0.453,0.967,0.502,0.240,0.332,0.018,0.013,0.531,South Georgia and the South Sandwich Islands,,,Playing Time: Wants to see consistent playing time every season.,,,,,,#N/A,,Archer Frost-South Georgia and the South Sandwich Islands-2060
90,Jeremy Cullen,DL,18,39,68,0.519,0.679,0.219,0.517,0.904,0.861,0.208,0.361,0.499,West Virginia,,,ProPotential: Has dreams of eventually becoming a first-round pick.,,,,,,#N/A,,Jeremy Cullen-West Virginia-2060
91,Peter McGill,DL,18,39,68,0.004,0.895,0.786,0.729,0.696,0.455,0.868,0.610,0.130,Alabama,,,,,,,,,#N/A,,Peter McGill-Alabama-2060
92,Steven Barbe,S,18,37,62,0.111,0.539,0.556,0.864,0.746,0.652,0.195,0.763,0.695,"Quebec, Canada",,,,,,,,,#N/A,,"Steven Barbe-Quebec, Canada-2060"
93,Devin Davidson,DL,18,39,70,0.372,0.690,0.344,0.943,0.227,0.518,0.034,0.444,0.426,Louisiana,,,Coach: Wants to know what role his position plays in the coach's scheme.,,,,,,#N/A,,Devin Davidson-Louisiana-2060
94,Kenny Thomas,DL,18,39,69,0.625,0.070,0.142,0.448,0.761,0.649,0.530,0.351,0.749,California,,,,,,,,,#N/A,,Kenny Thomas-California-2060
95,Joe Myers,OL,18,38,66,0.258,0.776,0.882,0.475,0.580,0.889,0.452,0.357,0.461,Oregon,,,,,,,,,#N/A,,Joe Myers-Oregon-2060
96,Alex Ramsey,WR,18,42,68,0.172,0.934,0.805,0.719,0.727,0.992,0.414,0.173,0.998,Illinois,,,Tradition: Wants to play for a team with a long football history,,,,,,#N/A,,Alex Ramsey-Illinois-2060
97,Thomas Barr,WR,18,42,67,0.375,0.281,0.028,0.887,0.406,0.596,0.698,0.433,0.526,North Carolina,,,,,,,,,#N/A,,Thomas Barr-North Carolina-2060
98,Matt Rodgers,OL,18,38,65,0.002,0.415,0.669,0.735,0.560,0.346,0.273,0.077,0.941,North Carolina,,,Tradition: Wants to play for a team with a long football history,,,,,,#N/A,,Matt Rodgers-North Carolina-2060
99,Ben Etienne,LB,18,36,57,0.469,0.206,0.332,0.860,0.042,0.749,0.237,0.370,0.900,Washington D.C.,,,Tradition: Wants to play in front of lots of fans,,,,,,#N/A,,Ben Etienne-Washington D.C.-2060
100,Stanley Hosley,LB,18,36,59,0.424,0.493,0.424,0.011,0.710,0.854,0.421,0.087,0.021,North Carolina,,,,,,,,,#N/A,,Stanley Hosley-North Carolina-2060
101,Aaron Montes,DL,18,39,69,0.584,0.482,0.050,0.673,0.189,0.220,0.702,0.682,0.049,Oklahoma,,,,,,,,,#N/A,,Aaron Montes-Oklahoma-2060
102,Brandon White,CB,18,44,66,0.859,0.063,0.946,0.995,0.789,0.239,0.060,0.620,0.114,North Carolina,,,,,,,,,#N/A,,Brandon White-North Carolina-2060
103,Nick Faulkner,CB,18,44,68,0.904,0.960,0.334,0.775,0.503,0.928,0.217,0.374,0.447,Colorado,,,Winning: Wants to win a lot of conference games during his career,,,,,,#N/A,,Nick Faulkner-Colorado-2060
104,Cuban Bain,LB,18,36,57,0.066,0.459,0.693,0.729,0.975,0.893,0.877,0.229,0.412,Florida,Miami,,ProPotential: Has dreams of eventually becoming a first-round pick.,,,,,,#N/A,,Cuban Bain-Florida-2060
105,Mark Ross,RB,18,39,61,0.908,0.012,0.658,0.875,0.801,0.721,0.347,0.460,0.480,Kentucky,,,Location: Wants to play as close to his home state as possible.,,,,,,#N/A,,Mark Ross-Kentucky-2060
106,Jonathan Davis,QB,18,41,73,0.086,0.246,0.692,0.329,0.169,0.412,0.861,0.293,0.546,Florida,,,,,,,,,#N/A,,Jonathan Davis-Florida-2060
107,Cherry Lemon,WR,18,42,66,0.895,0.085,0.711,0.315,0.211,0.616,0.631,0.860,0.407,California,USC,,,,,,,,#N/A,,Cherry Lemon-California-2060
108,Daniel Sander,RB,18,39,64,0.085,0.840,0.344,0.543,0.005,0.514,0.102,0.290,0.994,Pennsylvania,,,,,,,,,#N/A,,Daniel Sander-Pennsylvania-2060
109,Jerry Ziegler,LB,18,36,59,0.619,0.365,0.016,0.359,0.168,0.009,0.392,0.799,0.404,New Jersey,,Florida,,,,,,,#N/A,,Jerry Ziegler-New Jersey-2060
110,Wrangler Rodriguez,LB,18,36,57,0.314,0.882,0.019,0.212,0.989,0.625,0.953,0.754,0.093,Texas,Texas Tech,,ProPotential: Has dreams of eventually becoming a first-round pick.,,,,,,#N/A,,Wrangler Rodriguez-Texas-2060
111,Kris Wolfley,LB,18,36,59,0.349,0.539,0.086,0.565,0.555,0.005,0.632,0.457,0.657,Pennsylvania,,,,,,,,,#N/A,,Kris Wolfley-Pennsylvania-2060
112,Dwayne Saunders,RB,18,39,62,0.695,0.246,0.712,0.981,0.345,0.053,0.951,1.000,0.927,Kansas,,,Campus: Would prefer to attend a school with a cold climate,,,,,,#N/A,,Dwayne Saunders-Kansas-2060
113,Teldrick Jenkins,S,18,36,62,0.987,0.862,0.457,0.086,0.583,0.093,0.231,0.367,0.508,Rhode Island,,,"Location: Has family in New Jersey, and wants them to see one of his games.",,,,,,#N/A,,Teldrick Jenkins-Rhode Island-2060
114,Chris Atkinson,S,18,36,61,0.798,0.051,0.053,0.904,0.134,0.752,0.968,0.574,0.192,Arizona,,,Education: Wants to study abroad in Italy,,,,,,#N/A,,Chris Atkinson-Arizona-2060
115,O.J. McCray,DL,18,38,67,0.705,0.443,0.347,0.398,0.584,0.843,0.605,0.378,0.757,Virginia,,,,,,,,,#N/A,,O.J. McCray-Virginia-2060
116,Ryan Swoopes,S,18,36,62,0.624,0.503,0.996,0.875,0.682,0.022,0.226,0.367,0.244,Wyoming,,,Playing Time: Wants to see consistent playing time every season.,,,,,,#N/A,,Ryan Swoopes-Wyoming-2060
117,Osa Preston,DL,18,38,65,0.061,0.121,0.993,0.452,0.897,0.802,0.762,0.372,0.664,Texas,,,Playing Time: Wants an important role on the offense/defense.,,,,,,#N/A,,Osa Preston-Texas-2060
118,Jackson Hidalgo,DL,18,38,68,0.768,0.762,0.693,0.294,0.314,0.341,0.614,0.380,0.451,Indiana,,,,,,,,,#N/A,,Jackson Hidalgo-Indiana-2060
119,James Pili,OL,18,37,62,0.909,0.810,0.873,0.123,0.311,0.386,0.636,0.343,0.331,Tennessee,Georgia Tech,,Location: Wants to play as many games in his home state as possible.,,,,,,#N/A,,James Pili-Tennessee-2060
120,Demon Emmanwori,S,18,36,60,0.422,0.257,0.927,0.312,0.237,0.280,0.477,0.469,0.767,South Carolina,South Carolina,,Playing Time: Wants to be the starter by his junior year at the latest.,,,,,,#N/A,,Demon Emmanwori-South Carolina-2060
121,Hubie Barry,S,18,36,63,0.723,0.760,0.491,0.205,0.329,0.787,0.564,0.910,0.428,Ohio,,,Campus: Wants to live in a major city,,,,,,#N/A,,Hubie Barry-Ohio-2060
122,Tommie Hunter,TE,18,33,55,0.617,0.948,0.818,0.282,0.561,0.312,0.996,0.513,0.110,Colorado,,,Education: Wants to study abroad in Greece,,,,,,#N/A,,Tommie Hunter-Colorado-2060
123,Brennon Bay,OL,18,37,63,0.129,0.521,0.244,0.550,0.187,0.095,0.017,0.496,0.502,Pennsylvania,,,,,,,,,#N/A,,Brennon Bay-Pennsylvania-2060
124,Lee Kleinschmidt,QB,18,40,72,0.124,0.484,0.354,0.689,0.048,0.240,0.104,0.654,0.279,Virginia,,,,,,,,,#N/A,,Lee Kleinschmidt-Virginia-2060
125,Tyler Mitchell,S,18,36,62,0.471,0.170,0.117,0.467,0.391,0.229,0.822,0.538,0.786,Georgia,,,,,,,,,#N/A,,Tyler Mitchell-Georgia-2060
126,Julion Wagner,DL,18,38,65,0.201,0.939,0.019,0.542,0.818,0.181,0.524,0.456,0.305,Florida,,Northwestern,,,,,,,#N/A,,Julion Wagner-Florida-2060
127,Jim Gettis,TE,18,33,54,0.581,0.602,0.543,0.550,0.344,0.499,0.146,0.687,0.005,Utah,,Rutgers,,,,,,,#N/A,,Jim Gettis-Utah-2060
128,Daniel Gallegos,TE,18,33,58,0.580,1.000,0.817,0.869,0.071,0.068,0.057,0.470,0.505,Texas,,,Winning: Doesn't want to experience a losing season during his career.,,,,,,#N/A,,Daniel Gallegos-Texas-2060
129,Jeffery Grant,OL,18,37,64,0.642,0.921,0.403,0.234,0.830,0.755,0.767,0.521,0.486,Virginia,,,,,,,,,#N/A,,Jeffery Grant-Virginia-2060
130,Malik Dean,WR,18,41,64,0.789,0.012,0.446,0.808,0.560,0.651,0.312,0.192,0.975,Ohio,,,Tradition: Wants to hear about your school's past star players,,,,,,#N/A,,Malik Dean-Ohio-2060
131,Josh McQuillan,WR,18,41,64,0.115,0.327,0.743,0.548,0.058,0.006,0.640,0.168,0.028,New Mexico,,,,,,,,,#N/A,,Josh McQuillan-New Mexico-2060
132,Stephen Cimino,OL,18,37,65,0.533,0.829,0.934,0.836,0.090,0.119,0.045,0.160,0.860,Minnesota,,Michigan State,Playing Time: Wants to see consistent playing time every season.,,,,,,#N/A,,Stephen Cimino-Minnesota-2060
133,Drew Turner,WR,18,41,65,0.217,0.888,0.566,0.751,0.915,0.933,0.262,0.067,0.813,Florida,,,Prestige: Wants to play for a team that's dominated their conference,,,,,,#N/A,,Drew Turner-Florida-2060
134,Jon Thomas,CB,18,43,66,0.712,0.007,0.689,0.601,0.725,0.918,0.586,0.013,0.466,California,,,Prestige: Wants to win a conference championship,,,,,,#N/A,,Jon Thomas-California-2060
135,John Riley,LB,18,35,56,0.878,0.507,0.071,0.431,0.196,0.093,0.998,0.177,0.727,Texas,,,Education: Wants to go to law school,,,,,,#N/A,,John Riley-Texas-2060
136,Brett Conte,LB,18,35,57,0.029,0.553,0.537,0.684,0.326,0.772,0.119,0.098,0.186,Wisconsin,,,,,,,,,#N/A,,Brett Conte-Wisconsin-2060
137,Jabari Brown,LB,18,35,56,0.658,0.519,0.506,0.554,0.926,0.410,0.585,0.131,0.274,Nevada,,,ProPotential: Has dreams of eventually becoming a first-round pick.,,,,,,#N/A,,Jabari Brown-Nevada-2060
138,Adrian Henson,LB,18,35,57,0.544,0.405,0.682,0.682,0.879,0.494,0.096,0.248,0.376,Florida,,,,,,,,,#N/A,,Adrian Henson-Florida-2060
139,Easton Davis,LB,18,35,55,0.700,0.382,0.704,0.269,0.283,0.221,0.684,0.098,0.878,Washington D.C.,,,,,,,,,#N/A,,Easton Davis-Washington D.C.-2060
140,Marcus Dowdy,RB,18,38,60,0.067,0.582,0.833,0.284,0.292,0.176,0.662,0.098,0.647,South Carolina,Cincinnati,,,,,,,,#N/A,,Marcus Dowdy-South Carolina-2060
141,Daniel Morgan,S,18,35,59,0.709,0.744,0.259,0.619,0.145,0.145,0.369,0.812,0.221,Hawaii,,,,,,,,,#N/A,,Daniel Morgan-Hawaii-2060
142,Jeff Nixon,OL,18,36,60,0.753,0.722,0.540,0.351,0.464,0.943,0.719,0.846,0.937,Idaho,,,,,,,,,#N/A,,Jeff Nixon-Idaho-2060
143,Denzel Lucas,OL,18,36,61,0.637,0.902,0.613,0.884,0.220,0.025,0.084,0.916,0.057,Ohio,,,Campus: Would prefer to attend a school with a rainy climate,,,,,,#N/A,,Denzel Lucas-Ohio-2060
144,Jake Ramsay,WR,18,40,66,0.520,0.612,0.526,0.446,0.850,0.397,0.346,0.168,0.794,Texas,,,,,,,,,#N/A,,Jake Ramsay-Texas-2060
145,Kyle Taylor,DL,18,37,64,0.482,0.916,0.537,0.937,0.246,0.451,0.120,0.153,0.101,California,,,Coach: Wants to play for a successful coach.,,,,,,#N/A,,Kyle Taylor-California-2060
146,Scott Gallon,DL,18,37,65,0.100,0.535,0.840,0.150,0.184,0.476,0.453,0.737,0.298,Wisconsin,,,,,,,,,#N/A,,Scott Gallon-Wisconsin-2060
147,Jesse Dickens,DL,18,37,65,0.423,0.816,0.895,0.740,0.643,0.818,0.364,0.429,0.309,North Carolina,,,,,,,,,#N/A,,Jesse Dickens-North Carolina-2060
148,Eddie Paige,DL,18,37,64,0.173,0.399,0.730,0.963,0.696,0.885,0.342,0.858,0.319,Delaware,,,Coach: Wants to play for a coach with a personal connection to their school,,,,,,#N/A,,Eddie Paige-Delaware-2060
149,Travis Smith,DL,18,37,67,0.671,0.811,0.401,0.105,0.522,0.537,0.759,0.188,0.685,Florida,,,,,,,,,#N/A,,Travis Smith-Florida-2060
150,E.J. Brown,S,18,35,59,0.703,0.987,0.341,0.415,0.066,0.931,0.791,0.417,0.374,Texas,,,,,,,,,#N/A,,E.J. Brown-Texas-2060
151,Josh Gray,OL,18,36,61,0.494,0.933,0.466,0.857,0.325,0.219,0.941,0.272,0.319,Arizona,,,Education: Wants to go to a public school,,,,,,#N/A,,Josh Gray-Arizona-2060
152,Deshawn Brown,OL,18,36,62,0.451,0.405,0.752,0.468,0.443,0.181,0.141,0.085,0.403,Georgia,,,,,,,,,#N/A,,Deshawn Brown-Georgia-2060
153,Tremayne Weiss,WR,18,40,65,0.219,0.181,0.020,0.932,0.990,0.033,0.108,0.431,0.307,Iowa,,,"ProPotential: Would like to be drafted in the top four rounds, if possible.",,,,,,#N/A,,Tremayne Weiss-Iowa-2060
154,Jeremy Bryant,WR,18,40,67,0.636,0.126,0.336,0.623,0.498,0.344,0.005,0.246,0.566,Vermont,,,,,,,,,#N/A,,Jeremy Bryant-Vermont-2060
155,Michael Osteen,DL,18,37,64,0.597,0.090,0.559,0.451,0.061,0.748,0.880,0.136,0.650,Louisiana,,,,,,,,,#N/A,,Michael Osteen-Louisiana-2060
156,Jamal May,DL,18,37,65,0.787,0.768,0.255,0.662,0.306,0.317,0.677,0.939,0.660,Utah,Clemson,,Campus: Wants the campus to be near water,,,,,,#N/A,,Jamal May-Utah-2060
157,Ty Wyatt,DL,18,37,63,0.315,0.536,0.962,0.895,0.064,0.544,0.343,0.585,0.892,Louisiana,,Northwestern,Playing Time: Would prefer to go somewhere he can start every season.,,,,,,#N/A,,Ty Wyatt-Louisiana-2060
158,Chris Bornes,QB,18,39,70,0.084,0.041,0.836,0.458,0.597,0.940,0.241,0.584,0.532,Iowa,,,,,,,,,#N/A,,Chris Bornes-Iowa-2060
159,Jamaal Lindstrom,S,18,35,58,0.967,0.874,0.069,0.764,0.978,0.577,0.288,0.700,0.780,Michigan,,,ProPotential: Has dreams of eventually becoming a first-round pick.,,,,,,#N/A,,Jamaal Lindstrom-Michigan-2060
160,Justin Mitchell,S,18,35,61,0.858,0.527,0.124,0.097,0.918,0.418,0.024,0.773,0.616,California,,,ProPotential: Has dreams of eventually becoming a first-round pick.,,,,,,#N/A,,Justin Mitchell-California-2060
161,Chris Rodgers,S,18,35,59,0.162,0.876,0.430,0.280,0.136,0.619,0.998,0.164,0.295,Arizona,,,Education: Wants to major in political science,,,,,,#N/A,,Chris Rodgers-Arizona-2060
162,Moriba Moriba,OL,18,36,60,0.630,0.330,0.558,0.024,0.596,0.098,0.438,0.927,0.366,Guinea,,,Campus: Wants the campus to be near water,,,,,,#N/A,,Moriba Moriba-Guinea-2060
163,Howard Coleman,OL,18,36,63,0.500,0.900,0.440,0.154,0.280,0.225,0.452,0.698,0.286,Arizona,,,Winning: Would prefer to play for a team coming off at least 3 consecutive winning seasons.,,,,,,#N/A,,Howard Coleman-Arizona-2060
164,Seth Evans,OL,18,36,64,0.850,0.036,0.385,0.340,0.174,0.575,0.875,0.585,0.314,Iowa,,,,,,,,,#N/A,,Seth Evans-Iowa-2060
165,Will Bradley,OL,18,36,60,0.568,0.841,0.389,0.199,0.116,0.651,0.222,0.884,0.281,Arizona,,Texas Christian,,,,,,,#N/A,,Will Bradley-Arizona-2060
166,Jordan Sturdivant,DL,18,37,63,0.938,0.087,0.278,0.737,0.526,0.550,0.985,0.943,0.985,North Carolina,,,Tradition: Wants to hear about your school's fan support,,,,,,#N/A,,Jordan Sturdivant-North Carolina-2060
167,Joseph Smith,DL,18,37,67,0.336,0.504,0.423,0.808,0.999,0.880,0.272,0.232,0.703,Florida,,,ProPotential: Is a fan of the Eagles,,,,,,#N/A,,Joseph Smith-Florida-2060
168,Adam Stone,DL,18,37,67,0.765,0.006,0.851,0.089,0.117,0.222,0.134,0.520,0.139,North Carolina,Montana State,,,,,,,,#N/A,,Adam Stone-North Carolina-2060
169,Terrence Shrader,S,18,35,61,0.036,0.319,0.598,0.268,0.688,0.128,0.656,0.117,0.268,New Jersey,,,,,,,,,#N/A,,Terrence Shrader-New Jersey-2060
170,Myles Donnelly,S,18,35,58,0.224,0.255,0.422,0.953,0.392,0.852,0.736,0.414,0.293,Texas,,,Coach: Wants to play for a coach who is known to keep promises.,,,,,,#N/A,,Myles Donnelly-Texas-2060
171,Jeremy Stevenson,S,18,35,60,0.809,0.017,0.762,0.613,0.487,0.208,0.281,0.905,0.333,Illinois,,,Campus: Wants to go to college in a smaller town,,,,,,#N/A,,Jeremy Stevenson-Illinois-2060
172,Aaron Alston,CB,18,42,66,0.304,0.671,0.790,0.486,0.780,0.858,0.453,0.131,0.196,California,,,,,,,,,#N/A,,Aaron Alston-California-2060
173,Matt Furlow,WR,18,40,64,0.709,0.920,0.122,0.628,0.821,0.353,0.461,0.486,0.845,Texas,,,,,,,,,#N/A,,Matt Furlow-Texas-2060
174,Brock Davis,TE,18,32,53,0.161,0.881,0.916,0.575,0.193,0.935,0.459,0.856,0.653,California,,,Prestige: Wants to help increase a team's prestige,,,,,,#N/A,,Brock Davis-California-2060
175,Brad Glenn,DL,18,37,66,0.766,0.432,0.567,0.594,0.982,0.956,0.424,0.622,0.466,Alabama,,,ProPotential: Has dreams of eventually becoming a first-round pick.,,,,,,#N/A,,Brad Glenn-Alabama-2060
176,Tre Lewis,QB,18,39,67,0.203,0.188,0.802,0.675,0.611,0.155,0.241,0.887,0.585,Missouri,,,,,,,,,#N/A,,Tre Lewis-Missouri-2060
177,Spencer Wilkes,QB,18,39,70,0.193,0.805,0.045,0.181,0.854,0.204,0.754,0.628,0.927,Washington,Vanderbilt,,Tradition: Wants to play for a team that has dominated their rivals,,,,,,#N/A,,Spencer Wilkes-Washington-2060
178,Antonio Mendoza,QB,18,39,69,0.535,0.550,0.222,0.463,0.593,0.394,0.054,0.797,0.561,Florida,Indiana,,,,,,,,#N/A,,Antonio Mendoza-Florida-2060
179,Khalil Williamson,S,18,35,58,0.835,0.129,0.911,0.038,0.802,0.396,0.560,0.896,0.310,California,,,Playing Time: Does not want to have to compete with higher-ranked recruits.,,,,,,#N/A,,Khalil Williamson-California-2060
180,Aito-Pierre Rere,WR,18,40,64,0.055,0.455,0.261,0.408,0.542,0.210,0.728,0.314,0.780,French Polynesia,,,,,,,,,#N/A,,Aito-Pierre Rere-French Polynesia-2060
181,Malcolm Cherry,DL,18,37,66,0.058,0.316,0.734,0.327,0.288,0.770,0.930,0.507,0.354,Florida,,,Education: Wants to major in linguistics,,,,,,#N/A,,Malcolm Cherry-Florida-2060
182,Joe Daniel,RB,18,37,62,0.823,0.025,0.159,0.713,0.792,0.985,0.893,0.487,0.926,Alabama,,,Prestige: Would like to win as many bowl games as possible during his career,,,,,,#N/A,,Joe Daniel-Alabama-2060
183,Calob Hagan,TE,18,32,55,0.364,0.523,0.969,0.875,0.408,0.669,0.581,0.368,0.184,Kentucky,,,Playing Time: Wants to be the starter by his junior year at the latest.,,,,,,#N/A,,Calob Hagan-Kentucky-2060
184,Aaron Phillips,LB,18,34,57,0.529,0.229,0.124,0.350,0.047,0.922,0.922,0.050,0.856,Utah,,,Prestige: Would like to play in a bowl game every year,,,,,,#N/A,,Aaron Phillips-Utah-2060
185,Chris Jackson,RB,18,37,59,0.512,0.504,0.194,0.269,0.283,0.729,0.164,0.216,0.646,Massachusetts,,,,,,,,,#N/A,,Chris Jackson-Massachusetts-2060
186,Willie Williams,RB,18,37,62,0.056,0.907,0.606,0.531,0.165,0.723,0.477,0.111,0.293,Georgia,,,,,,,,,#N/A,,Willie Williams-Georgia-2060
187,Danny Tillman,TE,18,32,55,0.381,0.949,0.827,0.163,0.833,0.395,0.931,0.779,0.389,Ohio,,,,,,,,,#N/A,,Danny Tillman-Ohio-2060
188,Corey Larson,TE,18,32,52,0.599,0.556,0.665,0.574,0.554,0.274,0.914,0.055,0.728,South Carolina,,,Education: Wants to go to a private school,,,,,,#N/A,,Corey Larson-South Carolina-2060
189,Alfonzo Williamson,LB,18,34,57,0.594,0.136,0.763,0.932,0.737,0.136,0.640,0.051,0.661,Ohio,,,Coach: Wants to play for the same coach his entire career.,,,,,,#N/A,,Alfonzo Williamson-Ohio-2060
190,Soni Griffin,LB,18,34,55,0.766,0.966,0.394,0.721,0.516,0.868,0.162,0.412,0.414,Georgia,,,Winning: Would prefer to play for a team coming off at least 3 consecutive winning seasons.,,,,,,#N/A,,Soni Griffin-Georgia-2060
191,T.C. Reighard,LB,18,34,56,0.107,0.822,0.981,0.522,0.751,0.486,0.271,0.076,0.538,Louisiana,,,Playing Time: Would prefer to go somewhere he can start every season.,,,,,,#N/A,,T.C. Reighard-Louisiana-2060
192,Alex Arnett,LB,18,34,58,0.870,0.288,0.684,0.618,0.370,0.580,0.826,0.204,0.705,New York,,,,,,,,,#N/A,,Alex Arnett-New York-2060
193,Seamus Manning,RB,18,37,59,0.012,0.019,0.644,0.875,0.734,0.907,0.927,0.819,0.859,New Jersey,,,Education: Wants to study abroad in Germany,,,,,,#N/A,,Seamus Manning-New Jersey-2060
194,Darian Russell,RB,18,37,59,0.579,0.624,0.786,0.527,0.396,0.038,0.118,0.014,0.057,Florida,,,,,,,,,#N/A,,Darian Russell-Florida-2060
195,Chris Owens,WR,18,39,62,0.290,0.136,0.364,0.208,0.739,0.958,0.995,0.424,0.025,Florida,,,Education: Wants to go to a private school,,,,,,#N/A,,Chris Owens-Florida-2060
196,Keston Anderson,WR,18,39,62,0.314,0.662,0.061,0.397,0.915,0.619,0.839,0.458,0.592,Maryland,,,ProPotential: Has dreams of eventually becoming a first-round pick.,,,,,,#N/A,,Keston Anderson-Maryland-2060
197,Phillip Harris,WR,18,39,65,0.624,0.496,0.538,0.110,0.104,0.631,0.291,0.729,0.936,Kansas,,,,,,,,,#N/A,,Phillip Harris-Kansas-2060
198,Cory Winkel,S,18,34,58,0.003,0.969,0.677,0.926,0.787,0.656,0.815,0.605,0.611,Tennessee,,,,,,,,,#N/A,,Cory Winkel-Tennessee-2060
199,Blaise Brown,DL,18,36,64,0.832,0.665,0.731,0.089,0.170,0.688,0.329,0.896,0.732,Ohio,,,,,,,,,#N/A,,Blaise Brown-Ohio-2060
200,Ronald Nesmith,DL,18,36,63,0.807,0.716,0.091,0.214,0.392,0.931,0.172,0.913,0.321,Alabama,,,Prestige: Wants to win a conference championship,,,,,,#N/A,,Ronald Nesmith-Alabama-2060
201,Caleb McGriff,DL,18,36,65,0.431,0.804,0.950,0.653,0.808,0.528,0.601,0.942,0.683,Alabama,,,Playing Time: Wants to be the starter by his sophomore year at the latest.,,,,,,#N/A,,Caleb McGriff-Alabama-2060
202,Byron Davis,WR,18,39,62,0.276,0.605,0.331,0.264,0.581,0.968,0.286,0.609,0.042,Florida,,,Prestige: Wants to help increase a team's prestige,,,,,,#N/A,,Byron Davis-Florida-2060
203,Kelvin Stubbs,WR,18,39,64,0.995,0.805,0.113,0.179,0.490,0.476,0.774,0.282,0.049,Georgia,,,Location: Wants to play in a similar climate to his home state.,,,,,,#N/A,,Kelvin Stubbs-Georgia-2060
204,Jerrold Dennis,WR,18,39,62,0.616,0.619,0.896,0.073,0.217,0.447,0.578,0.036,0.556,Georgia,Tulsa,,,,,,,,#N/A,,Jerrold Dennis-Georgia-2060
205,Garnett Brown,QB,18,38,65,0.891,0.544,0.585,0.733,0.872,0.289,0.952,0.827,0.979,Alabama,,,Tradition: Wants to play on primetime TV,,,,,,#N/A,,Garnett Brown-Alabama-2060
206,Jamie Mickens,CB,18,41,62,0.717,0.549,0.769,0.527,0.729,0.889,0.127,0.894,0.014,Ohio,,,,,,,,,#N/A,,Jamie Mickens-Ohio-2060
207,Michael Livingston,S,18,34,59,0.742,0.855,0.070,0.534,0.575,0.484,0.730,0.998,0.784,Pennsylvania,,,Campus: Would prefer to attend a school with a rainy climate,,,,,,#N/A,,Michael Livingston-Pennsylvania-2060
208,Justin Lamb,S,18,34,59,0.630,0.816,0.359,0.536,0.432,0.069,0.902,0.532,0.035,Florida,,,Education: Wants to hear how your school supports athletes academically,,,,,,#N/A,,Justin Lamb-Florida-2060
209,Spencer Hollins,DL,18,36,63,0.268,0.940,0.602,0.022,0.630,0.258,0.071,0.254,0.016,Florida,,,Winning: Wants to win a lot of conference games during his career,,,,,,#N/A,,Spencer Hollins-Florida-2060
210,Darreon Stoner,DL,18,36,63,0.870,0.422,0.132,0.421,0.626,0.011,0.701,0.600,0.558,Ohio,,,,,,,,,#N/A,,Darreon Stoner-Ohio-2060
211,Branden Hoyte,DL,18,36,62,0.641,0.673,0.457,0.243,0.267,0.107,0.238,0.328,0.521,Florida,,,,,,,,,#N/A,,Branden Hoyte-Florida-2060
212,Martez Sweetser,OL,18,35,59,0.468,0.272,0.445,0.368,0.078,0.764,0.539,0.425,0.446,Maryland,,,,,,,,,#N/A,,Martez Sweetser-Maryland-2060
213,Ryan Scherer,WR,18,39,66,0.749,0.661,0.417,0.967,0.125,0.940,0.068,0.779,0.980,South Carolina,,,Tradition: Wants to play in important rivalry games,,,,,,#N/A,,Ryan Scherer-South Carolina-2060
214,Kory Ward,WR,18,39,66,0.891,0.130,0.249,0.857,0.281,0.216,0.281,0.169,0.467,North Carolina,,,,,,,,,#N/A,,Kory Ward-North Carolina-2060
215,James Thompson,QB,18,38,69,0.097,0.087,0.473,0.988,0.158,0.582,0.909,0.318,0.599,Virginia,,,Coach: Wants to play for a successful coach.,,,,,,#N/A,,James Thompson-Virginia-2060
216,Christopher Stamps,S,18,34,60,0.776,0.996,0.473,0.318,0.994,0.246,0.139,0.075,0.499,Nevada,,,,,,,,,#N/A,,Christopher Stamps-Nevada-2060
217,Tom Watkins,S,18,34,59,0.052,0.977,0.146,0.265,0.589,0.046,0.123,0.425,0.617,Florida,,,Winning: Wants to win a lot of conference games during his career,,,,,,#N/A,,Tom Watkins-Florida-2060
218,Zac Hinton,DL,18,36,63,0.039,0.318,0.391,0.435,0.100,0.464,0.969,0.210,0.744,Florida,,,Education: Wants to study abroad in Japan,,,,,,#N/A,,Zac Hinton-Florida-2060
219,Reno Willis,DL,18,36,63,0.594,0.109,0.837,0.140,0.193,0.228,0.287,0.471,0.926,Pennsylvania,,,Tradition: Wants to play in front of lots of fans,,,,,,#N/A,,Reno Willis-Pennsylvania-2060
220,Mike Howard,OL,18,35,61,0.955,0.443,0.899,0.478,0.776,0.315,0.778,0.071,0.473,Ohio,,,"Location: Has family in New York, and wants them to see one of his games.",,,,,,#N/A,,Mike Howard-Ohio-2060
221,Jacob Johnson,WR,18,39,64,0.273,0.689,0.779,0.806,0.086,0.425,0.248,0.870,0.362,Florida,,,,,,,,,#N/A,,Jacob Johnson-Florida-2060
222,Johnny Hill,WR,18,39,64,0.840,0.927,0.655,0.968,0.635,0.487,0.006,0.945,0.782,Utah,,,Coach: Wants to be assured that his coach won't cut him.,,,,,,#N/A,,Johnny Hill-Utah-2060
223,Shamar Darroux,QB,18,38,67,0.057,0.021,0.002,0.622,0.680,0.988,0.062,0.032,0.485,British Virgin Islands,,,Prestige: Has ambitions of winning a national championship game,,,,,,#N/A,,Shamar Darroux-British Virgin Islands-2060
224,Darrien Patterson,DL,18,36,62,0.285,0.374,0.416,0.771,0.716,0.519,0.875,0.166,0.926,Florida,,,Tradition: Wants to play on primetime TV,,,,,,#N/A,,Darrien Patterson-Florida-2060
225,Allen Spears,DL,18,36,63,0.835,0.817,0.629,0.951,0.546,0.005,0.359,0.227,0.927,Alabama,,,,,,,,,#N/A,,Allen Spears-Alabama-2060
226,Evan McIntyre,DL,18,36,63,0.473,0.285,0.738,0.150,0.522,0.335,0.796,0.572,0.666,Alabama,,,,,,,,,#N/A,,Evan McIntyre-Alabama-2060
227,Jamar Timmons,DL,18,36,63,0.403,0.645,0.515,0.867,0.833,0.099,0.812,0.033,0.522,Tennessee,Navy,,,,,,,,#N/A,,Jamar Timmons-Tennessee-2060
228,Sean Chapman,DL,18,36,62,0.903,0.235,0.765,0.336,0.371,0.853,0.589,0.660,0.439,Florida,,,Location: Wants to play as many games in his home state as possible.,,,,,,#N/A,,Sean Chapman-Florida-2060
229,Jake Wacha,DL,18,36,62,0.446,0.276,0.660,0.844,0.636,0.542,0.508,0.311,0.581,Oregon,,,,,,,,,#N/A,,Jake Wacha-Oregon-2060
230,Jake Omoregie,DL,18,36,62,0.207,0.315,0.906,0.999,0.883,0.919,0.294,0.059,0.912,Texas,,,Coach: Would like to see the coach sign an extension during his time at the school,,,,,,#N/A,,Jake Omoregie-Texas-2060
231,Cornelius Martin,OL,18,35,60,0.844,0.666,0.727,0.006,0.110,0.081,0.182,0.500,0.098,California,,,,,,,,,#N/A,,Cornelius Martin-California-2060
232,Spencer Clarke,OL,18,35,59,0.387,0.144,0.419,0.712,0.048,0.851,0.030,0.953,0.252,Texas,,,Campus: Wants the campus to be near water,,,,,,#N/A,,Spencer Clarke-Texas-2060
233,Ivan Diaz,OL,18,35,58,0.166,0.861,0.824,0.564,0.109,0.359,0.263,0.191,0.633,Washington D.C.,,,,,,,,,#N/A,,Ivan Diaz-Washington D.C.-2060
234,Carlos Sargent,TE,18,31,51,0.246,0.591,0.812,0.813,0.918,0.987,0.663,0.521,0.203,Hawaii,,,,,,,,,#N/A,,Carlos Sargent-Hawaii-2060
235,Deshon Olive,DL,18,36,65,0.534,0.712,0.309,0.091,0.160,0.912,0.711,0.142,0.906,North Carolina,,Duke,Prestige: Has ambitions of winning a national championship game,,,,,,#N/A,,Deshon Olive-North Carolina-2060
236,Rashaun Blaylock,DL,18,36,66,0.759,0.118,0.485,0.003,0.883,0.568,0.644,0.292,0.374,Texas,,,,,,,,,#N/A,,Rashaun Blaylock-Texas-2060
237,Tyler Smith,OL,18,35,59,0.798,0.692,0.646,0.315,0.572,0.453,0.928,0.113,0.014,Florida,,,Education: Wants to study abroad in Brazil,,,,,,#N/A,,Tyler Smith-Florida-2060
238,Jeff Vance,OL,18,35,59,0.187,0.172,0.448,0.993,0.047,0.226,0.027,0.604,0.215,North Carolina,,,Coach: Wants to play for a coach with a personal connection to their school,,,,,,#N/A,,Jeff Vance-North Carolina-2060
239,Allen Veteto,OL,18,35,59,0.689,0.983,0.222,0.516,0.406,0.235,0.844,0.638,0.963,California,Kentucky,,,,,,,,#N/A,,Allen Veteto-California-2060
240,Alan Brown,OL,18,35,59,0.549,0.294,0.488,0.433,0.399,0.626,0.308,0.100,0.310,Florida,Iowa State,,,,,,,,#N/A,,Alan Brown-Florida-2060
241,Kyle Cullen,OL,18,35,62,0.049,0.897,0.909,0.526,0.868,0.308,0.484,0.356,0.222,South Carolina,,,Playing Time: Wants to be the starter by his junior year at the latest.,,,,,,#N/A,,Kyle Cullen-South Carolina-2060
242,Leroy Clark,OL,18,35,61,0.400,0.387,0.911,0.213,0.928,0.533,0.930,0.981,0.382,Georgia,,,Campus: Would prefer to attend a school with a smaller student body population,,,,,,#N/A,,Leroy Clark-Georgia-2060
243,Brayden Laney,CB,18,41,64,0.438,0.650,0.067,0.028,0.926,0.627,1.000,0.139,0.115,Wisconsin,,,Education: Wants to study abroad in Greece,,,,,,#N/A,,Brayden Laney-Wisconsin-2060
244,Jace Drummond,QB,18,38,66,0.215,0.467,0.437,0.010,0.389,0.729,0.227,0.645,0.833,Texas,,,,,,,,,#N/A,,Jace Drummond-Texas-2060
245,Coleman Hunter,OL,18,35,59,0.119,0.720,0.421,0.689,0.607,0.528,0.892,0.405,0.311,Alaska,Oregon,,,,,,,,#N/A,,Coleman Hunter-Alaska-2060
246,Chris Hagg,OL,18,35,59,0.018,0.969,0.867,0.135,0.910,0.835,0.618,0.386,0.590,Virginia,,,,,,,,,#N/A,,Chris Hagg-Virginia-2060
247,Zac Steward,OL,18,35,62,0.225,0.872,0.021,0.671,0.522,0.540,0.979,0.941,0.042,Delaware,,,Education: Wants to go to a school with smaller class sizes,,,,,,#N/A,,Zac Steward-Delaware-2060
248,Drew Smith,OL,18,35,60,0.597,0.464,0.483,0.311,0.711,0.756,0.503,0.250,0.358,Wisconsin,Nevada,,,,,,,,#N/A,,Drew Smith-Wisconsin-2060
249,Johnathon Russo,OL,18,35,59,0.635,0.444,0.562,0.998,0.727,0.900,0.659,0.892,0.045,Indiana,,,Coach: Wants to be assured that his coach won't cut him.,,,,,,#N/A,,Johnathon Russo-Indiana-2060
250,Neil Doss,OL,18,35,61,0.919,0.274,0.557,0.048,0.012,0.220,0.601,0.393,0.077,Texas,,,Location: Wants to play as many games in his home state as possible.,,,,,,#N/A,,Neil Doss-Texas-2060
251,Kyle Connors,LB,18,33,55,0.775,0.274,0.891,0.754,0.629,0.266,0.379,0.346,0.832,Louisiana,,,,,,,,,#N/A,,Kyle Connors-Louisiana-2060
252,Darris Traxler,LB,18,33,57,0.286,0.516,0.730,0.797,0.135,0.867,0.337,0.644,0.310,Texas,,,,,,,,,#N/A,,Darris Traxler-Texas-2060
253,Josh Kava,RB,18,36,60,0.138,0.450,0.490,0.356,0.364,0.840,0.383,0.119,0.845,California,,,,,,,,,#N/A,,Josh Kava-California-2060
254,Steve Rollins,LB,18,33,53,0.027,0.593,0.935,0.571,0.283,0.568,0.014,0.489,0.529,Ohio,,,Playing Time: Wants to put up big stats.,,,,,,#N/A,,Steve Rollins-Ohio-2060
255,Tau Talagi,TE,18,31,55,0.305,0.945,0.166,0.478,0.944,0.392,0.151,0.645,0.033,Niue,,,,,,,,,#N/A,,Tau Talagi-Niue-2060
256,Jacob Glasco,LB,18,33,57,0.751,0.031,0.289,0.407,0.686,0.822,0.167,0.589,0.572,Georgia,,,,,,,,,#N/A,,Jacob Glasco-Georgia-2060
257,Ryan Gantz,LB,18,33,57,0.663,0.533,0.641,0.144,0.689,0.266,0.336,0.629,0.619,Washington,,,,,,,,,#N/A,,Ryan Gantz-Washington-2060
258,Albert Hobbs,LB,18,33,56,0.484,0.954,0.079,0.823,0.520,0.311,0.213,0.869,0.230,Oklahoma,,,,,,,,,#N/A,,Albert Hobbs-Oklahoma-2060
259,Chevis Felder,LB,18,33,53,0.855,0.524,0.345,0.166,0.517,0.562,0.906,0.787,0.508,Florida,,,Education: Wants to study abroad in France,,,,,,#N/A,,Chevis Felder-Florida-2060
260,Bryon McLaughlin,RB,18,36,59,0.823,0.897,0.440,0.612,0.004,0.057,0.712,0.380,0.516,Louisiana,,,,,,,,,#N/A,,Bryon McLaughlin-Louisiana-2060
261,Liam Miller,LB,18,33,53,0.283,0.092,0.439,0.187,0.871,0.789,0.990,0.192,0.138,Tennessee,,,Education: Wants to go to a private school,,,,,,#N/A,,Liam Miller-Tennessee-2060
262,Cole Adams,LB,18,33,53,0.777,0.175,0.307,0.278,0.643,0.418,0.652,0.757,0.358,North Dakota,Houston,,,,,,,,#N/A,,Cole Adams-North Dakota-2060
263,Chase Simpson,LB,18,33,54,0.398,0.760,0.210,0.129,0.334,0.993,0.085,0.729,0.335,Texas,,,Prestige: Has ambitions of winning a national championship game,,,,,,#N/A,,Chase Simpson-Texas-2060
264,Damion Ulrich,WR,18,38,60,0.668,0.723,0.858,0.577,0.153,0.954,0.796,0.374,0.345,Texas,,,Prestige: Wants to help increase a team's prestige,,,,,,#N/A,,Damion Ulrich-Texas-2060
265,Brandon Strong,WR,18,38,60,0.892,0.137,0.912,0.750,0.745,0.819,0.814,0.793,0.201,California,,,Playing Time: Wants to be the starter by his junior year at the latest.,,,,,,#N/A,,Brandon Strong-California-2060
266,Jalen Tyree,WR,18,38,62,0.693,0.352,0.545,0.852,0.685,0.230,0.574,0.018,0.000,Colorado,,,,,,,,,#N/A,,Jalen Tyree-Colorado-2060
267,Mason Barrett,WR,18,38,64,0.611,0.997,0.175,0.080,0.321,0.133,0.638,0.724,0.470,Alabama,,,,,,,,,#N/A,,Mason Barrett-Alabama-2060
268,Davion Adeyeye,CB,18,40,64,0.682,0.229,0.223,0.508,0.942,0.114,0.035,0.287,0.474,Virginia,,,ProPotential: Wants to play for a school that has produced a lot of pros at his position.,,,,,,#N/A,,Davion Adeyeye-Virginia-2060
269,Bryan Russell,RB,18,36,57,0.910,0.153,0.294,0.005,0.312,0.577,0.594,0.705,0.384,Massachusetts,,,Location: Doesn't want to go outside his home region.,,,,,,#N/A,,Bryan Russell-Massachusetts-2060
270,Freddie Kaminski,DL,18,35,63,0.069,0.410,0.349,0.649,0.293,0.301,0.224,0.260,0.211,Florida,,,,,,,,,#N/A,,Freddie Kaminski-Florida-2060
271,Justin Clark,DL,18,35,65,0.037,0.402,0.328,0.673,0.089,0.048,0.456,0.746,0.874,Wisconsin,,,,,,,,,#N/A,,Justin Clark-Wisconsin-2060
272,Easton Buck,DL,18,35,62,0.856,0.344,0.167,0.826,0.267,0.372,0.954,0.569,0.479,Texas,,,Education: Wants to hear how your school supports athletes academically,,,,,,#N/A,,Easton Buck-Texas-2060
273,Wil Fulgham,S,18,33,59,0.030,0.736,0.497,0.364,0.734,0.248,0.971,0.457,0.868,Utah,,,Education: Wants to major in sports science,,,,,,#N/A,,Wil Fulgham-Utah-2060
274,Levi Watkins,LB,18,33,57,0.627,0.828,0.663,0.174,0.798,0.955,0.330,0.635,0.511,California,,,Prestige: Wants to help increase a team's prestige,,,,,,#N/A,,Levi Watkins-California-2060
275,Graham Truitt,LB,18,33,57,0.685,0.386,0.269,0.171,0.659,0.588,0.371,0.088,0.329,Nevada,,,,,,,,,#N/A,,Graham Truitt-Nevada-2060
276,Adrian Paine,LB,18,33,55,0.019,0.423,0.437,0.309,0.198,0.786,0.880,0.834,0.656,Florida,,,,,,,,,#N/A,,Adrian Paine-Florida-2060
277,Joe Williams,WR,18,38,60,0.627,0.565,0.802,0.248,0.029,0.506,0.920,0.608,0.457,Florida,,,Education: Wants to major in geology,,,,,,#N/A,,Joe Williams-Florida-2060
278,Bryant Pryor,DL,18,35,63,0.876,0.136,0.816,0.766,0.447,0.912,0.351,0.066,0.524,Florida,,,Prestige: Would like to play in a bowl game every year,,,,,,#N/A,,Bryant Pryor-Florida-2060
279,Daniel Landor,DL,18,35,65,0.986,0.602,0.397,0.475,0.889,0.197,0.187,0.696,0.237,Ohio,Alaska-Anchorage,,Location: Doesn't want to go outside his home region.,,,,,,#N/A,,Daniel Landor-Ohio-2060
280,Corey Gilbert,DL,18,35,64,0.032,0.407,0.364,0.925,0.551,0.790,0.981,0.965,0.645,Florida,,,Education: Wants to study abroad in Germany,,,,,,#N/A,,Corey Gilbert-Florida-2060
281,Terrance Hall,DL,18,35,65,0.924,0.729,0.999,0.371,0.312,0.422,0.390,0.518,0.607,Georgia,,,Playing Time: Wants the chance to win a national award,,,,,,#N/A,,Terrance Hall-Georgia-2060
282,Caleb Barbour,OL,18,34,60,0.948,0.369,0.483,0.464,0.121,0.924,0.576,0.688,0.093,Texas,,,"Location: Has family in Arizona, and wants them to see one of his games.",,,,,,#N/A,,Caleb Barbour-Texas-2060
283,Quincy Ibekwe,WR,18,38,62,0.422,0.111,0.888,0.741,0.301,0.221,0.875,0.163,0.259,Ohio,,,,,,,,,#N/A,,Quincy Ibekwe-Ohio-2060
284,Tray McCoy,S,18,33,58,0.438,0.669,0.199,0.692,0.453,0.237,0.172,0.224,0.645,New Jersey,,,,,,,,,#N/A,,Tray McCoy-New Jersey-2060
285,Chandler Davis,CB,18,40,65,0.595,0.624,0.694,0.369,0.040,0.324,0.384,0.952,0.033,California,,Nebraska,Campus: Would prefer to attend a school with a cold climate,,,,,,#N/A,,Chandler Davis-California-2060
286,Aaron Conant,CB,18,40,61,0.454,0.165,0.354,0.514,0.917,0.059,0.495,0.871,0.072,Washington D.C.,,,ProPotential: Is a fan of the Jaguars,,,,,,#N/A,,Aaron Conant-Washington D.C.-2060
287,Grant Harris,QB,18,37,65,0.083,0.771,0.174,0.595,0.540,0.951,0.759,0.425,0.798,Georgia,,,,,,,,,#N/A,,Grant Harris-Georgia-2060
288,D.J. Durham,DL,18,35,64,0.300,0.762,0.654,0.532,0.967,0.132,0.211,0.407,0.676,Oklahoma,,,ProPotential: Is a fan of the Cardinals,,,,,,#N/A,,D.J. Durham-Oklahoma-2060
289,Tyler Carroll,DL,18,35,65,0.002,0.668,0.486,0.659,0.388,0.545,0.358,0.226,0.183,Florida,,,,,,,,,#N/A,,Tyler Carroll-Florida-2060
290,Shiloh Beavers,DL,18,35,65,0.927,0.878,0.003,0.232,0.321,0.960,0.979,0.310,0.193,Illinois,,,Education: Wants to study abroad in Denmark,,,,,,#N/A,,Shiloh Beavers-Illinois-2060
291,Adam Frierson,OL,18,34,60,0.853,0.691,0.396,0.533,0.741,0.210,0.227,0.122,0.955,Georgia,,,Tradition: Wants to hear about your school's unique traditions,,,,,,#N/A,,Adam Frierson-Georgia-2060
292,Devin Jenkins,OL,18,34,61,0.959,0.275,0.037,0.732,0.215,0.403,0.195,0.871,0.037,California,Missouri,,"Location: Has family in Pennsylvania, and wants them to see one of his games.",,,,,,#N/A,,Devin Jenkins-California-2060
293,Alex Harris,OL,18,34,61,0.926,0.827,0.246,0.745,0.573,0.085,0.934,0.781,0.700,Utah,,,Education: Wants to go to a school with a good library,,,,,,#N/A,,Alex Harris-Utah-2060
294,Cade Birdsong,WR,18,38,62,0.196,0.629,0.049,0.020,0.287,0.115,0.732,0.328,0.846,Oklahoma,,,,,,,,,#N/A,,Cade Birdsong-Oklahoma-2060
295,Antonio Hill,WR,18,38,61,0.942,0.641,0.963,0.407,0.690,0.194,0.300,0.256,0.779,New York,,,Playing Time: Wants the chance to win a national award,,,,,,#N/A,,Antonio Hill-New York-2060
296,Seth Fisher,DL,18,35,61,0.220,0.518,0.689,0.343,0.520,0.230,0.847,0.014,0.563,Texas,Central Florida,,,,,,,,#N/A,,Seth Fisher-Texas-2060
297,Paul Smith,DL,18,35,62,0.225,0.541,0.777,0.785,0.691,0.158,0.542,0.539,0.774,Mississippi,Army,,,,,,,,#N/A,,Paul Smith-Mississippi-2060
298,Bill Jones,DL,18,35,64,0.061,0.951,0.023,0.902,0.438,0.965,0.153,0.713,0.351,Pennsylvania,,,Prestige: Would like to win as many bowl games as possible during his career,,,,,,#N/A,,Bill Jones-Pennsylvania-2060
299,Demarcus Johnson,DL,18,35,65,0.979,0.617,0.017,0.062,0.755,0.479,0.139,0.258,0.347,Florida,Alabama-Birmingham,Duke,Location: Wants to play as many games in his home state as possible.,,,,,,#N/A,,Demarcus Johnson-Florida-2060
300,Jovan Peterson,DL,18,35,65,0.039,0.821,0.041,0.576,0.053,0.031,0.437,0.646,0.553,New Jersey,,,,,,,,,#N/A,,Jovan Peterson-New Jersey-2060
301,Brandon Stone,WR,18,38,62,0.568,0.967,0.722,0.142,0.364,0.256,0.840,0.094,0.181,Ohio,,,Winning: Would prefer to play for a team coming off at least 3 consecutive winning seasons.,,,,,,#N/A,,Brandon Stone-Ohio-2060
302,Ali Harris,K,18,50,75,0.995,0.340,0.487,0.068,0.768,0.448,0.216,0.109,0.306,Illinois,,,"Location: Has family in Mississippi, and wants them to see one of his games.",,,,,,#N/A,,Ali Harris-Illinois-2060
303,Mo Eskridge,DL,18,35,62,0.961,0.396,0.392,0.068,0.228,0.505,0.432,0.839,0.441,Minnesota,,,Location: Wants to attend a flagship university,,,,,,#N/A,,Mo Eskridge-Minnesota-2060
304,Jesse Cavalieri,OL,18,34,61,0.139,0.835,0.520,0.993,0.091,0.468,0.908,0.514,0.249,Florida,,,,,,,,,#N/A,,Jesse Cavalieri-Florida-2060
305,Frank James,OL,18,34,59,0.059,0.574,0.728,0.804,0.309,0.839,0.421,0.861,0.635,Oklahoma,Colorado State,,,,,,,,#N/A,,Frank James-Oklahoma-2060
306,Jacob Robinson,QB,18,37,67,0.191,0.760,0.856,0.567,0.709,0.380,0.240,0.244,0.919,California,,,,,,,,,#N/A,,Jacob Robinson-California-2060
307,D.J. Aaron,OL,18,34,59,0.924,0.788,0.347,0.187,0.907,0.633,0.408,0.004,0.378,Mississippi,,,Location: Wants to attend a flagship university,,,,,,#N/A,,D.J. Aaron-Mississippi-2060
308,Justin Owens,RB,18,35,56,0.099,0.293,0.676,0.096,0.530,0.468,0.809,0.147,0.595,Florida,,,,,,,,,#N/A,,Justin Owens-Florida-2060
309,Mike Boyer,RB,18,35,57,0.301,0.070,0.481,0.012,0.736,0.031,0.594,0.545,0.064,Texas,,,,,,,,,#N/A,,Mike Boyer-Texas-2060
310,Sam Hill,LB,18,32,51,0.161,0.922,0.070,0.463,0.109,0.983,0.434,0.047,0.779,Louisiana,,,,,,,,,#N/A,,Sam Hill-Louisiana-2060
311,Seth Abdur-Ra'oof,CB,18,39,63,0.323,0.475,0.179,0.692,0.432,0.866,0.163,0.441,0.841,Texas,,,,,,,,,#N/A,,Seth Abdur-Ra'oof-Texas-2060
312,Travis Leslie,RB,18,35,58,0.361,0.404,0.381,0.745,0.492,0.551,0.916,0.081,0.557,Florida,,,Education: Wants to go to a private school,,,,,,#N/A,,Travis Leslie-Florida-2060
313,Jerrell Gilbertson,WR,18,37,61,0.215,0.268,0.447,0.175,0.362,0.693,0.782,0.928,0.291,Florida,,,Campus: Wants to live in a major city,,,,,,#N/A,,Jerrell Gilbertson-Florida-2060
314,Troy Pino,LB,18,32,53,0.289,0.928,0.726,0.498,0.746,0.680,0.931,0.998,0.409,Ohio,,,Campus: Would prefer to attend a school with a rainy climate,,,,,,#N/A,,Troy Pino-Ohio-2060
315,Devin Sumpter,TE,18,30,52,0.769,0.779,0.654,0.899,0.172,0.620,0.855,0.101,0.413,South Carolina,,,,,,,,,#N/A,,Devin Sumpter-South Carolina-2060
316,Marcus Hawkins,WR,18,37,59,0.309,0.167,0.671,0.664,0.932,0.518,0.019,0.506,0.702,California,,,ProPotential: Is a fan of the Broncos,,,,,,#N/A,,Marcus Hawkins-California-2060
317,Justin Wood,WR,18,37,60,0.716,0.035,0.849,0.165,0.694,0.093,0.393,0.780,0.652,Massachusetts,,,,,,,,,#N/A,,Justin Wood-Massachusetts-2060
318,Marquis Williams,LB,18,32,53,0.171,0.709,0.529,0.517,0.247,0.256,0.611,0.909,0.059,Texas,,,Campus: Wants the campus to be near forests,,,,,,#N/A,,Marquis Williams-Texas-2060
319,Ryan McCray,LB,18,32,55,0.931,0.437,0.011,0.305,0.186,0.517,0.292,0.133,0.855,Georgia,,,Location: Wants to play as close to his home state as possible.,,,,,,#N/A,,Ryan McCray-Georgia-2060
320,Earl Smith,WR,18,37,63,0.021,0.669,0.836,0.201,0.955,0.836,0.210,0.297,0.860,North Carolina,,,ProPotential: Is a fan of the Saints,,,,,,#N/A,,Earl Smith-North Carolina-2060
321,Jamal Smith,WR,18,37,62,0.157,0.660,0.643,0.388,0.155,0.988,0.854,0.888,0.020,California,,,Prestige: Wants to win a conference championship,,,,,,#N/A,,Jamal Smith-California-2060
322,Justin Farrar,WR,18,37,59,0.314,0.524,0.963,0.721,0.886,0.395,0.395,0.699,0.654,Texas,,,Playing Time: Wants the chance to win a national award,,,,,,#N/A,,Justin Farrar-Texas-2060
323,Jake Simeon,DL,18,34,63,0.141,0.475,0.198,0.543,0.136,0.039,0.402,0.507,0.106,Georgia,,,,,,,,,#N/A,,Jake Simeon-Georgia-2060
324,Alfonzo Mosley,LB,18,32,52,0.569,0.610,0.633,0.423,0.134,0.932,0.131,0.476,0.646,South Carolina,,,Prestige: Wants to play for a team that's dominated their conference,,,,,,#N/A,,Alfonzo Mosley-South Carolina-2060
325,Ryan Rogers,LB,18,32,52,0.324,0.060,0.057,0.592,0.563,0.268,0.873,0.580,0.821,Illinois,,,,,,,,,#N/A,,Ryan Rogers-Illinois-2060
326,Anthony Chriss,LB,18,32,55,0.797,0.679,0.886,0.100,0.605,0.588,0.846,0.612,0.476,North Carolina,,,,,,,,,#N/A,,Anthony Chriss-North Carolina-2060
327,Chris Sinclair,WR,18,37,59,0.476,0.570,0.931,0.953,0.827,0.002,0.111,0.625,0.391,Ohio,,,Coach: Wants to play for a successful coach.,,,,,,#N/A,,Chris Sinclair-Ohio-2060
328,Eric Boykin,S,18,32,56,0.746,0.127,0.100,0.540,0.528,0.936,0.084,0.114,0.342,Texas,,,Prestige: Wants to help increase a team's prestige,,,,,,#N/A,,Eric Boykin-Texas-2060
329,Justin Moody,CB,18,39,61,0.642,0.010,0.538,0.250,0.477,0.530,0.882,0.859,0.617,Florida,,,,,,,,,#N/A,,Justin Moody-Florida-2060
330,Khris Mobley,LB,18,32,52,0.791,0.551,0.347,0.223,0.716,0.420,0.843,0.780,0.181,New Jersey,,,,,,,,,#N/A,,Khris Mobley-New Jersey-2060
331,T.J. Sutton,LB,18,32,52,0.864,0.874,0.074,0.953,0.447,0.254,0.143,0.881,0.773,Kansas,,,Coach: Wants to play for a successful coach.,,,,,,#N/A,,T.J. Sutton-Kansas-2060
332,Kristian David,LB,18,32,53,0.943,0.258,0.312,0.689,0.212,0.349,0.612,0.810,0.127,Colorado,,,Location: Wants to play alongside other players from his home state,,,,,,#N/A,,Kristian David-Colorado-2060
333,Josh Roberts,LB,18,32,54,0.153,0.217,0.802,0.488,0.900,0.830,0.051,0.218,0.012,Louisiana,,,,,,,,,#N/A,,Josh Roberts-Louisiana-2060
334,Tariq Nichols,WR,18,37,60,0.379,0.910,0.320,0.963,0.182,0.278,0.841,0.966,0.987,Maryland,,,Tradition: Wants to hear about your school's fan support,,,,,,#N/A,,Tariq Nichols-Maryland-2060
335,Matt Parker,WR,18,37,61,0.069,0.133,0.845,0.542,0.447,0.700,0.392,0.693,0.014,North Carolina,,,,,,,,,#N/A,,Matt Parker-North Carolina-2060
336,Kewan Smith,DL,18,34,62,0.466,0.250,0.533,0.047,0.111,0.515,0.117,0.962,0.938,Florida,,,Campus: Wants to know about the nightlife around the university,,,,,,#N/A,,Kewan Smith-Florida-2060
337,Parker Shepard,DL,18,34,60,0.794,0.406,0.045,0.956,0.891,0.624,0.230,0.498,0.706,Minnesota,,,Coach: Wants to play for the same coach his entire career.,,,,,,#N/A,,Parker Shepard-Minnesota-2060
338,Hakeem Murray,DL,18,34,59,0.051,0.567,0.175,0.610,0.087,0.607,0.689,0.856,0.452,Mississippi,,,,,,,,,#N/A,,Hakeem Murray-Mississippi-2060
339,John Kaufusi,S,18,32,58,0.248,0.065,0.357,0.214,0.478,0.719,0.556,0.767,0.604,Kansas,,,,,,,,,#N/A,,John Kaufusi-Kansas-2060
340,Chuma Hixson,S,18,32,58,0.989,0.249,0.667,0.352,0.633,0.749,0.384,0.178,0.299,Illinois,,,"Location: Has family in Illinois, and wants them to see one of his games.",,,,,,#N/A,,Chuma Hixson-Illinois-2060
341,Connor Sanders,S,18,32,57,0.475,0.762,0.271,0.739,0.703,0.393,0.658,0.684,0.735,Texas,,,,,,,,,#N/A,,Connor Sanders-Texas-2060
342,Patrick McIntee,S,18,32,57,0.300,0.326,0.667,0.251,0.863,0.917,0.309,0.239,0.048,Maryland,,Texas,Prestige: Would like to play in a bowl game every year,,,,,,#N/A,,Patrick McIntee-Maryland-2060
343,Richard Lutu,QB,18,36,66,0.136,0.404,0.034,0.269,0.707,0.359,0.914,0.441,0.383,American Samoa,,,Education: Wants to go to a school with a good library,,,,,,#N/A,,Richard Lutu-American Samoa-2060
344,Jordan Davis,OL,18,33,55,0.956,0.864,0.621,0.925,0.081,0.479,0.393,0.357,0.308,Florida,,,"Location: Has family in Nebraska, and wants them to see one of his games.",,,,,,#N/A,,Jordan Davis-Florida-2060
345,Rome Parker,DL,18,34,60,0.450,0.997,0.142,0.389,0.164,0.716,0.308,0.365,0.097,Michigan,,,,,,,,,#N/A,,Rome Parker-Michigan-2060
346,Josh McNair,S,18,32,56,0.258,0.306,0.937,0.287,0.138,0.907,0.548,0.030,0.891,Missouri,,,Playing Time: Would prefer to play for a G5 school if it means being of greater significance to the team.,,,,,,#N/A,,Josh McNair-Missouri-2060
347,Torin Jemison,S,18,32,55,0.823,0.697,0.520,0.032,0.379,0.169,0.230,0.798,0.272,Virginia,,Texas,,,,,,,#N/A,,Torin Jemison-Virginia-2060
348,Taylor Bateman,S,18,32,54,0.731,0.459,0.137,0.419,0.141,0.745,0.671,0.136,0.591,Maine,,,,,,,,,#N/A,,Taylor Bateman-Maine-2060
349,Brian Jones,S,18,32,58,0.540,0.036,0.672,0.437,0.156,0.647,0.303,0.700,0.217,Missouri,,,,,,,,,#N/A,,Brian Jones-Missouri-2060
350,Al Tate,S,18,32,54,0.932,0.733,0.522,0.415,0.602,0.224,0.420,0.127,0.336,Alabama,,,"Location: Has family in Tennessee, and wants them to see one of his games.",,,,,,#N/A,,Al Tate-Alabama-2060
351,Derek Mims,OL,18,33,59,0.510,0.947,0.803,0.735,0.484,0.432,0.040,0.855,0.234,Rhode Island,,,,,,,,,#N/A,,Derek Mims-Rhode Island-2060
352,Devin Shaw,S,18,32,58,0.971,0.046,0.970,0.656,0.765,0.008,0.492,0.664,0.444,Indiana,,,"Location: Has family in Oregon, and wants them to see one of his games.",,,,,,#N/A,,Devin Shaw-Indiana-2060
353,Akeem Sandy,S,18,32,56,0.811,0.828,0.645,0.281,0.210,0.074,0.897,0.122,0.943,Michigan,,,Tradition: Wants to hear about your school's fan support,,,,,,#N/A,,Akeem Sandy-Michigan-2060
354,Willie Mix,OL,18,33,58,0.658,0.437,0.652,0.457,0.111,0.555,0.524,0.732,0.859,Mississippi,,,,,,,,,#N/A,,Willie Mix-Mississippi-2060
355,Ben Blue,TE,18,29,51,0.594,0.452,0.403,0.930,0.956,0.607,0.725,0.540,0.759,Alabama,,,ProPotential: Is a fan of the Patriots,,,,,,#N/A,,Ben Blue-Alabama-2060
356,Stewart Alfieri,TE,18,29,51,0.229,0.130,0.796,0.059,0.664,0.266,0.685,0.890,0.561,Texas,,,,,,,,,#N/A,,Stewart Alfieri-Texas-2060
357,Adam Jackson,WR,18,36,60,0.442,0.043,0.600,0.175,0.426,0.378,0.168,0.674,0.071,Florida,,,,,,,,,#N/A,,Adam Jackson-Florida-2060
358,Kyle McDonald,WR,18,36,62,0.597,0.392,0.169,0.955,0.384,0.021,0.873,0.938,0.572,Georgia,,,Coach: Wants to play for a coach with a personal connection to their school,,,,,,#N/A,,Kyle McDonald-Georgia-2060
359,Travis Lane,WR,18,36,62,0.927,0.738,0.643,0.092,0.918,0.241,0.094,0.388,0.816,Oklahoma,,,Location: Wants to play in a similar climate to his home state.,,,,,,#N/A,,Travis Lane-Oklahoma-2060
360,Austin Snead,WR,18,36,62,0.062,0.844,0.088,0.401,0.192,0.102,0.432,0.867,0.750,Massachusetts,,,,,,,,,#N/A,,Austin Snead-Massachusetts-2060
361,Vincenzo Motley,CB,18,38,60,0.621,0.509,0.813,0.164,0.174,0.096,0.695,0.848,0.703,Pennsylvania,,,,,,,,,#N/A,,Vincenzo Motley-Pennsylvania-2060
362,Tony Newman,CB,18,38,59,0.695,0.832,0.260,0.536,0.004,0.050,0.532,0.012,0.971,Florida,,,Tradition: Wants to hear about your school's past star players,,,,,,#N/A,,Tony Newman-Florida-2060
363,Willis Chapman,LB,18,31,51,0.125,0.315,0.224,0.745,0.092,0.223,0.463,0.802,0.460,Iowa,,,,,,,,,#N/A,,Willis Chapman-Iowa-2060
364,Piotr Lewandowski,RB,18,34,54,0.978,0.339,0.286,0.805,0.861,0.463,0.423,0.869,0.730,Poland,,,Location: Wants to play in a similar climate to his home state.,,,,,,#N/A,,Piotr Lewandowski-Poland-2060
365,Xavier Weeks,WR,18,36,60,0.499,0.070,0.804,0.188,0.256,0.522,0.172,0.006,0.112,Indiana,,,,,,,,,#N/A,,Xavier Weeks-Indiana-2060
366,Gabe Davis,WR,18,36,58,0.320,0.643,0.814,0.697,0.137,0.230,0.449,0.061,0.011,Tennessee,,,,,,,,,#N/A,,Gabe Davis-Tennessee-2060
367,Harrison Zordich,WR,18,36,59,0.342,0.090,0.534,0.819,0.676,0.264,0.538,0.535,0.995,Mississippi,,,Tradition: Wants to hear about your school's unique traditions,,,,,,#N/A,,Harrison Zordich-Mississippi-2060
368,Will Thompson,WR,18,36,58,0.425,0.406,0.009,0.207,0.884,0.605,0.961,0.504,0.701,Utah,,,Education: Wants to go to law school,,,,,,#N/A,,Will Thompson-Utah-2060
369,Andrew Pendleton,CB,18,38,59,0.403,0.176,0.474,0.263,0.539,0.092,0.145,0.004,0.156,Kentucky,,,,,,,,,#N/A,,Andrew Pendleton-Kentucky-2060
370,Max Kennedy,QB,18,35,65,0.917,0.983,0.624,0.767,0.335,0.954,0.603,0.506,0.441,Washington,,,Winning: Wants to win a lot of conference games during his career,,,,,,#N/A,,Max Kennedy-Washington-2060
371,Martavious Daye,RB,18,34,54,0.025,0.681,0.398,0.146,0.620,0.675,0.766,0.534,0.891,Utah,,,,,,,,,#N/A,,Martavious Daye-Utah-2060
372,Bobby Cunningham,WR,18,36,58,0.608,0.983,0.692,0.762,0.135,0.895,0.118,0.354,0.645,California,,,Winning: Would prefer to play for a team coming off at least 3 consecutive winning seasons.,,,,,,#N/A,,Bobby Cunningham-California-2060
373,Rodney McAllister,QB,18,35,63,0.773,0.928,0.169,0.601,0.363,0.209,0.782,0.414,0.705,California,,,,,,,,,#N/A,,Rodney McAllister-California-2060
374,Tay Sheffield,WR,18,36,59,0.420,0.327,0.836,0.524,0.989,0.018,0.132,0.025,0.356,Georgia,,,ProPotential: Has dreams of eventually becoming a first-round pick.,,,,,,#N/A,,Tay Sheffield-Georgia-2060
375,Larry Ellis,WR,18,36,60,0.783,0.513,0.269,0.978,0.495,0.068,0.213,0.629,0.452,Georgia,,,Coach: Wants to play for a coach who is known to keep promises.,,,,,,#N/A,,Larry Ellis-Georgia-2060
376,Titus Wright,WR,18,36,61,0.383,0.317,0.026,0.012,0.632,0.881,0.863,0.119,0.423,Florida,,,,,,,,,#N/A,,Titus Wright-Florida-2060
377,Preston Butler,DL,18,33,61,0.490,0.480,0.628,0.742,0.382,0.648,0.853,0.842,0.991,Alabama,,,Tradition: Wants to play for a team that has dominated their rivals,,,,,,#N/A,,Preston Butler-Alabama-2060
378,Jalen Stone-Davis,DL,18,33,62,0.816,0.431,0.026,0.128,0.570,0.729,0.414,0.495,0.339,Florida,,,,,,,,,#N/A,,Jalen Stone-Davis-Florida-2060
379,John Brown,DL,18,33,61,0.644,0.576,0.148,0.148,0.861,0.377,0.417,0.638,0.555,Colorado,,,,,,,,,#N/A,,John Brown-Colorado-2060
380,Alex Jones,CB,18,38,58,0.606,0.239,0.774,0.978,0.234,0.308,0.130,0.666,0.630,Washington,,,,,,,,,#N/A,,Alex Jones-Washington-2060
381,Ryan McNeill,CB,18,38,61,0.619,0.680,0.977,0.337,0.899,0.027,0.939,0.179,0.272,Virginia,,,Playing Time: Wants an important role on the offense/defense.,,,,,,#N/A,,Ryan McNeill-Virginia-2060
382,John Moore,WR,18,36,59,0.216,0.015,0.036,0.782,0.547,0.472,0.166,0.731,0.157,North Carolina,,,,,,,,,#N/A,,John Moore-North Carolina-2060
383,Kareem Banks,S,18,31,57,0.666,0.925,0.927,0.041,0.322,0.686,0.139,0.322,0.677,Hawaii,Florida State,,Playing Time: Wants the chance to win a national award,,,,,,#N/A,,Kareem Banks-Hawaii-2060
384,Kyle Washington,DL,18,33,58,0.342,0.227,0.085,0.718,0.494,0.594,0.191,0.876,0.791,Minnesota,,,,,,,,,#N/A,,Kyle Washington-Minnesota-2060
385,Daniel Cheek,OL,18,32,54,0.860,0.572,0.701,0.961,0.153,0.908,0.179,0.279,0.699,Michigan,,,Coach: Wants to play for a coach with a personal connection to their school,,,,,,#N/A,,Daniel Cheek-Michigan-2060
386,Greg Fowler,OL,18,32,56,0.035,0.352,0.224,0.831,0.974,0.157,0.511,0.754,0.942,Georgia,,,ProPotential: Would prefer to be redshirted if not a projected draft pick.,,,,,,#N/A,,Greg Fowler-Georgia-2060
387,Taylor Galvin,LB,18,31,52,0.061,0.528,0.182,0.844,0.267,0.717,0.389,0.305,0.795,Delaware,,,,,,,,,#N/A,,Taylor Galvin-Delaware-2060
388,Sean Amato,S,18,31,56,0.034,0.678,0.210,0.333,0.766,0.583,0.308,0.678,0.949,Oregon,,,Tradition: Wants to hear about your school's unique traditions,,,,,,#N/A,,Sean Amato-Oregon-2060
389,Brandon Jones,DL,18,33,62,0.372,0.933,0.767,0.459,0.465,0.972,0.768,0.474,0.831,Louisiana,Wisconsin,,Prestige: Wants to help increase a team's prestige,,,,,,#N/A,,Brandon Jones-Louisiana-2060
390,Kieran Moore,DL,18,33,59,0.382,0.288,0.103,0.767,0.094,0.433,0.616,0.660,0.959,Virginia,,,,,,,,,#N/A,,Kieran Moore-Virginia-2060
391,Bradley Fisk,DL,18,33,62,0.771,0.884,0.882,0.644,0.626,0.459,0.632,0.486,0.696,Virginia,,,,,,,,,#N/A,,Bradley Fisk-Virginia-2060
392,Zack Campbell,OL,18,32,55,0.321,0.065,0.606,0.810,0.484,0.279,0.581,0.213,0.903,Texas,,,,,,,,,#N/A,,Zack Campbell-Texas-2060
393,Adam Daniel,OL,18,32,58,0.032,0.299,0.903,0.665,0.628,0.376,0.807,0.536,0.792,Vermont,,,Playing Time: Does not want to have to compete with higher-ranked recruits.,,,,,,#N/A,,Adam Daniel-Vermont-2060
394,Andre Kelley,OL,18,32,58,0.573,0.672,0.442,0.991,0.945,0.057,0.933,0.140,0.567,Michigan,,,,,,,,,#N/A,,Andre Kelley-Michigan-2060
395,Demarcus Jackson,DL,18,33,59,0.657,0.880,0.937,0.824,0.845,0.352,0.601,0.716,0.690,North Dakota,,,Playing Time: Wants to put up big stats.,,,,,,#N/A,,Demarcus Jackson-North Dakota-2060
396,Cory Winston,DL,18,33,58,0.459,0.484,0.767,0.595,0.239,0.668,0.109,0.637,0.356,Virginia,,,,,,,,,#N/A,,Cory Winston-Virginia-2060
397,Caleb Gardner,DL,18,33,62,0.573,0.065,0.363,0.983,0.451,0.820,0.020,0.191,0.702,New York,,,Coach: Wants to be assured that his coach won't cut him.,,,,,,#N/A,,Caleb Gardner-New York-2060
398,Alex Worstell,OL,18,32,56,0.745,0.594,0.770,0.025,0.877,0.365,0.312,0.132,0.744,Michigan,UNLV,,,,,,,,#N/A,,Alex Worstell-Michigan-2060
399,Ben Williams,OL,18,32,54,0.318,0.742,0.957,0.856,0.679,0.643,0.737,0.493,0.713,Georgia,,,Playing Time: Wants an important role on the offense/defense.,,,,,,#N/A,,Ben Williams-Georgia-2060
400,Trey Cook,OL,18,32,55,0.413,0.426,0.787,0.308,0.672,0.645,0.058,0.657,0.013,Michigan,,,,,,,,,#N/A,,Trey Cook-Michigan-2060
401,Bryant Jacques,OL,18,32,58,0.525,0.097,0.376,0.246,0.877,0.094,0.358,0.060,0.595,South Carolina,,,,,,,,,#N/A,,Bryant Jacques-South Carolina-2060
402,Addison Lane,OL,18,32,58,0.928,0.333,0.879,0.272,0.104,0.339,0.240,0.097,0.572,Tennessee,,,Location: Wants to play as close to his home state as possible.,,,,,,#N/A,,Addison Lane-Tennessee-2060
403,Kendall Hardee,OL,18,32,58,0.861,0.572,0.126,0.018,0.324,0.007,0.847,0.216,0.317,Wyoming,,,,,,,,,#N/A,,Kendall Hardee-Wyoming-2060
404,Ty Nall,OL,18,32,56,0.585,0.459,0.549,0.506,0.465,0.552,0.010,0.569,0.249,Georgia,,,,,,,,,#N/A,,Ty Nall-Georgia-2060
405,Nathan Gaines,S,18,31,55,0.345,0.961,0.880,0.455,0.688,0.873,0.440,0.918,0.763,Massachusetts,,,,,,,,,#N/A,,Nathan Gaines-Massachusetts-2060
406,Milton Goldwire,OL,18,32,56,0.553,0.399,0.384,0.364,0.878,0.392,0.253,0.925,0.459,Georgia,,,Campus: Wants to go to college in a smaller town,,,,,,#N/A,,Milton Goldwire-Georgia-2060
407,Matt Reece,OL,18,32,56,0.830,0.875,0.625,0.825,0.897,0.309,0.244,0.114,0.134,Utah,,,,,,,,,#N/A,,Matt Reece-Utah-2060
408,Matt Kelly,OL,18,32,56,0.754,0.939,0.661,0.031,0.669,0.801,0.003,0.183,0.277,Maryland,Wyoming,,,,,,,,#N/A,,Matt Kelly-Maryland-2060
409,Seneca Tate,K,18,47,72,0.625,0.298,0.075,0.511,0.415,0.274,0.375,0.540,0.112,Utah,,,,,,,,,#N/A,,Seneca Tate-Utah-2060
410,Demonte Rogers,OL,18,32,57,0.315,0.605,0.578,0.577,0.671,0.615,0.130,0.534,0.412,Delaware,,LSU,,,,,,,#N/A,,Demonte Rogers-Delaware-2060
411,Demetrius Evans,OL,18,32,56,0.880,0.688,0.614,0.906,0.237,0.417,0.263,0.293,0.944,Michigan,,,,,,,,,#N/A,,Demetrius Evans-Michigan-2060
412,Milton Wright,WR,18,35,57,0.287,0.765,0.747,0.035,0.434,0.601,0.003,0.754,0.914,Texas,,Texas,Tradition: Wants to play on primetime TV,,,,,,#N/A,,Milton Wright-Texas-2060
413,Alex Duhon,WR,18,35,61,0.816,0.127,0.777,0.810,0.678,0.325,0.503,0.980,0.870,New York,,,Campus: Wants to hear about sponsorship opportunities around campus,,,,,,#N/A,,Alex Duhon-New York-2060
414,Kyle Henderson,WR,18,35,60,0.501,0.683,0.862,0.808,0.751,0.875,0.817,0.827,0.647,Florida,,,,,,,,,#N/A,,Kyle Henderson-Florida-2060
415,Austin Hansbro,WR,18,35,60,0.742,0.423,0.374,0.884,0.537,0.311,0.769,0.483,0.635,South Carolina,,,,,,,,,#N/A,,Austin Hansbro-South Carolina-2060
416,Demetrius Popp,WR,18,35,61,0.873,0.678,0.443,0.431,0.726,0.849,0.177,0.750,0.916,New Jersey,,,Tradition: Wants to hear about your school's past star players,,,,,,#N/A,,Demetrius Popp-New Jersey-2060
417,Earl Williams,WR,18,35,61,0.483,0.813,0.573,0.594,0.890,0.753,0.230,0.019,0.733,Texas,,,,,,,,,#N/A,,Earl Williams-Texas-2060
418,Anthony Ricks,WR,18,35,60,0.382,0.553,0.776,0.117,0.931,0.903,0.154,0.756,0.922,Alabama,,,ProPotential: Is a fan of the Chiefs,,,,,,#N/A,,Anthony Ricks-Alabama-2060
419,Joe Ike,WR,18,35,61,0.465,0.284,0.867,0.360,0.381,0.342,0.976,0.971,0.966,Kentucky,,,Education: Wants to major in physics,,,,,,#N/A,,Joe Ike-Kentucky-2060
420,Alex Brennan,K,18,47,70,0.038,0.589,0.536,0.178,0.002,0.835,0.193,0.039,0.564,South Dakota,,,,,,,,,#N/A,,Alex Brennan-South Dakota-2060
421,Josh Williams,RB,18,33,54,0.693,0.263,0.274,0.326,0.901,0.703,0.205,0.714,0.339,South Carolina,,,ProPotential: Would prefer to be redshirted if not a projected draft pick.,,,,,,#N/A,,Josh Williams-South Carolina-2060
422,Christian Franklin,CB,18,37,59,0.047,0.985,0.255,0.907,0.815,0.167,0.400,0.936,0.485,Maryland,,,,,,,,,#N/A,,Christian Franklin-Maryland-2060
423,Chad Perine,CB,18,37,58,0.916,0.167,0.611,0.467,0.327,0.383,0.680,0.883,0.234,Texas,,,Location: Wants to play in a similar climate to his home state.,,,,,,#N/A,,Chad Perine-Texas-2060
424,Anthony Shittu,WR,18,35,57,0.497,0.941,0.962,0.511,0.907,0.539,0.978,0.890,0.634,North Dakota,,,Education: Wants to major in geology,,,,,,#N/A,,Anthony Shittu-North Dakota-2060
425,Mike Brown,RB,18,33,52,0.779,0.438,0.235,0.936,0.945,0.853,0.782,0.417,0.764,Texas,,,ProPotential: Wants to play for a coach who has produced a lot of pros at his position.,,,,,,#N/A,,Mike Brown-Texas-2060
426,Marcus Taylor,RB,18,33,53,0.077,0.060,0.050,0.388,0.805,0.153,0.222,0.393,0.238,Connecticut,,,,,,,,,#N/A,,Marcus Taylor-Connecticut-2060
427,Colin Douglas,CB,18,37,61,0.052,0.304,0.477,0.544,0.319,0.803,0.792,0.470,0.660,Montana,,,,,,,,,#N/A,,Colin Douglas-Montana-2060
428,Christian Taylor,WR,18,35,58,0.936,0.175,0.045,0.932,0.985,0.938,0.807,0.981,0.159,Ohio,,,ProPotential: Has dreams of eventually becoming a first-round pick.,,,,,,#N/A,,Christian Taylor-Ohio-2060
429,Eric Drew,WR,18,35,61,0.396,0.654,0.703,0.673,0.952,0.109,0.850,0.366,0.601,North Dakota,,,ProPotential: Wants to play for a school that has produced a lot of pros at his position.,,,,,,#N/A,,Eric Drew-North Dakota-2060
430,Trent Pringle,LB,18,30,50,0.816,0.547,0.392,0.102,0.279,0.416,0.294,0.767,0.746,Texas,,,,,,,,,#N/A,,Trent Pringle-Texas-2060
431,Brendan Tucker,LB,18,30,51,0.536,0.482,0.748,0.446,0.838,0.620,0.848,0.291,0.552,Arizona,,,,,,,,,#N/A,,Brendan Tucker-Arizona-2060
432,Jerry Holman,CB,18,37,59,0.180,0.955,0.202,0.575,0.071,0.915,0.325,0.472,0.391,California,Southern Mississippi,,,,,,,,#N/A,,Jerry Holman-California-2060
433,Manny Toki,TE,18,28,49,0.466,0.227,0.446,0.496,0.133,0.508,0.850,0.981,0.056,Ohio,,,Campus: Wants to attend a school with a beautiful campus,,,,,,#N/A,,Manny Toki-Ohio-2060
434,Devin Dunker,QB,18,34,59,0.587,0.014,0.889,0.915,0.820,0.611,0.894,0.522,0.007,South Carolina,,,Coach: Wants to hear about the coach's passion for their school,,,,,,#N/A,,Devin Dunker-South Carolina-2060
435,Anthony Meadors,QB,18,34,60,0.829,0.607,0.518,0.635,0.895,0.954,0.083,0.206,0.064,Illinois,,,,,,,,,#N/A,,Anthony Meadors-Illinois-2060
436,Michael Washington,WR,18,35,58,0.827,0.911,0.544,0.314,0.516,0.093,0.128,0.083,0.224,Maryland,,,Winning: Wants to win a lot of conference games during his career,,,,,,#N/A,,Michael Washington-Maryland-2060
437,V.J. Murphy,WR,18,35,57,0.352,0.967,0.603,0.372,0.516,0.247,0.035,0.288,0.422,Florida,,,Winning: Would prefer to play for a team coming off at least 3 consecutive winning seasons.,,,,,,#N/A,,V.J. Murphy-Florida-2060
438,Colby Griffin,WR,18,35,60,0.103,0.276,0.328,0.099,0.094,0.556,0.937,0.494,0.492,California,,,Education: Wants to go to a public school,,,,,,#N/A,,Colby Griffin-California-2060
439,Michael McLeod,WR,18,35,60,0.056,0.512,0.330,0.718,0.681,0.902,0.490,0.936,0.704,Ohio,,,Campus: Wants to live in a major city,,,,,,#N/A,,Michael McLeod-Ohio-2060
440,Jalen Clay,WR,18,35,57,0.333,0.334,0.241,0.809,0.627,0.151,0.839,0.031,0.887,Oregon,,,,,,,,,#N/A,,Jalen Clay-Oregon-2060
441,Tyler Clark,LB,18,30,49,0.345,0.679,0.837,0.585,0.011,0.737,0.808,0.459,0.222,Arkansas,,,,,,,,,#N/A,,Tyler Clark-Arkansas-2060
442,Jordan Floyd,LB,18,30,50,0.491,0.552,0.518,0.796,0.016,0.273,0.667,0.417,0.811,Utah,,,,,,,,,#N/A,,Jordan Floyd-Utah-2060
443,Pedro Shane,LB,18,30,53,0.544,0.392,0.737,0.310,0.929,0.249,0.216,0.512,0.551,Wyoming,,,ProPotential: Has dreams of eventually becoming a first-round pick.,,,,,,#N/A,,Pedro Shane-Wyoming-2060
444,Derek Kearns,LB,18,30,50,0.214,0.415,0.266,0.570,0.759,0.937,0.151,0.623,0.141,Louisiana,,,,,,,,,#N/A,,Derek Kearns-Louisiana-2060
445,Jacoby Siggers,P,18,47,73,0.352,0.317,0.621,0.187,0.428,0.442,0.256,0.348,0.310,Florida,,,,,,,,,#N/A,,Jacoby Siggers-Florida-2060
446,Collin Edwards,DL,18,32,61,0.790,0.545,0.574,0.426,0.108,0.849,0.858,0.888,0.512,Michigan,,,,,,,,,#N/A,,Collin Edwards-Michigan-2060
447,Kyle Dickey,DL,18,32,59,0.144,0.977,0.354,0.154,0.817,0.034,0.611,0.324,0.518,Missouri,,,,,,,,,#N/A,,Kyle Dickey-Missouri-2060
448,Joseph Fehoko,DL,18,32,61,0.519,0.342,0.128,0.951,0.291,0.030,0.235,0.287,0.335,Iowa,,,Coach: Wants to play for the same coach his entire career.,,,,,,#N/A,,Joseph Fehoko-Iowa-2060
449,Dominic Tyler,DL,18,32,60,0.480,0.697,0.701,0.007,0.801,0.828,0.883,0.020,0.205,Kentucky,,,,,,,,,#N/A,,Dominic Tyler-Kentucky-2060
450,Cameron Barefield,DL,18,32,60,0.558,0.484,0.075,0.380,0.571,0.933,0.729,0.628,0.943,Arizona,,,Tradition: Wants to play for a team with a long football history,,,,,,#N/A,,Cameron Barefield-Arizona-2060
451,Wil Mack,DL,18,32,60,0.141,0.555,0.839,0.239,0.547,0.812,0.185,0.650,0.924,West Virginia,,,Tradition: Wants to play in front of lots of fans,,,,,,#N/A,,Wil Mack-West Virginia-2060
452,Pat Heath,DL,18,32,59,0.956,0.813,0.534,0.942,0.324,0.218,0.990,0.828,0.628,Minnesota,,,Education: Wants to study abroad in Mexico,,,,,,#N/A,,Pat Heath-Minnesota-2060
453,Aaron Kelley,DL,18,32,58,0.081,0.675,0.560,0.229,0.334,0.133,0.845,0.690,0.993,Indiana,,,Tradition: Wants to play for a team that has dominated their rivals,,,,,,#N/A,,Aaron Kelley-Indiana-2060
454,Rashaad Stephenson,DL,18,32,61,0.182,0.087,0.315,0.617,0.418,0.626,0.929,0.763,0.799,Texas,,,Education: Wants to major in sports science,,,,,,#N/A,,Rashaad Stephenson-Texas-2060
455,Kelvin Johnson,QB,18,34,63,0.820,0.280,0.144,0.249,0.577,0.638,0.787,0.451,0.011,Oklahoma,,,,,,,,,#N/A,,Kelvin Johnson-Oklahoma-2060
456,Hayden Fowler,QB,18,34,59,0.105,0.291,0.472,0.562,0.312,0.729,0.071,0.729,0.402,Florida,,Buffalo,,,,,,,#N/A,,Hayden Fowler-Florida-2060
457,Joshua Brown,LB,18,30,50,0.692,0.546,0.046,0.394,0.230,0.824,0.965,0.222,0.193,Nevada,,,Education: Wants to major in linguistics,,,,,,#N/A,,Joshua Brown-Nevada-2060
458,Trent Bacon,LB,18,30,53,0.835,0.278,0.503,0.644,0.177,0.576,0.918,0.314,0.975,Florida,,,Tradition: Wants to play in front of lots of fans,,,,,,#N/A,,Trent Bacon-Florida-2060
459,John Talbert,DL,18,32,57,0.506,0.765,0.361,0.046,0.838,0.176,0.302,0.976,0.079,New Jersey,,,Campus: Would prefer to attend a school with a dry climate,,,,,,#N/A,,John Talbert-New Jersey-2060
460,Scott Scott,DL,18,32,58,0.959,0.645,0.078,0.618,0.988,0.961,0.330,0.403,0.397,"Ontario, Canada",,,ProPotential: Has dreams of eventually becoming a first-round pick.,,,,,,#N/A,,"Scott Scott-Ontario, Canada-2060"
461,Dwight Miller,DL,18,32,61,0.215,0.991,0.102,0.824,0.693,0.558,0.167,0.283,0.086,Florida,,,Winning: Wants to experience at least one season with double-digit wins.,,,,,,#N/A,,Dwight Miller-Florida-2060
462,Ikaika Sellers,DL,18,32,57,0.572,0.478,0.110,0.730,0.094,0.084,0.759,0.004,0.610,Nevada,,,,,,,,,#N/A,,Ikaika Sellers-Nevada-2060
463,Julian Peterson,DL,18,32,61,0.222,0.812,0.412,0.074,0.187,0.087,0.299,0.193,0.326,Florida,,,,,,,,,#N/A,,Julian Peterson-Florida-2060
464,Michael Burke,DL,18,32,57,0.614,0.636,0.793,0.634,0.897,0.881,0.276,0.395,0.376,Georgia,Miami,,,,,,,,#N/A,,Michael Burke-Georgia-2060
465,Brad Wilson,DL,18,32,60,0.660,0.283,0.965,0.917,0.445,0.153,0.989,0.551,0.144,Maryland,,,Education: Wants to go to a public school,,,,,,#N/A,,Brad Wilson-Maryland-2060
466,Deon Perez,DL,18,32,58,0.935,0.232,0.733,0.076,0.459,0.125,0.840,0.041,0.747,Minnesota,,,Location: Wants to play in a similar climate to his home state.,,,,,,#N/A,,Deon Perez-Minnesota-2060
467,Travis Humber,DL,18,32,57,0.927,0.299,0.894,0.463,0.764,0.793,0.090,0.355,0.572,Oklahoma,,,"Location: Has family in West Virginia, and wants them to see one of his games.",,,,,,#N/A,,Travis Humber-Oklahoma-2060
468,Jeremy Freeman,DL,18,32,58,0.341,0.101,0.732,0.757,0.560,0.217,0.447,0.660,0.189,Michigan,,,,,,,,,#N/A,,Jeremy Freeman-Michigan-2060
469,Serge Coleman,DL,18,32,58,0.700,0.619,0.060,0.410,0.130,0.614,0.276,0.898,0.348,Washington D.C.,,,,,,,,,#N/A,,Serge Coleman-Washington D.C.-2060
470,Adam Horan,DL,18,32,57,0.556,0.969,0.783,0.123,0.676,0.293,0.350,0.490,0.873,Connecticut,,,,,,,,,#N/A,,Adam Horan-Connecticut-2060
471,Terry Collins,DL,18,32,60,0.696,0.631,0.390,0.382,0.873,0.013,0.877,0.082,0.563,California,,,,,,,,,#N/A,,Terry Collins-California-2060
472,Joseph Whitt,DL,18,32,58,0.382,0.574,0.905,0.558,0.794,0.088,0.115,0.232,0.948,Connecticut,,,,,,,,,#N/A,,Joseph Whitt-Connecticut-2060
473,DeAngelo Fox,DL,18,32,58,0.356,0.384,0.269,0.763,0.126,0.513,0.222,0.315,0.414,Louisiana,,,,,,,,,#N/A,,DeAngelo Fox-Louisiana-2060
474,Sean May,OL,18,31,54,0.703,0.716,0.022,0.139,0.963,0.790,0.376,0.475,0.708,Kansas,,,"ProPotential: Would like to be drafted in the top four rounds, if possible.",,,,,,#N/A,,Sean May-Kansas-2060
475,Connor Wesley,OL,18,31,56,0.052,0.910,0.655,0.655,0.538,0.987,0.749,0.164,0.639,Tennessee,,,,,,,,,#N/A,,Connor Wesley-Tennessee-2060
476,Bryce Carter,OL,18,31,57,0.795,0.509,0.894,0.709,0.997,0.700,0.593,0.760,0.680,New York,,,ProPotential: Wants to play for a school that has produced a lot of pros at his position.,,,,,,#N/A,,Bryce Carter-New York-2060
477,Brice Hein,OL,18,31,57,0.106,0.881,0.199,0.013,0.396,0.098,0.462,0.436,0.124,Massachusetts,,,,,,,,,#N/A,,Brice Hein-Massachusetts-2060
478,A.J. White,OL,18,31,56,0.388,0.668,0.476,0.683,0.104,0.770,0.329,0.477,0.000,Michigan,,,,,,,,,#N/A,,A.J. White-Michigan-2060
479,Jalen Wang,S,18,30,55,0.152,0.910,0.164,0.953,0.859,0.171,0.549,0.939,0.200,Louisiana,,,Coach: Wants to play for a coach with a personal connection to their school,,,,,,#N/A,,Jalen Wang-Louisiana-2060
480,Andrew Waters,TE,18,28,50,0.363,0.236,0.878,0.691,0.274,0.331,0.500,0.657,0.170,California,,,,,,,,,#N/A,,Andrew Waters-California-2060
481,Ben Williams,DL,18,32,60,0.843,0.534,0.581,0.055,0.166,0.345,1.000,0.940,0.257,Ohio,,,Education: Wants to major in business,,,,,,#N/A,,Ben Williams-Ohio-2060
482,Chad Odiari,DL,18,32,60,0.649,0.610,0.535,0.633,0.514,0.527,0.057,0.658,0.768,Indiana,,,,,,,,,#N/A,,Chad Odiari-Indiana-2060
483,Torrance Davis,DL,18,32,58,0.435,0.271,0.670,0.934,0.893,0.241,0.827,0.492,0.501,Pennsylvania,,,Coach: Wants to hear about the coach's passion for their school,,,,,,#N/A,,Torrance Davis-Pennsylvania-2060
484,Henry Haden,DL,18,32,60,0.107,0.292,0.430,0.809,0.116,0.891,0.769,0.817,0.971,Florida,,,Tradition: Wants to play in important rivalry games,,,,,,#N/A,,Henry Haden-Florida-2060
485,Braylin Jones,LB,18,30,50,0.171,0.894,0.954,0.087,0.440,0.810,0.394,0.754,0.892,New Jersey,,,Playing Time: Does not want to have to compete with higher-ranked recruits.,,,,,,#N/A,,Braylin Jones-New Jersey-2060
486,Darius Boyd,QB,18,34,61,0.909,0.330,0.103,0.954,0.998,0.256,0.385,0.258,0.373,Mississippi,,,"ProPotential: Would like to be drafted in the top four rounds, if possible.",,,,,,#N/A,,Darius Boyd-Mississippi-2060
487,Rudy Wilson,QB,18,34,60,0.874,0.820,0.570,0.543,0.836,0.702,0.353,0.103,0.045,Iowa,,,,,,,,,#N/A,,Rudy Wilson-Iowa-2060
488,Ryan Leach,OL,18,31,57,0.183,0.757,0.355,0.035,0.975,0.968,0.802,0.203,0.462,Louisiana,,,ProPotential: Is a fan of the Bengals,,,,,,#N/A,,Ryan Leach-Louisiana-2060
489,Andrew Holmes,OL,18,31,56,0.668,0.809,0.325,0.112,0.566,0.502,0.754,0.941,0.177,New Jersey,,,Campus: Wants to attend a school with a beautiful campus,,,,,,#N/A,,Andrew Holmes-New Jersey-2060
490,Siale Addison,OL,18,31,57,0.814,0.319,0.529,0.516,0.953,0.362,0.021,0.819,0.053,Oregon,,,ProPotential: Is a fan of the Ravens,,,,,,#N/A,,Siale Addison-Oregon-2060
491,Dominique Franks,S,18,30,52,0.975,0.782,0.057,0.330,0.938,0.003,0.978,0.381,0.009,New Jersey,,,Education: Wants to major in geology,,,,,,#N/A,,Dominique Franks-New Jersey-2060
492,Owen Jenkins,DL,18,32,60,0.079,0.813,0.921,0.377,0.494,0.420,0.187,0.867,0.631,North Dakota,,,Playing Time: Would prefer to play for a G5 school if it means being of greater significance to the team.,,,,,,#N/A,,Owen Jenkins-North Dakota-2060
493,Nic Rhodes,DL,18,32,61,0.928,0.975,0.616,0.737,0.338,0.251,0.789,0.416,0.002,Utah,,,Winning: Wants to experience at least one season with double-digit wins.,,,,,,#N/A,,Nic Rhodes-Utah-2060
494,Dan Owens,DL,18,32,58,0.835,0.253,0.652,0.863,0.445,0.589,0.745,0.174,0.046,Pennsylvania,,,,,,,,,#N/A,,Dan Owens-Pennsylvania-2060
495,Billy Wirth,DL,18,32,61,0.227,0.767,0.311,0.016,0.692,0.074,0.919,0.206,0.905,Ohio,,,Education: Wants to major in biology,,,,,,#N/A,,Billy Wirth-Ohio-2060
496,Anthony Swenson,DL,18,32,57,0.785,0.820,0.270,0.778,0.321,0.262,0.584,0.378,0.758,Oregon,,,,,,,,,#N/A,,Anthony Swenson-Oregon-2060
497,Matt Flanagan,OL,18,31,55,0.368,0.719,0.300,0.220,0.406,0.954,0.372,0.107,0.417,Michigan,,,Prestige: Wants to play for a team that's dominated their conference,,,,,,#N/A,,Matt Flanagan-Michigan-2060
498,Nate Rome,OL,18,31,57,0.988,0.988,0.717,0.002,0.569,0.578,0.527,0.910,0.251,Washington D.C.,,,,,,,,,#N/A,,Nate Rome-Washington D.C.-2060
499,Tre Smith,OL,18,31,53,0.810,0.766,0.179,0.757,0.548,0.396,0.927,0.204,0.952,Georgia,,,Tradition: Wants to hear about your school's past star players,,,,,,#N/A,,Tre Smith-Georgia-2060
500,Keyon Dickerson,OL,18,31,54,0.308,0.810,0.416,0.801,0.413,0.788,0.933,0.960,0.525,Tennessee,,,Campus: Wants there to be a strong Greek Life community on campus,,,,,,#N/A,,Keyon Dickerson-Tennessee-2060
501,Tyler Fulton,OL,18,31,54,0.029,0.252,0.785,0.636,0.090,0.869,0.800,0.017,0.026,North Carolina,,,,,,,,,#N/A,,Tyler Fulton-North Carolina-2060
502,Kendall Harris,CB,18,36,56,0.439,0.035,0.088,0.955,0.693,0.772,0.781,0.274,0.447,California,,,Coach: Wants to be assured that his coach won't cut him.,,,,,,#N/A,,Kendall Harris-California-2060
503,Dominique Mauro,OL,18,31,54,0.950,0.124,0.144,0.523,0.605,0.238,0.165,0.738,0.423,Florida,,,Location: Doesn't want to go outside his home region.,,,,,,#N/A,,Dominique Mauro-Florida-2060
504,Dante Uhatafe,OL,18,31,54,0.272,0.473,0.241,0.701,0.510,0.635,0.909,0.113,0.129,New Mexico,,,Education: Wants to study abroad in the UK,,,,,,#N/A,,Dante Uhatafe-New Mexico-2060
505,Freddie Dupree,S,18,30,52,0.845,0.841,0.791,0.314,0.033,0.642,0.230,0.693,0.064,Illinois,,,,,,,,,#N/A,,Freddie Dupree-Illinois-2060
506,Justin Grant,S,18,30,55,0.433,0.807,0.687,0.005,0.737,0.027,0.249,0.291,0.432,New Jersey,,,,,,,,,#N/A,,Justin Grant-New Jersey-2060
507,Glenn Lawler,RB,18,32,53,0.501,0.346,0.658,0.727,0.472,0.517,0.030,0.525,0.594,Tennessee,,,,,,,,,#N/A,,Glenn Lawler-Tennessee-2060
508,Ryan Gray,RB,18,32,52,0.543,0.365,0.099,0.832,0.937,0.754,0.649,0.876,0.893,Virginia,,,ProPotential: Wants to play for a coach who has produced a lot of pros at his position.,,,,,,#N/A,,Ryan Gray-Virginia-2060
509,Daniel Gallagher,RB,18,32,54,0.161,0.307,0.174,0.144,0.542,0.087,0.571,0.988,0.310,Georgia,,,Campus: Wants to know about the nightlife around the university,,,,,,#N/A,,Daniel Gallagher-Georgia-2060
510,Mark White,WR,18,34,59,0.919,0.207,0.798,0.372,0.431,0.648,0.114,0.213,0.119,Nevada,,,"Location: Has family in Maryland, and wants them to see one of his games.",,,,,,#N/A,,Mark White-Nevada-2060
511,Adrian Gross,WR,18,34,59,0.986,0.887,0.289,0.820,0.781,0.782,0.627,0.856,0.766,California,,,"Location: Has family in Nebraska, and wants them to see one of his games.",,,,,,#N/A,,Adrian Gross-California-2060
512,Chris Richardson,WR,18,34,59,0.784,0.294,0.175,0.708,0.277,0.073,0.134,0.433,0.497,Texas,,,,,,,,,#N/A,,Chris Richardson-Texas-2060
513,Bill Spencer,CB,18,36,58,0.593,0.000,0.391,0.241,0.839,0.798,0.437,0.635,0.529,Louisiana,,,,,,,,,#N/A,,Bill Spencer-Louisiana-2060
514,Trey Brewer,CB,18,36,59,0.520,0.526,0.443,0.243,0.556,0.063,0.828,0.284,0.522,Maryland,,,,,,,,,#N/A,,Trey Brewer-Maryland-2060
515,Charlie Madueno,OL,18,31,54,0.549,0.544,0.519,0.848,0.606,0.209,0.051,0.043,0.246,Florida,,,,,,,,,#N/A,,Charlie Madueno-Florida-2060
516,Michael Moore,OL,18,31,57,0.611,0.589,0.536,0.474,0.480,0.948,0.232,0.215,0.405,California,Appalachian State,,,,,,,,#N/A,,Michael Moore-California-2060
517,Seth Wyatt,OL,18,31,56,0.664,0.959,0.075,0.435,0.931,0.588,0.644,0.059,0.639,Tennessee,,,Winning: Wants to win a lot of conference games during his career,,,,,,#N/A,,Seth Wyatt-Tennessee-2060
518,Jared Gaither,OL,18,31,54,0.967,0.972,0.827,0.979,0.553,0.785,0.784,0.190,0.777,Pennsylvania,,,Coach: Wants to play for a coach who is known to keep promises.,,,,,,#N/A,,Jared Gaither-Pennsylvania-2060
519,Connor Maples,RB,18,32,52,0.025,0.906,0.424,0.063,0.431,0.124,0.158,0.178,0.104,Texas,,,Winning: Wants to experience at least one season with double-digit wins.,,,,,,#N/A,,Connor Maples-Texas-2060
520,Scott Arnold,RB,18,32,52,0.519,0.209,0.884,0.976,0.912,0.402,0.352,0.226,0.279,South Dakota,,,Coach: Would like to see the coach sign an extension during his time at the school,,,,,,#N/A,,Scott Arnold-South Dakota-2060
521,John Dutton,RB,18,32,51,0.063,0.241,0.999,0.506,0.257,0.370,0.138,0.101,0.419,New Jersey,,,Playing Time: Would prefer to play for a less successful team if it means being of greater significance to the team.,,,,,,#N/A,,John Dutton-New Jersey-2060
522,Jay Lowe,WR,18,34,58,0.942,0.559,0.447,0.569,0.527,0.854,0.391,0.518,0.834,Ohio,,,Location: Wants to play alongside other players from his home state,,,,,,#N/A,,Jay Lowe-Ohio-2060
523,Frank Syptak,WR,18,34,60,0.579,0.369,0.945,0.578,0.118,0.491,0.044,0.476,0.960,Alabama,,,Tradition: Wants to play in important rivalry games,,,,,,#N/A,,Frank Syptak-Alabama-2060
524,Jason Cornell,RB,18,32,51,0.117,0.475,0.407,0.088,0.455,0.525,0.861,0.879,0.167,Florida,,,,,,,,,#N/A,,Jason Cornell-Florida-2060
525,Chad Lee,CB,18,36,60,0.752,0.537,0.046,0.655,0.799,0.572,0.161,0.764,0.123,Michigan,,,,,,,,,#N/A,,Chad Lee-Michigan-2060
526,Jonathan Kaiser,QB,18,33,62,0.354,0.583,0.363,0.350,0.566,0.465,0.369,0.992,0.220,Florida,,,Campus: Wants there to be a strong Greek Life community on campus,,,,,,#N/A,,Jonathan Kaiser-Florida-2060
527,Kyle Outlaw,WR,18,34,58,0.216,0.596,0.899,0.691,0.783,0.022,0.017,0.520,0.091,Ohio,,,,,,,,,#N/A,,Kyle Outlaw-Ohio-2060
528,Joshua Cameron,WR,18,34,59,0.233,0.545,0.723,0.490,0.249,0.342,0.884,0.239,0.052,Florida,,,,,,,,,#N/A,,Joshua Cameron-Florida-2060
529,Jaylon Driskell,WR,18,34,60,0.638,0.044,0.657,0.666,0.860,0.360,0.921,0.884,0.039,Maryland,,,Education: Wants to go to a public school,,,,,,#N/A,,Jaylon Driskell-Maryland-2060
530,Chaz Osborn,WR,18,34,58,0.414,0.311,0.730,0.346,0.549,0.078,0.027,0.251,0.309,New Jersey,,,,,,,,,#N/A,,Chaz Osborn-New Jersey-2060
531,Christian Arrington,CB,18,36,60,0.750,0.946,0.422,0.949,0.369,0.034,0.458,0.456,0.637,Washington,,,Coach: Wants to know what role his position plays in the coach's scheme.,,,,,,#N/A,,Christian Arrington-Washington-2060
532,Rashard Moore,CB,18,36,57,0.399,0.598,0.883,0.600,0.851,0.932,0.887,0.183,0.888,Texas,,,,,,,,,#N/A,,Rashard Moore-Texas-2060
533,Kenny Yoder,RB,18,32,51,0.944,0.225,0.648,0.406,0.309,0.965,0.054,0.678,0.690,Texas,,,,,,,,,#N/A,,Kenny Yoder-Texas-2060
534,Torian Hunt,LB,18,29,51,0.540,0.092,0.199,0.551,0.053,0.899,0.122,0.467,0.888,Kansas,,,,,,,,,#N/A,,Torian Hunt-Kansas-2060
535,Rico Farmer,LB,18,29,49,0.730,0.305,0.056,0.246,0.208,0.943,0.589,0.801,0.753,Florida,,,Prestige: Would like to win as many bowl games as possible during his career,,,,,,#N/A,,Rico Farmer-Florida-2060
536,Gerren Young,QB,18,33,61,0.828,0.123,0.558,0.956,0.612,0.558,0.501,0.685,0.605,Georgia,,,Coach: Wants to play for the same coach his entire career.,,,,,,#N/A,,Gerren Young-Georgia-2060
537,Eugene Orekoya,WR,18,34,57,0.996,0.526,0.198,0.782,0.685,0.201,0.644,0.441,0.034,Missouri,,,"Location: Has family in Oklahoma, and wants them to see one of his games.",,,,,,#N/A,,Eugene Orekoya-Missouri-2060
538,Jestin Selby,WR,18,34,58,0.022,0.600,0.945,0.932,0.768,0.255,0.426,0.137,0.391,Texas,,,Playing Time: Wants an important role on the offense/defense.,,,,,,#N/A,,Jestin Selby-Texas-2060
539,Akeem Prince,WR,18,34,56,0.203,0.970,0.264,0.246,0.822,0.365,0.849,0.818,0.140,California,,,Winning: Wants to win a lot of conference games during his career,,,,,,#N/A,,Akeem Prince-California-2060
540,Wallace Gary,RB,18,32,55,0.459,0.616,0.060,0.936,0.845,0.101,0.347,0.104,0.706,Arizona,,,Coach: Wants to play for a successful coach.,,,,,,#N/A,,Wallace Gary-Arizona-2060
541,Ben Christian,K,18,45,68,0.602,0.352,0.289,0.077,0.176,0.791,0.664,0.271,0.820,Florida,,,,,,,,,#N/A,,Ben Christian-Florida-2060
542,Kendall Warren,QB,18,33,62,0.607,0.481,0.142,0.905,0.863,0.053,0.483,0.996,0.091,Indiana,,,Campus: Wants to go to college in a smaller town,,,,,,#N/A,,Kendall Warren-Indiana-2060
543,Kyle Butler,DL,18,31,56,0.115,0.728,0.774,0.208,0.772,0.070,0.249,0.600,0.515,Alabama,,,,,,,,,#N/A,,Kyle Butler-Alabama-2060
544,Shane Thomas,DL,18,31,59,0.869,0.461,0.584,0.348,0.922,0.142,0.258,0.080,0.955,Washington,,,Tradition: Wants to hear about your school's unique traditions,,,,,,#N/A,,Shane Thomas-Washington-2060
545,Ty Miles,DL,18,31,59,0.852,0.580,0.865,0.583,0.167,0.504,0.266,0.611,0.928,Texas,,,Tradition: Wants to play for a team with a long football history,,,,,,#N/A,,Ty Miles-Texas-2060
546,Phillip Davis,DL,18,31,57,0.625,0.318,0.441,0.591,0.074,0.217,0.171,0.099,0.687,Maryland,,,,,,,,,#N/A,,Phillip Davis-Maryland-2060
547,Brady Herring,DL,18,31,58,0.633,0.004,0.767,0.847,0.381,0.693,0.834,0.848,0.207,Maine,,,,,,,,,#N/A,,Brady Herring-Maine-2060
548,Kevin Peterson,DL,18,31,55,0.836,0.760,0.115,0.063,0.781,0.634,0.170,0.432,0.369,North Carolina,,,,,,,,,#N/A,,Kevin Peterson-North Carolina-2060
549,Eddie Kummer,QB,18,33,62,0.692,0.697,0.491,0.825,0.753,0.197,0.476,0.551,0.389,Kansas,,,,,,,,,#N/A,,Eddie Kummer-Kansas-2060
550,Trent Willis,QB,18,33,58,0.052,0.430,0.594,0.188,0.914,0.702,0.574,0.763,0.202,North Carolina,,,ProPotential: Is a fan of the Bengals,,,,,,#N/A,,Trent Willis-North Carolina-2060
551,David Sutton,LB,18,29,51,0.649,0.049,0.612,0.218,0.783,0.982,0.116,0.071,0.276,Hawaii,,,,,,,,,#N/A,,David Sutton-Hawaii-2060
552,Devin Ayers,LB,18,29,48,0.128,0.406,0.788,0.603,0.454,0.203,0.130,0.199,0.190,Pennsylvania,,,,,,,,,#N/A,,Devin Ayers-Pennsylvania-2060
553,Jaylen Brown,DL,18,31,59,0.333,0.190,0.373,0.262,0.307,0.784,0.481,0.288,0.557,New Jersey,Yale,,,,,,,,#N/A,,Jaylen Brown-New Jersey-2060
554,Trey Mojica,TE,18,27,46,0.975,0.685,0.716,0.396,0.262,0.475,0.386,0.270,0.822,Texas,,,Location: Doesn't want to go outside his home region.,,,,,,#N/A,,Trey Mojica-Texas-2060
555,Jimmy Gloster,LB,18,29,48,0.269,0.427,0.514,0.722,0.841,0.515,0.148,0.364,0.239,Pennsylvania,,,,,,,,,#N/A,,Jimmy Gloster-Pennsylvania-2060
556,Brooks Coward,LB,18,29,51,0.662,0.743,0.077,0.268,0.131,0.795,0.334,0.816,0.756,New Jersey,,,,,,,,,#N/A,,Brooks Coward-New Jersey-2060
557,Ted Thomas,DL,18,31,59,0.153,0.179,0.158,0.225,0.005,0.840,0.918,0.905,0.759,Texas,,,Education: Wants to major in chemistry,,,,,,#N/A,,Ted Thomas-Texas-2060
558,Zaire Santee,DL,18,31,59,0.208,0.231,0.775,0.947,0.795,0.608,0.501,0.906,0.341,Georgia,,,,,,,,,#N/A,,Zaire Santee-Georgia-2060
559,Tate Miller,DL,18,31,57,0.108,0.698,0.207,0.268,0.137,0.305,0.709,0.203,0.743,Texas,,,,,,,,,#N/A,,Tate Miller-Texas-2060
560,Corey Boyd,TE,18,27,47,0.508,0.751,0.085,0.203,0.962,0.530,0.828,0.273,0.230,Indiana,,,ProPotential: Is a fan of the Jaguars,,,,,,#N/A,,Corey Boyd-Indiana-2060
561,Trevor Cleary,TE,18,27,45,0.500,0.393,0.080,0.061,0.951,0.004,0.226,0.593,0.663,Tennessee,,,ProPotential: Is a fan of the Falcons,,,,,,#N/A,,Trevor Cleary-Tennessee-2060
562,Bryson Middleton,P,18,45,71,0.466,0.746,0.846,0.942,0.165,0.483,0.731,0.185,0.156,Arkansas,,,,,,,,,#N/A,,Bryson Middleton-Arkansas-2060
563,Taylor Warden,OL,18,30,53,0.860,0.058,0.564,0.277,0.412,0.432,0.958,0.707,0.293,North Carolina,,,Education: Wants to go to a public school,,,,,,#N/A,,Taylor Warden-North Carolina-2060
564,Marques Clement,DL,18,31,57,0.352,0.799,0.401,0.547,0.274,0.381,0.523,0.955,0.965,New York,,,Tradition: Wants to play for a team with a long football history,,,,,,#N/A,,Marques Clement-New York-2060
565,Michael Miles,DL,18,31,56,0.504,0.517,0.643,0.880,0.383,0.614,0.417,0.801,0.487,Alabama,,,,,,,,,#N/A,,Michael Miles-Alabama-2060
566,Raheem Evans,DL,18,31,59,0.359,0.585,0.315,0.875,0.557,0.933,0.592,0.864,0.350,Montana,,,,,,,,,#N/A,,Raheem Evans-Montana-2060
567,Anthony Combs,DL,18,31,57,0.661,0.907,0.767,0.714,0.557,0.847,0.752,0.638,0.460,Texas,,,,,,,,,#N/A,,Anthony Combs-Texas-2060
568,Martez Hughes,DL,18,31,55,0.935,0.674,0.414,0.657,0.133,0.498,0.491,0.816,0.855,Colorado,,,"Location: Has family in Louisiana, and wants them to see one of his games.",,,,,,#N/A,,Martez Hughes-Colorado-2060
569,Clayton Hubbard,S,18,29,52,0.761,0.601,0.226,0.042,0.322,0.035,0.383,0.327,0.130,Florida,,,,,,,,,#N/A,,Clayton Hubbard-Florida-2060
570,Brandon Harris,S,18,29,52,0.668,0.984,0.726,0.936,0.281,0.051,0.952,0.666,0.262,California,,,,,,,,,#N/A,,Brandon Harris-California-2060
571,Tavita Williams,S,18,29,53,0.468,0.732,0.550,0.562,0.486,0.816,0.791,0.006,0.814,Florida,,,,,,,,,#N/A,,Tavita Williams-Florida-2060
572,Danny Smith,CB,18,35,57,0.663,0.774,0.727,0.244,0.191,0.786,0.064,0.458,0.431,Florida,,,,,,,,,#N/A,,Danny Smith-Florida-2060
573,Vance Guzman,OL,18,30,52,0.567,0.713,0.702,0.538,0.847,0.935,0.136,0.252,0.291,Arizona,,,,,,,,,#N/A,,Vance Guzman-Arizona-2060
574,Paul Gibbs,DL,18,31,56,0.800,0.307,0.180,0.440,0.367,0.284,0.884,0.473,0.070,Virginia,,,,,,,,,#N/A,,Paul Gibbs-Virginia-2060
575,Ashton Jolly,DL,18,31,57,0.828,0.453,0.821,0.211,0.006,0.025,0.639,0.523,0.212,Texas,,,,,,,,,#N/A,,Ashton Jolly-Texas-2060
576,Kashif Leroux,DL,18,31,59,0.077,0.040,0.334,0.137,0.614,0.677,0.133,0.688,0.592,Oregon,,,,,,,,,#N/A,,Kashif Leroux-Oregon-2060
577,Nate Nickerson,DL,18,31,57,0.176,0.265,0.419,0.732,0.167,0.393,0.246,0.746,0.640,Utah,,,,,,,,,#N/A,,Nate Nickerson-Utah-2060
578,Jordan Woods,DL,18,31,55,0.059,0.174,0.247,0.975,0.674,0.420,0.475,0.093,0.343,Florida,,,Coach: Wants to play for a coach with a personal connection to their school,,,,,,#N/A,,Jordan Woods-Florida-2060
579,Tim Jones,S,18,29,54,0.131,0.384,0.916,0.017,0.099,0.244,0.718,0.299,0.956,California,,,,,,,,,#N/A,,Tim Jones-California-2060
580,Ausar Youngblood,CB,18,35,59,0.093,0.480,0.501,0.310,0.433,0.817,0.183,0.100,0.801,California,,,,,,,,,#N/A,,Ausar Youngblood-California-2060
581,Victor Parker,OL,18,30,52,0.424,0.452,0.629,0.477,0.547,0.065,0.110,0.211,0.144,Texas,,,,,,,,,#N/A,,Victor Parker-Texas-2060
582,Lance Sears,CB,18,35,57,0.401,0.181,0.170,0.209,0.927,0.000,0.493,0.647,0.237,Texas,,,ProPotential: Is a fan of the Seahawks,,,,,,#N/A,,Lance Sears-Texas-2060
583,Jimmie Mayes,CB,18,35,58,0.684,0.265,0.584,0.907,0.870,0.596,0.302,0.122,0.773,Missouri,,,Coach: Wants to hear about the coach's passion for their school,,,,,,#N/A,,Jimmie Mayes-Missouri-2060
584,C.J. Austin,S,18,29,54,0.978,0.900,0.898,0.765,0.070,0.820,0.020,0.309,0.323,Florida,,,"Location: Has family in Colorado, and wants them to see one of his games.",,,,,,#N/A,,C.J. Austin-Florida-2060
585,Demetrius Hill,S,18,29,51,0.927,0.101,0.818,0.520,0.158,0.824,0.547,0.922,0.740,Mississippi,,,Location: Doesn't want to go outside his home region.,,,,,,#N/A,,Demetrius Hill-Mississippi-2060
586,Eric Ugwoegbu,OL,18,30,51,0.613,0.861,0.718,0.087,0.201,0.742,0.743,0.003,0.970,Virginia,,,Tradition: Wants to hear about your school's unique traditions,,,,,,#N/A,,Eric Ugwoegbu-Virginia-2060
587,Lyndon Nichols,OL,18,30,54,0.721,0.402,0.822,0.268,0.784,0.861,0.663,0.376,0.542,Florida,,,,,,,,,#N/A,,Lyndon Nichols-Florida-2060
588,Tevita Manning,OL,18,30,54,0.837,0.732,0.363,0.811,0.947,0.091,0.857,0.503,0.539,Colorado,,,ProPotential: Would prefer to be redshirted if not a projected draft pick.,,,,,,#N/A,,Tevita Manning-Colorado-2060
589,Collin Phillips,RB,18,31,49,0.012,0.769,0.153,0.212,0.916,0.190,0.702,0.302,0.624,Louisiana,,,ProPotential: Would prefer to be redshirted if not a projected draft pick.,,,,,,#N/A,,Collin Phillips-Louisiana-2060
590,Adam Rudd,CB,18,35,58,0.455,0.462,0.435,0.558,0.821,0.577,0.675,0.692,0.498,Louisiana,,,,,,,,,#N/A,,Adam Rudd-Louisiana-2060
591,Jay Ball,CB,18,35,55,0.761,0.796,0.581,0.513,0.712,0.006,0.499,0.157,0.156,Tennessee,,,,,,,,,#N/A,,Jay Ball-Tennessee-2060
592,Jamal McClover,CB,18,35,56,0.960,0.752,0.844,0.320,0.992,0.179,0.392,0.111,0.696,Texas,,,ProPotential: Is a fan of the Bears,,,,,,#N/A,,Jamal McClover-Texas-2060
593,Benjamin Carnagey,S,18,29,53,0.432,0.350,0.702,0.993,0.422,0.623,0.140,0.262,0.577,Texas,,,,,,,,,#N/A,,Benjamin Carnagey-Texas-2060
594,Christian Edwards,S,18,29,53,0.160,0.088,0.174,0.843,0.335,0.974,0.295,0.202,0.839,South Dakota,,,Prestige: Wants to play for a team that's dominated their conference,,,,,,#N/A,,Christian Edwards-South Dakota-2060
595,Brandon McKoy,S,18,29,51,0.566,0.311,0.450,0.674,0.743,0.079,0.978,0.423,0.974,New Jersey,,,Education: Wants to go to a school with smaller class sizes,,,,,,#N/A,,Brandon McKoy-New Jersey-2060
596,Raheem Malloy,S,18,29,51,0.789,0.775,0.464,0.570,0.620,0.071,0.812,0.477,0.485,Idaho,,,,,,,,,#N/A,,Raheem Malloy-Idaho-2060
597,Bryan Gordon,WR,18,33,55,0.955,0.582,0.918,0.808,0.172,0.231,0.576,0.553,0.910,Texas,,,"Location: Has family in New Mexico, and wants them to see one of his games.",,,,,,#N/A,,Bryan Gordon-Texas-2060
598,Ricky Nelson,WR,18,33,55,0.830,0.801,0.766,0.702,0.203,0.345,0.719,0.582,0.362,California,,,,,,,,,#N/A,,Ricky Nelson-California-2060
599,Daniel Arnold,WR,18,33,56,0.335,0.326,0.391,0.070,0.666,0.862,0.765,0.095,0.830,Minnesota,,,,,,,,,#N/A,,Daniel Arnold-Minnesota-2060
600,Elliott Benjamin,WR,18,33,57,0.391,0.371,0.389,0.342,0.242,0.337,0.171,0.648,0.697,Mississippi,,,,,,,,,#N/A,,Elliott Benjamin-Mississippi-2060
601,Kendrick Januska,WR,18,33,55,0.871,0.793,0.366,0.604,0.334,0.737,0.631,0.931,0.801,Michigan,,,Campus: Wants to hear about sponsorship opportunities around campus,,,,,,#N/A,,Kendrick Januska-Michigan-2060
602,Tyson Riley,WR,18,33,55,0.668,0.256,0.376,0.111,0.127,0.438,0.790,0.846,0.415,South Carolina,Rutgers,,,,,,,,#N/A,,Tyson Riley-South Carolina-2060
603,Montez Reddick,OL,18,30,51,0.635,0.044,0.728,0.605,0.544,0.281,0.653,0.829,0.679,Georgia,,,,,,,,,#N/A,,Montez Reddick-Georgia-2060
604,William Drake,OL,18,30,51,0.284,0.042,0.122,0.066,0.627,0.057,0.432,0.535,0.838,Texas,,,,,,,,,#N/A,,William Drake-Texas-2060
605,Andre Hoskin,OL,18,30,55,0.537,0.939,0.589,0.322,0.491,0.600,0.636,0.031,0.036,North Carolina,,,,,,,,,#N/A,,Andre Hoskin-North Carolina-2060
606,Leron Melo,CB,18,35,59,0.738,0.577,0.598,0.255,0.474,0.795,0.978,0.756,0.100,Arkansas,,,Education: Wants to study abroad in Israel,,,,,,#N/A,,Leron Melo-Arkansas-2060
607,Cameron Miller,WR,18,33,56,0.040,0.597,0.662,0.544,0.793,0.329,0.540,0.870,0.587,Virginia,,,,,,,,,#N/A,,Cameron Miller-Virginia-2060
608,Sage Hales,WR,18,33,55,0.161,0.283,0.161,0.921,0.550,0.009,0.588,0.957,0.972,New Mexico,,,Tradition: Wants to play on primetime TV,,,,,,#N/A,,Sage Hales-New Mexico-2060
609,Jack Taylor,WR,18,33,55,0.135,0.499,0.529,0.340,0.945,0.048,0.538,0.242,0.401,Minnesota,,,ProPotential: Is a fan of the Broncos,,,,,,#N/A,,Jack Taylor-Minnesota-2060
610,Chuck Majette,WR,18,33,54,0.868,0.242,0.639,0.772,0.087,0.562,0.462,0.163,0.660,Alabama,,,,,,,,,#N/A,,Chuck Majette-Alabama-2060
611,Joe Adams,QB,18,32,61,0.377,0.360,0.723,0.669,0.773,0.425,0.790,0.741,0.881,Texas,,,,,,,,,#N/A,,Joe Adams-Texas-2060
612,Paul Dickerson,QB,18,32,60,0.583,0.424,0.469,0.975,0.940,0.709,0.634,0.334,0.282,Oregon,,,Coach: Would like to see the coach sign an extension during his time at the school,,,,,,#N/A,,Paul Dickerson-Oregon-2060
613,Michael Davis,RB,18,31,50,0.929,0.064,0.928,0.171,0.348,0.391,0.608,0.552,0.299,Tennessee,,,Location: Wants to play as close to his home state as possible.,,,,,,#N/A,,Michael Davis-Tennessee-2060
614,Jose McQueen,RB,18,31,49,0.633,0.893,0.983,0.737,0.882,0.156,0.666,0.261,0.891,Arizona,,,Playing Time: Wants to be the starter by his sophomore year at the latest.,,,,,,#N/A,,Jose McQueen-Arizona-2060
615,Josh Richards,QB,18,32,61,0.998,0.450,0.755,0.557,0.953,0.491,0.213,0.747,0.004,California,,,"Location: Has family in Ohio, and wants them to see one of his games.",,,,,,#N/A,,Josh Richards-California-2060
616,Troy Castro,RB,18,31,50,0.972,0.195,0.046,0.644,0.433,0.480,0.875,0.076,0.759,New Jersey,,,Location: Wants to attend a flagship university,,,,,,#N/A,,Troy Castro-New Jersey-2060
617,Allen Morehead,DL,18,30,54,0.428,0.520,0.709,0.299,0.676,0.398,0.790,0.282,0.457,Wisconsin,,,,,,,,,#N/A,,Allen Morehead-Wisconsin-2060
618,Ishmael DeLande,DL,18,30,58,0.873,0.157,0.802,0.952,0.028,0.533,0.713,0.773,0.236,New Jersey,,,Coach: Would like to see the coach sign an extension during his time at the school,,,,,,#N/A,,Ishmael DeLande-New Jersey-2060
619,Patrick Reed,DL,18,30,57,0.506,0.177,0.196,0.367,0.339,0.719,0.232,0.234,0.795,Wisconsin,,,,,,,,,#N/A,,Patrick Reed-Wisconsin-2060
620,William Wells,P,18,44,68,0.307,0.498,0.016,0.970,0.590,0.900,0.979,0.047,0.243,Florida,,,Education: Wants to study abroad in France,,,,,,#N/A,,William Wells-Florida-2060
621,Marquez Gatling,DL,18,30,56,0.052,0.576,0.390,0.461,0.789,0.709,0.217,0.864,0.937,Florida,,,Tradition: Wants to hear about your school's past star players,,,,,,#N/A,,Marquez Gatling-Florida-2060
622,Brendan Pratt,DL,18,30,57,0.028,0.750,0.969,0.742,0.175,0.137,0.253,0.295,0.743,California,,,Playing Time: Wants to be the starter by his junior year at the latest.,,,,,,#N/A,,Brendan Pratt-California-2060
623,Stetson Savage,DL,18,30,54,0.913,0.373,0.661,0.895,0.025,0.944,0.108,0.301,0.683,Texas,,,Prestige: Would like to play in a bowl game every year,,,,,,#N/A,,Stetson Savage-Texas-2060
624,Joe Mathis,TE,18,26,47,0.783,0.952,0.003,0.479,0.261,0.646,0.431,0.831,0.512,Iowa,,,,,,,,,#N/A,,Joe Mathis-Iowa-2060
625,John Guillory,TE,18,26,48,0.051,0.018,0.249,0.333,0.163,0.219,0.629,0.326,0.092,Illinois,,,,,,,,,#N/A,,John Guillory-Illinois-2060
626,Chris Burley,TE,18,26,45,0.709,0.369,0.965,0.600,0.145,0.886,0.836,0.790,0.840,Georgia,,,Playing Time: Would prefer to play for a G5 school if it means being of greater significance to the team.,,,,,,#N/A,,Chris Burley-Georgia-2060
627,Justice Boykin,LB,18,28,47,0.320,0.869,0.098,0.898,0.368,0.778,0.454,0.167,0.533,Illinois,,,,,,,,,#N/A,,Justice Boykin-Illinois-2060
628,Joe Williams,LB,18,28,48,0.289,0.417,0.281,0.680,0.533,0.980,0.566,0.910,0.475,Florida,,,Prestige: Would like to play in a bowl game every year,,,,,,#N/A,,Joe Williams-Florida-2060
629,Tyler Tillman,LB,18,28,47,0.716,0.452,0.057,0.544,0.626,0.126,0.155,0.975,0.461,New York,,,Campus: Wants to know about the nightlife around the university,,,,,,#N/A,,Tyler Tillman-New York-2060
630,Antavious Lamur,TE,18,26,44,0.276,0.142,0.146,0.692,0.745,0.927,0.567,0.474,0.982,Tennessee,,,Tradition: Wants to hear about your school's unique traditions,,,,,,#N/A,,Antavious Lamur-Tennessee-2060
631,Kevin Walker,TE,18,26,44,0.806,0.110,0.061,0.598,0.534,0.177,0.640,0.752,0.719,Texas,Tulane,,,,,,,,#N/A,,Kevin Walker-Texas-2060
632,Mitchell Antoine,DL,18,30,54,0.008,0.830,0.108,0.576,0.447,0.835,0.137,0.279,0.581,Ohio,,,,,,,,,#N/A,,Mitchell Antoine-Ohio-2060
633,Bob Campbell,DL,18,30,57,0.108,0.533,0.926,0.170,0.372,0.866,0.242,0.799,0.099,Texas,,,Playing Time: Wants the chance to win a national award,,,,,,#N/A,,Bob Campbell-Texas-2060
634,Kevin Mitchell,DL,18,30,58,0.911,0.675,0.817,0.473,0.875,0.277,0.076,0.151,0.594,North Carolina,,,Location: Wants to play as many games in his home state as possible.,,,,,,#N/A,,Kevin Mitchell-North Carolina-2060
635,OJ Morgan,DL,18,30,54,0.353,0.801,0.980,0.077,0.889,0.915,0.122,0.094,0.301,North Carolina,,,Playing Time: Wants to be the starter by his sophomore year at the latest.,,,,,,#N/A,,OJ Morgan-North Carolina-2060
636,JC Vaughan,OL,18,29,51,0.585,0.378,0.895,0.909,0.216,0.770,0.485,0.468,0.472,Texas,,,Coach: Wants to play for a coach with a personal connection to their school,,,,,,#N/A,,JC Vaughan-Texas-2060
637,Jaylon Farmer,OL,18,29,51,0.895,0.592,0.981,0.375,0.818,0.474,0.259,0.522,0.275,Georgia,,,Playing Time: Wants an important role on the offense/defense.,,,,,,#N/A,,Jaylon Farmer-Georgia-2060
638,Malik Ward,CB,18,34,54,0.587,0.086,0.294,0.377,0.900,0.863,0.932,0.398,0.329,Texas,,,Education: Wants to major in math,,,,,,#N/A,,Malik Ward-Texas-2060
639,Mike Stone,TE,18,26,48,0.358,0.758,0.659,0.769,0.992,0.505,0.168,0.102,0.086,Arkansas,,,ProPotential: Wants to play for a school that has produced a lot of pros at his position.,,,,,,#N/A,,Mike Stone-Arkansas-2060
640,Sam Greene,TE,18,26,48,0.325,0.241,0.391,0.260,0.974,0.851,0.705,0.434,0.528,Nevada,Arizona,,ProPotential: Is a fan of the Steelers,,,,,,#N/A,,Sam Greene-Nevada-2060
641,Chris Bourne,LB,18,28,49,0.139,0.374,0.356,0.681,0.371,0.996,0.681,0.845,0.011,Missouri,,,,,,,,,#N/A,,Chris Bourne-Missouri-2060
642,Derrick Barton,LB,18,28,46,0.601,0.744,0.677,0.841,0.324,0.944,0.507,0.858,0.647,Washington D.C.,,,Prestige: Has ambitions of winning a national championship game,,,,,,#N/A,,Derrick Barton-Washington D.C.-2060
643,Chuck Richard,DL,18,30,56,0.437,0.638,0.597,0.602,0.735,0.483,0.924,0.825,0.713,Pennsylvania,,,Education: Wants to major in sports science,,,,,,#N/A,,Chuck Richard-Pennsylvania-2060
644,Mitchell Bosh,DL,18,30,57,0.595,0.885,0.849,0.519,0.189,0.834,0.866,0.254,0.415,Washington D.C.,Duke,,,,,,,,#N/A,,Mitchell Bosh-Washington D.C.-2060
645,Isiah Weaver,OL,18,29,54,0.285,0.093,0.251,0.408,0.542,0.462,0.623,0.356,0.448,Rhode Island,,,,,,,,,#N/A,,Isiah Weaver-Rhode Island-2060
646,Brian Johnson,WR,18,32,54,0.831,0.826,0.387,0.721,0.197,0.367,0.961,0.307,0.869,Alabama,Syracuse,,Education: Wants to major in sports science,,,,,,#N/A,,Brian Johnson-Alabama-2060
647,Sean Brown,WR,18,32,54,0.023,0.992,0.178,0.413,0.541,0.606,0.285,0.820,0.881,Vermont,,,,,,,,,#N/A,,Sean Brown-Vermont-2060
648,Britt Dunn,S,18,28,52,0.170,0.156,0.220,0.709,0.746,0.940,0.253,0.153,0.951,Georgia,,,Tradition: Wants to play for a team that has dominated their rivals,,,,,,#N/A,,Britt Dunn-Georgia-2060
649,Joel Barry,S,18,28,50,0.944,0.355,0.616,0.185,0.384,0.591,0.879,0.780,0.619,Pennsylvania,,,Location: Wants to play as many games in his home state as possible.,,,,,,#N/A,,Joel Barry-Pennsylvania-2060
650,Sam El-amin,S,18,28,50,0.701,0.218,0.571,0.485,0.282,0.601,0.445,0.081,0.386,Pennsylvania,,,,,,,,,#N/A,,Sam El-amin-Pennsylvania-2060
651,Elliot Miles,S,18,28,51,0.488,0.226,0.190,0.135,0.367,0.428,0.567,0.468,0.257,Kentucky,,,,,,,,,#N/A,,Elliot Miles-Kentucky-2060
652,Sidney Battle,LB,18,28,50,0.534,0.230,0.789,0.597,0.366,0.862,0.817,0.910,0.628,North Carolina,,,Campus: Wants to know food options near campus,,,,,,#N/A,,Sidney Battle-North Carolina-2060
653,Ben Gardner,LB,18,28,46,0.510,0.564,0.350,0.106,0.698,0.818,0.554,0.742,0.790,Florida,,,,,,,,,#N/A,,Ben Gardner-Florida-2060
654,George Whitworth,CB,18,34,56,0.890,0.731,0.407,0.462,0.971,0.061,0.842,0.926,0.436,Georgia,,,ProPotential: Has dreams of eventually becoming a first-round pick.,,,,,,#N/A,,George Whitworth-Georgia-2060
655,Jordan Craig,CB,18,34,57,0.370,0.347,0.625,0.939,0.690,0.944,0.551,0.030,0.613,Delaware,,,,,,,,,#N/A,,Jordan Craig-Delaware-2060
656,Dan Jelks,OL,18,29,53,0.296,0.820,0.295,0.072,0.466,0.609,0.486,0.318,0.879,Florida,,,,,,,,,#N/A,,Dan Jelks-Florida-2060
657,Terrell Edwards,OL,18,29,51,0.080,0.340,0.785,0.972,0.005,0.478,0.856,0.958,0.189,Florida,Utah State,,Coach: Wants to hear about the coach's passion for their school,,,,,,#N/A,,Terrell Edwards-Florida-2060
658,Gabe Bell,OL,18,29,51,0.199,0.090,0.961,0.795,0.126,0.787,0.380,0.311,0.939,Connecticut,,,Playing Time: Wants to see consistent playing time every season.,,,,,,#N/A,,Gabe Bell-Connecticut-2060
659,William Gold,WR,18,32,55,0.578,0.063,0.219,0.917,0.552,0.457,0.066,0.075,0.272,Missouri,,,Coach: Would like to see the coach sign an extension during his time at the school,,,,,,#N/A,,William Gold-Missouri-2060
660,Byron Mason,WR,18,32,55,0.710,0.894,0.521,0.772,0.776,0.232,0.774,0.021,0.770,Florida,,,,,,,,,#N/A,,Byron Mason-Florida-2060
661,Mike Bowling,WR,18,32,56,0.614,0.086,0.613,0.329,0.866,0.957,0.586,0.842,0.583,Alabama,,,,,,,,,#N/A,,Mike Bowling-Alabama-2060
662,Kevin Green,WR,18,32,54,0.625,0.635,0.697,0.695,0.495,0.154,0.210,0.786,0.195,Virginia,,,,,,,,,#N/A,,Kevin Green-Virginia-2060
663,Michael Manns,S,18,28,52,0.348,0.706,0.731,0.139,0.236,0.599,0.929,0.438,0.988,Kentucky,,,,,,,,,#N/A,,Michael Manns-Kentucky-2060
664,Hayden Fox,S,18,28,49,0.966,0.575,0.517,0.032,0.038,0.496,0.162,0.677,0.125,Kansas,,,Location: Wants to play alongside other players from his home state,,,,,,#N/A,,Hayden Fox-Kansas-2060
665,Justin Antoine,CB,18,34,56,0.816,0.334,0.344,0.440,0.704,0.436,0.400,0.839,0.876,Texas,,,,,,,,,#N/A,,Justin Antoine-Texas-2060
666,Brock Jennings,RB,18,30,52,0.619,0.255,0.970,0.052,0.148,0.908,0.630,0.999,0.853,Florida,Alabama,,Campus: Wants to attend a school with a beautiful campus,,,,,,#N/A,,Brock Jennings-Florida-2060
667,Mike Scott,OL,18,29,54,0.117,0.654,0.532,0.901,0.099,0.487,0.698,0.219,0.966,Kansas,,,,,,,,,#N/A,,Mike Scott-Kansas-2060
668,Jelani Gray,OL,18,29,51,0.355,0.809,0.132,0.836,0.906,0.048,0.057,0.134,0.231,Texas,,,ProPotential: Has dreams of eventually becoming a first-round pick.,,,,,,#N/A,,Jelani Gray-Texas-2060
669,Khairi Reuter,OL,18,29,53,0.713,0.670,0.863,0.136,0.956,0.371,0.978,0.382,0.622,Texas,,,Education: Wants to major in business,,,,,,#N/A,,Khairi Reuter-Texas-2060
670,Chaz Lloyd,WR,18,32,53,0.706,0.613,0.822,0.455,0.408,0.516,0.959,0.606,0.471,Mississippi,,,Education: Wants to major in journalism,,,,,,#N/A,,Chaz Lloyd-Mississippi-2060
671,Tyrell Pierce,WR,18,32,53,0.397,0.411,0.673,0.772,0.665,0.312,0.421,0.468,0.873,Ohio,,,,,,,,,#N/A,,Tyrell Pierce-Ohio-2060
672,Mike Buhr,WR,18,32,56,0.643,0.854,0.278,0.068,0.690,0.732,0.747,0.995,0.161,California,,,Campus: Wants to live in a major city,,,,,,#N/A,,Mike Buhr-California-2060
673,Brady Plackemeier,WR,18,32,56,0.519,0.079,0.622,0.515,0.003,0.247,0.804,0.304,0.102,Michigan,,,,,,,,,#N/A,,Brady Plackemeier-Michigan-2060
674,Brooks Mayberry,WR,18,32,54,0.116,0.334,0.187,0.183,0.071,0.483,0.208,0.383,0.137,Pennsylvania,,,,,,,,,#N/A,,Brooks Mayberry-Pennsylvania-2060
675,Josh Whiteside,CB,18,34,54,0.208,0.287,0.239,0.614,0.071,0.288,0.260,0.106,0.306,Pennsylvania,,,,,,,,,#N/A,,Josh Whiteside-Pennsylvania-2060
676,Ray Greene,S,18,28,53,0.949,0.658,0.397,0.030,0.985,0.245,0.663,0.745,0.458,Alabama,,,ProPotential: Wants to play for a coach who has produced a lot of pros at his position.,,,,,,#N/A,,Ray Greene-Alabama-2060
677,Drue Jones,S,18,28,50,0.941,0.302,0.537,0.797,0.067,0.229,0.401,0.673,0.424,Florida,,,"Location: Has family in Alaska, and wants them to see one of his games.",,,,,,#N/A,,Drue Jones-Florida-2060
678,Suleiman Boyd,RB,18,30,49,0.881,0.467,0.170,0.804,0.345,0.039,0.593,0.548,0.097,California,,,,,,,,,#N/A,,Suleiman Boyd-California-2060
679,Jalen Avery,RB,18,30,50,0.622,0.644,0.468,0.077,0.612,0.761,0.661,0.311,0.386,Georgia,,,,,,,,,#N/A,,Jalen Avery-Georgia-2060
680,Floyd Thompson,RB,18,30,50,0.270,0.660,0.955,0.919,0.309,0.485,0.420,0.371,0.383,Alabama,,,Playing Time: Would prefer to play for a less successful team if it means being of greater significance to the team.,,,,,,#N/A,,Floyd Thompson-Alabama-2060
681,Jorge Webb,RB,18,30,52,0.748,0.386,0.738,0.257,0.952,0.273,0.488,0.486,0.888,Georgia,,,ProPotential: Has dreams of eventually becoming a first-round pick.,,,,,,#N/A,,Jorge Webb-Georgia-2060
682,Cameron Bender,OL,18,29,54,0.846,0.187,0.424,0.589,0.814,0.346,0.619,0.435,0.054,Florida,,,,,,,,,#N/A,,Cameron Bender-Florida-2060
683,Tre Turner,OL,18,29,54,0.485,0.011,0.784,0.225,0.194,0.467,0.498,0.077,0.856,Missouri,,,,,,,,,#N/A,,Tre Turner-Missouri-2060
684,Nick Taylor,OL,18,29,51,0.288,0.682,0.364,0.621,0.799,0.558,0.586,0.244,0.183,Tennessee,,,,,,,,,#N/A,,Nick Taylor-Tennessee-2060
685,Corey Goodwin,WR,18,32,55,0.060,0.929,0.858,0.036,0.296,0.909,0.745,0.395,0.754,Alaska,,,Winning: Doesn't want to experience a losing season during his career.,,,,,,#N/A,,Corey Goodwin-Alaska-2060
686,Keegan Richardson,WR,18,32,57,0.430,0.410,0.754,0.086,0.903,0.175,0.959,0.408,0.822,Texas,,,Education: Wants to go to a private school,,,,,,#N/A,,Keegan Richardson-Texas-2060
687,Warren Henley,WR,18,32,54,0.446,0.007,0.666,0.824,0.193,0.363,0.469,0.900,0.298,California,,,Campus: Wants to get involved in student organizations,,,,,,#N/A,,Warren Henley-California-2060
688,Christian Mendenhall,QB,18,31,59,0.494,0.104,0.643,0.008,0.708,0.623,0.837,0.877,0.862,Missouri,,,,,,,,,#N/A,,Christian Mendenhall-Missouri-2060
689,Nate Phillips,QB,18,31,58,0.541,0.673,0.721,0.820,0.774,0.431,0.539,0.658,0.406,Oregon,,,,,,,,,#N/A,,Nate Phillips-Oregon-2060
690,Luke Hutton,S,18,28,49,0.525,0.709,0.000,0.825,0.782,0.809,0.555,0.126,0.336,Texas,,,,,,,,,#N/A,,Luke Hutton-Texas-2060
691,Ronald Cooley,S,18,28,49,0.011,0.849,0.977,0.543,0.378,0.219,0.850,0.588,0.859,Texas,,,Playing Time: Would prefer to play for a less successful team if it means being of greater significance to the team.,,,,,,#N/A,,Ronald Cooley-Texas-2060
692,Chavis Smith,WR,18,32,57,0.760,0.656,0.305,0.666,0.895,0.432,0.191,0.072,0.774,Virginia,,,,,,,,,#N/A,,Chavis Smith-Virginia-2060
693,Siosifa Trotter,WR,18,32,56,0.372,0.979,0.889,0.808,0.511,0.424,0.240,0.789,0.825,Tennessee,,,,,,,,,#N/A,,Siosifa Trotter-Tennessee-2060
694,Scott Battle,WR,18,32,53,0.869,0.700,0.941,0.318,0.382,0.794,0.462,0.058,0.558,Florida,,,Playing Time: Wants to see consistent playing time every season.,,,,,,#N/A,,Scott Battle-Florida-2060
695,Logan Thomas,WR,18,32,55,0.450,0.451,0.222,0.754,0.271,0.136,0.619,0.986,0.194,Maryland,,,Campus: Wants to hear about sponsorship opportunities around campus,,,,,,#N/A,,Logan Thomas-Maryland-2060
696,Bryce Williams,WR,18,32,55,0.413,0.818,0.405,0.821,0.785,0.700,0.312,0.861,0.911,Nevada,San Jose State,,Tradition: Wants to play for a team with a long football history,,,,,,#N/A,,Bryce Williams-Nevada-2060
697,Jaleen Maye,RB,18,30,48,0.672,0.431,0.753,0.166,0.831,0.636,0.522,0.975,0.246,California,,,Campus: Wants to attend a school with a beautiful campus,,,,,,#N/A,,Jaleen Maye-California-2060
698,Alex McCabe,RB,18,30,48,0.345,0.812,0.410,0.239,0.208,0.043,0.712,0.440,0.731,Wyoming,,,,,,,,,#N/A,,Alex McCabe-Wyoming-2060
699,Kashif Stanley,P,18,43,67,0.046,0.539,0.984,0.915,0.563,0.497,0.864,0.017,0.146,Pennsylvania,,,Playing Time: Would prefer to go somewhere he can start every season.,,,,,,#N/A,,Kashif Stanley-Pennsylvania-2060
700,Jacob Amos,QB,18,31,57,0.539,0.991,0.410,0.081,0.262,0.186,0.434,0.602,0.182,Indiana,,,Winning: Doesn't want to experience a losing season during his career.,,,,,,#N/A,,Jacob Amos-Indiana-2060
701,Luke Price,DL,18,29,53,0.808,0.266,0.521,0.121,0.339,0.981,0.337,0.193,0.820,Alabama,,,,,,,,,#N/A,,Luke Price-Alabama-2060
702,Christian Marshall,QB,18,31,56,0.174,0.247,0.092,0.889,0.932,0.706,0.107,0.715,0.516,New Hampshire,,,ProPotential: Is a fan of the Titans,,,,,,#N/A,,Christian Marshall-New Hampshire-2060
703,Wyatt Slater,QB,18,31,55,0.341,0.955,0.667,0.493,0.984,0.400,0.327,0.822,0.081,Mississippi,,,"ProPotential: Would like to be drafted in the top four rounds, if possible.",,,,,,#N/A,,Wyatt Slater-Mississippi-2060
704,Terry Harris,DL,18,29,56,0.724,0.299,0.591,0.504,0.818,0.692,0.339,0.584,0.092,Florida,,,,,,,,,#N/A,,Terry Harris-Florida-2060
705,Mo Tillman,DL,18,29,55,0.855,0.592,0.735,0.207,0.258,0.083,0.105,0.083,0.154,Texas,,,,,,,,,#N/A,,Mo Tillman-Texas-2060
706,Anthony Council,DL,18,29,55,0.639,0.708,0.481,0.848,0.338,0.168,0.211,0.849,0.037,Washington,,,,,,,,,#N/A,,Anthony Council-Washington-2060
707,Garland Smith,DL,18,29,54,0.758,0.332,0.534,0.253,0.314,0.506,0.943,0.902,0.676,Indiana,,,Education: Wants to major in English,,,,,,#N/A,,Garland Smith-Indiana-2060
708,Jonathan Jones,DL,18,29,55,0.693,0.161,0.912,0.390,0.846,0.001,0.960,0.481,0.210,Mississippi,,,Education: Wants to study abroad in Costa Rica,,,,,,#N/A,,Jonathan Jones-Mississippi-2060
709,Cory Folmar,DL,18,29,57,0.326,0.378,0.712,0.713,0.870,0.127,0.030,0.063,0.599,Florida,,,,,,,,,#N/A,,Cory Folmar-Florida-2060
710,Ryan Gardner,LB,18,27,47,0.060,0.425,0.311,0.012,0.035,0.516,0.970,0.845,0.494,South Carolina,,,Education: Wants to study abroad in Denmark,,,,,,#N/A,,Ryan Gardner-South Carolina-2060
711,Eric Martin,DL,18,29,54,0.225,0.638,0.975,0.300,0.086,0.363,0.207,0.168,0.385,Alabama,,,Playing Time: Wants an important role on the offense/defense.,,,,,,#N/A,,Eric Martin-Alabama-2060
712,Kirk Poland,DL,18,29,53,0.337,0.511,0.991,0.180,0.347,0.183,0.586,0.038,0.492,Maryland,,,Playing Time: Wants an important role on the offense/defense.,,,,,,#N/A,,Kirk Poland-Maryland-2060
713,Randy Hartmann,DL,18,29,56,0.173,0.021,0.595,0.266,0.925,0.948,0.321,0.899,0.252,Texas,,,,,,,,,#N/A,,Randy Hartmann-Texas-2060
714,Darrell Lacy,K,18,42,65,0.973,0.882,0.347,0.042,0.506,0.826,0.331,0.163,0.043,Oregon,,,Location: Wants to play as many games in his home state as possible.,,,,,,#N/A,,Darrell Lacy-Oregon-2060
715,Patrick Howard,LB,18,27,47,0.177,0.634,0.844,0.648,0.866,0.697,0.268,0.451,0.791,Minnesota,,,,,,,,,#N/A,,Patrick Howard-Minnesota-2060
716,Terrance Alves,DL,18,29,54,0.410,0.870,0.539,0.790,0.488,0.538,0.369,0.464,0.071,West Virginia,,,,,,,,,#N/A,,Terrance Alves-West Virginia-2060
717,Peyton Moore,DL,18,29,55,0.983,0.890,0.555,0.604,0.836,0.225,0.579,0.886,0.741,Georgia,,,"Location: Has family in Georgia, and wants them to see one of his games.",,,,,,#N/A,,Peyton Moore-Georgia-2060
718,Andy Reeves,CB,18,33,56,0.110,0.607,0.809,0.638,0.486,0.660,0.944,0.768,0.877,Florida,,,Education: Wants to major in chemistry,,,,,,#N/A,,Andy Reeves-Florida-2060
719,Brion Purifoy,CB,18,33,56,0.648,0.193,0.734,0.243,0.931,0.867,0.706,0.585,0.527,Maryland,,,ProPotential: Is a fan of the Chiefs,,,,,,#N/A,,Brion Purifoy-Maryland-2060
720,Isaiah Rizzo,TE,18,25,46,0.829,0.307,0.873,0.732,0.377,0.942,0.810,0.087,0.368,Texas,,,Prestige: Has ambitions of winning a national championship game,,,,,,#N/A,,Isaiah Rizzo-Texas-2060
721,Myles Whittingham,TE,18,25,47,0.216,0.605,0.057,0.042,0.584,0.372,0.532,0.093,0.981,Ohio,,,Tradition: Wants to play for a team that has dominated their rivals,,,,,,#N/A,,Myles Whittingham-Ohio-2060
722,Devin Davis,TE,18,25,46,0.569,0.376,0.866,0.931,0.359,0.224,0.540,0.970,0.017,Georgia,,,Campus: Wants to attend a school with a beautiful campus,,,,,,#N/A,,Devin Davis-Georgia-2060
723,Brian Trowell,TE,18,25,44,0.982,0.526,0.011,0.316,0.560,0.654,0.056,0.426,0.477,Texas,,,Location: Wants to play alongside other players from his home state,,,,,,#N/A,,Brian Trowell-Texas-2060
724,Ugo Carlsen,OL,18,28,51,0.815,0.682,0.455,0.413,0.138,0.267,0.174,0.964,0.464,Texas,,,Campus: Would prefer to attend a school with a rainy climate,,,,,,#N/A,,Ugo Carlsen-Texas-2060
725,Harold Gorman,OL,18,28,52,0.339,0.007,0.974,0.810,0.263,0.213,0.801,0.671,0.271,Texas,,,Playing Time: Would prefer to play for a G5 school if it means being of greater significance to the team.,,,,,,#N/A,,Harold Gorman-Texas-2060
726,Matt Henderson,OL,18,28,53,0.779,0.169,0.567,0.742,0.257,0.767,0.856,0.289,0.109,Illinois,,,,,,,,,#N/A,,Matt Henderson-Illinois-2060
727,Austin Jones,LB,18,27,48,0.072,0.815,0.517,0.644,0.156,0.836,0.273,0.239,0.527,Massachusetts,,,,,,,,,#N/A,,Austin Jones-Massachusetts-2060
728,Tre' Fagan,LB,18,27,46,0.321,0.492,0.185,0.069,0.881,0.077,0.316,0.316,0.519,Georgia,UCONN,,,,,,,,#N/A,,Tre' Fagan-Georgia-2060
729,Leonard Hawley,LB,18,27,46,0.701,0.659,0.796,0.460,0.343,0.810,0.422,0.042,0.281,Hawaii,,,,,,,,,#N/A,,Leonard Hawley-Hawaii-2060
730,Isaac Evans,LB,18,27,47,0.212,0.267,0.292,0.382,0.793,0.905,0.036,0.096,0.685,Arizona,,,Prestige: Has ambitions of winning a national championship game,,,,,,#N/A,,Isaac Evans-Arizona-2060
731,Jermaine Matthews,WR,18,31,53,0.919,0.448,0.890,0.822,0.858,0.543,0.511,0.742,0.223,Alabama,,,"Location: Has family in Oklahoma, and wants them to see one of his games.",,,,,,#N/A,,Jermaine Matthews-Alabama-2060
732,Mike Young,WR,18,31,54,0.120,0.031,0.102,0.904,0.440,0.811,0.252,0.843,0.634,American Samoa,,,Coach: Wants to play for the same coach his entire career.,,,,,,#N/A,,Mike Young-American Samoa-2060
733,Nikko Sanders,WR,18,31,56,0.035,0.485,0.130,0.760,0.854,0.882,0.389,0.894,0.727,North Carolina,,,,,,,,,#N/A,,Nikko Sanders-North Carolina-2060
734,Camren Pankey,TE,18,25,44,0.564,0.970,0.313,0.202,0.940,0.726,0.302,0.906,0.694,Texas,,,Winning: Would prefer to play for a team coming off at least 3 consecutive winning seasons.,,,,,,#N/A,,Camren Pankey-Texas-2060
735,Sam Walker,S,18,27,50,0.755,0.024,0.571,0.899,0.389,0.205,0.754,0.700,0.312,Texas,,,,,,,,,#N/A,,Sam Walker-Texas-2060
736,Dan Wilson,OL,18,28,50,0.626,0.582,0.452,0.117,0.806,0.213,0.898,0.200,0.971,Texas,,,Tradition: Wants to hear about your school's past star players,,,,,,#N/A,,Dan Wilson-Texas-2060
737,Kevin Henderson,LB,18,27,49,0.557,0.630,0.167,0.098,0.833,0.100,0.564,0.320,0.762,Hawaii,,,,,,,,,#N/A,,Kevin Henderson-Hawaii-2060
738,Dillon Bush,LB,18,27,48,0.065,0.465,0.340,0.089,0.364,0.762,0.277,0.774,0.818,Ohio,,,,,,,,,#N/A,,Dillon Bush-Ohio-2060
739,Jordan Brown,WR,18,31,55,0.923,0.585,0.691,0.833,0.378,0.036,0.108,0.393,0.277,Alabama,,,Location: Wants to attend a flagship university,,,,,,#N/A,,Jordan Brown-Alabama-2060
740,Caleb Peterson,WR,18,31,56,0.053,0.812,0.607,0.702,0.039,0.880,0.807,0.188,0.143,Nebraska,,,,,,,,,#N/A,,Caleb Peterson-Nebraska-2060
741,Rob Franks,WR,18,31,54,0.708,0.914,0.845,0.196,0.611,0.143,0.945,0.084,0.434,Pennsylvania,,,Education: Wants to go to a private school,,,,,,#N/A,,Rob Franks-Pennsylvania-2060
742,Chris Williams,WR,18,31,56,0.871,0.571,0.991,0.693,0.647,0.073,0.804,0.434,0.998,Florida,,,Tradition: Wants to play on primetime TV,,,,,,#N/A,,Chris Williams-Florida-2060
743,Michael Dunlap,OL,18,28,49,0.196,0.057,0.205,0.022,0.538,0.371,0.779,0.449,0.688,Maryland,,,,,,,,,#N/A,,Michael Dunlap-Maryland-2060
744,Gunnar Romo,OL,18,28,52,0.774,0.591,0.164,0.048,0.073,0.384,0.401,0.487,0.825,Georgia,,,,,,,,,#N/A,,Gunnar Romo-Georgia-2060
745,Dillon Williams,S,18,27,48,0.754,0.308,0.965,0.072,0.715,0.857,0.399,0.979,0.859,California,,,Campus: Would prefer to attend a school with a cold climate,,,,,,#N/A,,Dillon Williams-California-2060
746,Eli Langston,S,18,27,52,0.037,0.213,0.951,0.222,0.227,0.029,0.224,0.476,0.883,Texas,,,Playing Time: Would prefer to play for a less successful team if it means being of greater significance to the team.,,,,,,#N/A,,Eli Langston-Texas-2060
747,Jonathan Sayre,CB,18,33,54,0.261,0.734,0.820,0.846,0.649,0.859,0.083,0.530,0.371,Iowa,,,,,,,,,#N/A,,Jonathan Sayre-Iowa-2060
748,BJ Sankey,CB,18,33,54,0.812,0.003,0.651,0.656,0.204,0.607,0.141,0.085,0.328,Texas,,,,,,,,,#N/A,,BJ Sankey-Texas-2060
749,Kennedy Buchanan,LB,18,27,47,0.596,0.729,0.615,0.589,0.435,0.996,0.670,0.447,0.113,Texas,,,Prestige: Wants to win a conference championship,,,,,,#N/A,,Kennedy Buchanan-Texas-2060
750,Jae Blue,LB,18,27,47,0.370,0.672,0.240,0.299,0.547,0.592,0.128,0.084,0.389,Illinois,,,,,,,,,#N/A,,Jae Blue-Illinois-2060
751,Tyree Hendricks,WR,18,31,56,0.616,0.723,0.517,0.499,0.490,0.451,0.140,0.064,0.153,California,,,,,,,,,#N/A,,Tyree Hendricks-California-2060
752,Stephen Parker,WR,18,31,56,0.256,0.401,0.673,0.493,0.291,0.579,0.335,0.921,0.373,Indiana,,,Campus: Wants to know about the nightlife around the university,,,,,,#N/A,,Stephen Parker-Indiana-2060
753,Tanner Lister,WR,18,31,54,0.350,0.030,0.892,0.557,0.386,0.022,0.682,0.179,0.244,North Carolina,,,,,,,,,#N/A,,Tanner Lister-North Carolina-2060
754,Willie Carter,WR,18,31,54,0.629,0.918,0.392,0.483,0.872,0.272,0.261,0.583,0.374,Wyoming,,,Winning: Wants to win a lot of conference games during his career,,,,,,#N/A,,Willie Carter-Wyoming-2060
755,Brandon Fernandez,OL,18,28,51,0.263,0.693,0.700,0.637,0.512,0.388,0.262,0.814,0.234,Maryland,,,,,,,,,#N/A,,Brandon Fernandez-Maryland-2060
756,Micah Flint,OL,18,28,49,0.996,0.987,0.977,0.837,0.616,0.350,0.769,0.626,0.654,Pennsylvania,North Carolina,,Location: Wants to attend a flagship university,,,,,,#N/A,,Micah Flint-Pennsylvania-2060
757,Grant Wilkerson,OL,18,28,53,0.482,0.537,0.019,0.370,0.727,0.194,0.890,0.189,0.206,New Jersey,,,,,,,,,#N/A,,Grant Wilkerson-New Jersey-2060
758,Doug Mayo,S,18,27,48,0.864,0.550,0.562,0.777,0.445,0.259,0.867,0.339,0.506,Ohio,,,,,,,,,#N/A,,Doug Mayo-Ohio-2060
759,Logan Williams,TE,18,25,45,0.142,0.897,0.315,0.310,0.270,0.873,0.420,0.316,0.998,Maryland,,,,,,,,,#N/A,,Logan Williams-Maryland-2060
760,Jon Brown,TE,18,25,47,0.586,0.531,0.908,0.750,0.142,0.135,0.182,0.672,0.822,Kansas,,,Playing Time: Would prefer to go somewhere he can start every season.,,,,,,#N/A,,Jon Brown-Kansas-2060
761,Larry Coleman,WR,18,31,55,0.542,0.593,0.683,0.347,0.031,0.683,0.712,0.938,0.973,Texas,,,Tradition: Wants to play on primetime TV,,,,,,#N/A,,Larry Coleman-Texas-2060
762,Stephone Griffis,WR,18,31,56,0.407,0.191,0.507,0.627,0.207,0.622,0.023,0.347,0.770,South Dakota,,,,,,,,,#N/A,,Stephone Griffis-South Dakota-2060
763,Peter Beck,WR,18,31,56,0.453,0.453,0.587,0.381,0.375,0.941,0.609,0.375,0.461,Florida,California,,Prestige: Would like to win as many bowl games as possible during his career,,,,,,#N/A,,Peter Beck-Florida-2060
764,Logan Lewis,WR,18,31,53,0.256,0.539,0.933,0.702,0.416,0.286,0.648,0.680,0.460,Florida,,,Playing Time: Would prefer to play for a G5 school if it means being of greater significance to the team.,,,,,,#N/A,,Logan Lewis-Florida-2060
765,Justin Johnson,QB,18,30,54,0.837,0.610,0.604,0.485,0.228,0.803,0.883,0.457,0.551,Michigan,,,,,,,,,#N/A,,Justin Johnson-Michigan-2060
766,Ryan Oliver,K,18,41,62,0.969,0.486,0.190,0.670,0.058,0.889,0.632,0.177,0.687,Kansas,,,Location: Wants to play as close to his home state as possible.,,,,,,#N/A,,Ryan Oliver-Kansas-2060
767,Stanley Foster,OL,18,28,49,0.653,0.042,0.390,0.217,0.996,0.100,0.359,0.640,0.389,Michigan,,,ProPotential: Has dreams of eventually becoming a first-round pick.,,,,,,#N/A,,Stanley Foster-Michigan-2060
768,Dustin Henry,OL,18,28,52,0.021,0.384,0.422,0.234,0.682,0.415,0.316,0.124,0.223,Massachusetts,,,,,,,,,#N/A,,Dustin Henry-Massachusetts-2060
769,Chris Thompson,S,18,27,51,0.692,0.845,0.077,0.122,0.383,0.498,0.913,0.044,0.151,Texas,,,Education: Wants to go to a school with a good library,,,,,,#N/A,,Chris Thompson-Texas-2060
770,Julian Abdul-Jabbar,TE,18,25,46,0.516,0.219,0.240,0.774,0.761,0.755,0.608,0.835,0.259,Georgia,Washington,,,,,,,,#N/A,,Julian Abdul-Jabbar-Georgia-2060
771,Brandon Spencer,TE,18,25,45,0.151,0.734,0.636,0.688,0.752,0.686,0.114,0.971,0.537,New Jersey,,,Campus: Wants to get involved in student organizations,,,,,,#N/A,,Brandon Spencer-New Jersey-2060
772,Roderick Williams,TE,18,25,43,0.624,0.656,0.723,0.962,0.873,0.351,0.580,0.159,0.789,Florida,,,Coach: Wants to know what role his position plays in the coach's scheme.,,,,,,#N/A,,Roderick Williams-Florida-2060
773,Jamar Smith,WR,18,31,55,0.307,0.635,0.555,0.093,0.614,0.141,0.675,0.043,0.275,Missouri,,,,,,,,,#N/A,,Jamar Smith-Missouri-2060
774,Ben Olsen,WR,18,31,53,0.134,0.431,0.849,0.701,0.907,0.144,0.456,0.464,0.840,Iowa,,,"ProPotential: Would like to be drafted in the top four rounds, if possible.",,,,,,#N/A,,Ben Olsen-Iowa-2060
775,Quentin Turner,WR,18,31,53,0.465,0.450,0.496,0.661,0.175,0.509,0.738,0.708,0.369,South Carolina,,,,,,,,,#N/A,,Quentin Turner-South Carolina-2060
776,Judd Johnson,WR,18,31,54,0.557,0.273,0.563,0.682,0.016,0.471,0.697,0.874,0.464,Maryland,,,,,,,,,#N/A,,Judd Johnson-Maryland-2060
777,Maurice Pagan,WR,18,31,55,0.614,0.191,0.073,0.319,0.834,0.331,0.591,0.412,0.094,Wisconsin,,,,,,,,,#N/A,,Maurice Pagan-Wisconsin-2060
778,Tyler Walker,WR,18,31,53,0.894,0.858,0.763,0.069,0.048,0.383,0.876,0.783,0.639,Iowa,,,,,,,,,#N/A,,Tyler Walker-Iowa-2060
779,Jacob Dunn,K,18,41,61,0.859,0.635,0.706,0.011,0.778,0.312,0.908,0.219,0.113,Florida,,,Education: Wants to study abroad in Greece,,,,,,#N/A,,Jacob Dunn-Florida-2060
780,Nathan Finney,DL,18,28,54,0.743,0.674,0.263,0.805,0.247,0.352,0.049,0.791,0.306,Florida,,,,,,,,,#N/A,,Nathan Finney-Florida-2060
781,Jason Voeller,QB,18,30,57,0.918,0.082,0.716,0.409,0.591,0.822,0.763,0.276,0.045,Missouri,,,"Location: Has family in Indiana, and wants them to see one of his games.",,,,,,#N/A,,Jason Voeller-Missouri-2060
782,DeMarcus Johnson,QB,18,30,55,0.774,0.431,0.902,0.158,0.976,0.749,0.246,0.577,0.297,Texas,,,ProPotential: Has dreams of eventually becoming a first-round pick.,,,,,,#N/A,,DeMarcus Johnson-Texas-2060
783,Richard Huntley,QB,18,30,57,0.315,0.077,0.678,0.858,0.180,0.717,0.760,0.073,0.970,Delaware,,,Tradition: Wants to hear about your school's past star players,,,,,,#N/A,,Richard Huntley-Delaware-2060
784,Konner Reeves,DL,18,28,54,0.520,0.800,0.809,0.857,0.072,0.618,0.748,0.095,0.404,Missouri,,,,,,,,,#N/A,,Konner Reeves-Missouri-2060
785,A.J. Leasure,DL,18,28,53,0.603,0.468,0.167,0.779,0.768,0.944,0.915,0.422,0.258,Florida,,,Prestige: Wants to help increase a team's prestige,,,,,,#N/A,,A.J. Leasure-Florida-2060
786,Jameson Jones,LB,18,26,48,0.103,0.074,0.816,0.510,0.379,0.247,0.835,0.577,0.070,Texas,,,,,,,,,#N/A,,Jameson Jones-Texas-2060
787,Brett Greer,LB,18,26,45,0.004,0.462,0.677,0.154,0.655,0.895,0.731,0.966,0.823,Michigan,,,Campus: Wants to know food options near campus,,,,,,#N/A,,Brett Greer-Michigan-2060
788,Jamal Jones,LB,18,26,47,0.486,0.365,0.812,0.335,0.719,0.312,0.047,0.657,0.501,Texas,,,,,,,,,#N/A,,Jamal Jones-Texas-2060
789,Devante Dean,CB,18,32,53,0.615,0.773,0.774,0.001,0.498,0.868,0.945,0.752,0.048,Louisiana,,,Education: Wants to major in math,,,,,,#N/A,,Devante Dean-Louisiana-2060
790,Tyler Rufai,DL,18,28,51,0.583,0.548,0.595,0.184,0.556,0.076,0.395,0.589,0.434,Texas,,,,,,,,,#N/A,,Tyler Rufai-Texas-2060
791,Tramar Thompson,LB,18,26,46,0.310,0.164,0.823,0.970,0.951,0.885,0.195,0.116,0.880,Maryland,,,Coach: Wants to play for a coach with a personal connection to their school,,,,,,#N/A,,Tramar Thompson-Maryland-2060
792,Ben Cochran,LB,18,26,47,0.382,0.406,0.548,0.759,0.451,0.132,0.064,0.623,0.522,Ohio,,,,,,,,,#N/A,,Ben Cochran-Ohio-2060
793,Devin Boyle,LB,18,26,48,0.966,0.923,0.514,0.573,0.249,0.844,0.461,0.023,0.431,Ohio,,,Location: Wants to play as many games in his home state as possible.,,,,,,#N/A,,Devin Boyle-Ohio-2060
794,Tony Drake,CB,18,32,54,0.926,0.601,0.102,0.016,0.654,0.868,0.315,0.772,0.573,California,,,Location: Wants to play as many games in his home state as possible.,,,,,,#N/A,,Tony Drake-California-2060
795,Miki Coles,CB,18,32,55,0.841,0.985,0.276,0.860,0.196,0.594,0.133,0.164,0.217,Maryland,,,,,,,,,#N/A,,Miki Coles-Maryland-2060
796,Taurance Shorter,DL,18,28,52,0.665,0.951,0.783,0.373,0.464,0.371,0.656,0.997,0.668,Texas,,,Campus: Would prefer to attend a school with a cold climate,,,,,,#N/A,,Taurance Shorter-Texas-2060
797,Darron White,DL,18,28,53,0.041,0.515,0.690,0.066,0.671,0.125,0.705,0.823,0.335,Georgia,,,,,,,,,#N/A,,Darron White-Georgia-2060
798,Stephen Curtis,DL,18,28,55,0.275,0.295,0.373,0.197,0.933,0.448,0.895,0.562,0.089,Michigan,,,ProPotential: Is a fan of the 49ers,,,,,,#N/A,,Stephen Curtis-Michigan-2060
799,Duke Coleman,P,18,41,63,0.807,0.028,0.568,0.408,0.253,0.798,0.795,0.750,0.357,Alabama,,,,,,,,,#N/A,,Duke Coleman-Alabama-2060
800,Jon Drew,LB,18,26,45,0.613,0.156,0.837,0.601,0.573,0.489,0.887,0.413,0.654,Minnesota,,,,,,,,,#N/A,,Jon Drew-Minnesota-2060
801,Blair Conley,WR,18,30,51,0.063,0.266,0.192,0.671,0.440,0.619,0.860,0.635,0.944,North Carolina,,,Tradition: Wants to play in important rivalry games,,,,,,#N/A,,Blair Conley-North Carolina-2060
802,Billy Hatch,WR,18,30,55,0.147,0.956,0.829,0.041,0.913,0.572,0.413,0.865,0.438,Mississippi,,,,,,,,,#N/A,,Billy Hatch-Mississippi-2060
803,Demetrius Miles,WR,18,30,53,0.599,0.682,0.654,0.686,0.932,0.106,0.032,0.849,0.638,North Carolina,,,ProPotential: Is a fan of the Texans,,,,,,#N/A,,Demetrius Miles-North Carolina-2060
804,Jared Derry,CB,18,32,54,0.819,0.240,0.398,0.980,0.237,0.795,0.442,0.024,0.370,Texas,,,Coach: Wants to play for a successful coach.,,,,,,#N/A,,Jared Derry-Texas-2060
805,Khalid Mason,CB,18,32,55,0.656,0.878,0.669,0.468,0.075,0.433,0.846,0.983,0.400,Nevada,,,Campus: Wants to hear about sponsorship opportunities around campus,,,,,,#N/A,,Khalid Mason-Nevada-2060
806,Aaron Duggan,OL,18,27,50,0.315,0.825,0.493,0.843,0.820,0.813,0.544,0.775,0.069,Oklahoma,,,,,,,,,#N/A,,Aaron Duggan-Oklahoma-2060
807,Steven Neal,DL,18,28,52,0.401,0.702,0.938,0.651,0.050,0.726,0.721,0.627,0.321,Florida,,,Playing Time: Wants to be the starter by his sophomore year at the latest.,,,,,,#N/A,,Steven Neal-Florida-2060
808,Steven Terry,DL,18,28,51,0.709,0.070,0.926,0.048,0.588,0.859,0.484,0.225,0.680,Florida,,,Playing Time: Would prefer to play for a G5 school if it means being of greater significance to the team.,,,,,,#N/A,,Steven Terry-Florida-2060
809,Devin Printz,DL,18,28,55,0.112,0.020,0.030,0.368,0.378,0.393,0.394,0.142,0.905,Colorado,,,Tradition: Wants to play for a team with a long football history,,,,,,#N/A,,Devin Printz-Colorado-2060
810,Brent McCrory,DL,18,28,51,0.175,0.187,0.764,0.310,0.702,0.531,0.430,0.255,0.961,Montana,,,Tradition: Wants to play on primetime TV,,,,,,#N/A,,Brent McCrory-Montana-2060
811,Del Tucker,WR,18,30,51,0.178,0.752,0.238,0.655,0.462,0.029,0.519,0.060,0.088,Iowa,,,,,,,,,#N/A,,Del Tucker-Iowa-2060
812,Josh Deaton,WR,18,30,51,0.295,0.301,0.090,0.346,0.046,0.930,0.929,0.773,0.373,Kansas,,,Prestige: Has ambitions of winning a national championship game,,,,,,#N/A,,Josh Deaton-Kansas-2060
813,Richard Kimble,LB,18,26,47,0.597,0.479,0.258,0.583,0.950,0.307,0.305,0.599,0.132,Oklahoma,,,ProPotential: Is a fan of the Browns,,,,,,#N/A,,Richard Kimble-Oklahoma-2060
814,Kevin Frazier,LB,18,26,47,0.411,0.392,0.412,0.213,0.708,0.653,0.101,0.960,0.278,Pennsylvania,,,Campus: Would prefer to attend a school with a smaller student body population,,,,,,#N/A,,Kevin Frazier-Pennsylvania-2060
815,Corbin Stone,OL,18,27,49,0.467,0.327,0.340,0.158,0.815,0.396,0.996,0.799,0.835,North Carolina,,,Education: Wants to major in linguistics,,,,,,#N/A,,Corbin Stone-North Carolina-2060
816,Tariq Eaves,OL,18,27,51,0.697,0.578,0.585,0.474,0.785,0.779,0.848,0.687,0.258,Kansas,,,,,,,,,#N/A,,Tariq Eaves-Kansas-2060
817,Austin Dawkins,OL,18,27,50,0.255,0.635,0.672,0.611,0.998,0.208,0.586,0.502,0.711,California,,,"ProPotential: Would like to be drafted in the top four rounds, if possible.",,,,,,#N/A,,Austin Dawkins-California-2060
818,Khalil Norwood,TE,18,24,43,0.417,0.981,0.379,0.484,0.506,0.818,0.270,0.572,0.161,Texas,,,,,,,,,#N/A,,Khalil Norwood-Texas-2060
819,Antonio Wise,TE,18,24,43,0.952,0.923,0.600,0.391,0.985,0.547,0.024,0.804,0.424,Indiana,,,ProPotential: Is a fan of the Giants,,,,,,#N/A,,Antonio Wise-Indiana-2060
820,DeVaughn Austin,WR,18,30,53,0.103,0.396,0.828,0.925,0.782,0.151,0.692,0.221,0.263,Florida,Delaware,,Coach: Wants to be assured that his coach won't cut him.,,,,,,#N/A,,DeVaughn Austin-Florida-2060
821,Denzell Robbins,WR,18,30,55,0.889,0.363,0.370,0.226,0.486,0.063,0.343,0.600,0.513,Nevada,,,,,,,,,#N/A,,Denzell Robbins-Nevada-2060
822,Ray Boyer,WR,18,30,51,0.812,0.824,0.653,0.234,0.538,0.261,0.489,0.847,0.249,Florida,,,,,,,,,#N/A,,Ray Boyer-Florida-2060
823,Daniel Hill,WR,18,30,53,0.944,0.449,0.805,0.226,0.837,0.561,0.237,0.076,0.393,Utah,,,Location: Doesn't want to go outside his home region.,,,,,,#N/A,,Daniel Hill-Utah-2060
824,Mike Dickerson,WR,18,30,54,0.761,0.906,0.519,0.246,0.455,0.205,0.385,0.103,0.943,Arkansas,,,Tradition: Wants to hear about your school's unique traditions,,,,,,#N/A,,Mike Dickerson-Arkansas-2060
825,Vance Fitzpatrick,LB,18,26,48,0.641,0.098,0.832,0.658,0.521,0.464,0.104,0.766,0.341,New York,,,,,,,,,#N/A,,Vance Fitzpatrick-New York-2060
826,Chris Gordon,LB,18,26,44,0.564,0.010,0.942,0.829,0.824,0.754,0.527,0.835,0.387,Michigan,,,Playing Time: Would prefer to be redshirted to further develop and start on a better Team,,,,,,#N/A,,Chris Gordon-Michigan-2060
827,Joe Carter,LB,18,26,46,0.526,0.350,0.345,0.724,0.217,0.107,0.231,0.418,0.420,Texas,,,,,,,,,#N/A,,Joe Carter-Texas-2060
828,Olivier Rodriguez,LB,18,26,47,0.253,0.089,0.750,0.925,0.881,0.126,0.859,0.185,0.220,Georgia,,,Coach: Wants to play for a coach with a personal connection to their school,,,,,,#N/A,,Olivier Rodriguez-Georgia-2060
829,Joe Leon,LB,18,26,44,0.909,0.332,0.311,0.197,0.769,0.644,0.563,0.078,0.693,Virginia,,,Location: Wants to attend a flagship university,,,,,,#N/A,,Joe Leon-Virginia-2060
830,Demetrius Pride,LB,18,26,44,0.685,0.028,0.148,0.438,0.354,0.768,0.383,0.597,0.117,North Carolina,,,,,,,,,#N/A,,Demetrius Pride-North Carolina-2060
831,Colt Morel,K,18,40,60,0.313,0.651,0.593,0.894,0.849,0.993,0.165,0.532,0.731,Alabama,,,Prestige: Would like to win as many bowl games as possible during his career,,,,,,#N/A,,Colt Morel-Alabama-2060
832,Thomas Burton,OL,18,27,47,0.798,0.465,0.395,0.279,0.453,0.387,0.493,0.632,0.301,Montana,,,,,,,,,#N/A,,Thomas Burton-Montana-2060
833,Alex Callahan,TE,18,24,42,0.541,0.002,0.926,0.718,0.586,0.739,0.553,0.533,0.181,California,Grambling State,,Playing Time: Wants to put up big stats.,,,,,,#N/A,,Alex Callahan-California-2060
834,Brandon McCarron,TE,18,24,45,0.202,0.647,0.654,0.205,0.632,0.025,0.733,0.111,0.978,California,,,Tradition: Wants to play in important rivalry games,,,,,,#N/A,,Brandon McCarron-California-2060
835,James Lewis,S,18,26,48,0.475,0.131,0.278,0.983,0.116,0.971,0.377,0.907,0.548,Texas,,,Coach: Would like to see the coach sign an extension during his time at the school,,,,,,#N/A,,James Lewis-Texas-2060
836,Allen Guyton,WR,18,30,54,0.566,0.740,0.787,0.555,0.390,0.972,0.058,0.763,0.682,Minnesota,,,Prestige: Would like to win as many bowl games as possible during his career,,,,,,#N/A,,Allen Guyton-Minnesota-2060
837,Daniel Drew,K,18,40,64,0.208,0.314,0.128,0.242,0.513,0.599,0.432,0.931,0.319,Tennessee,,,Campus: Wants the campus to be near forests,,,,,,#N/A,,Daniel Drew-Tennessee-2060
838,Seth Harris,OL,18,27,51,0.122,0.764,0.259,0.557,0.852,0.547,0.794,0.931,0.326,Florida,,,Campus: Wants to live in a major city,,,,,,#N/A,,Seth Harris-Florida-2060
839,Chad Chandler,S,18,26,48,0.938,0.153,0.546,0.238,0.536,0.908,0.650,0.902,0.076,Utah,,,"Location: Has family in Mississippi, and wants them to see one of his games.",,,,,,#N/A,,Chad Chandler-Utah-2060
840,Hakeem Davis,S,18,26,48,0.026,0.552,0.287,0.375,0.908,0.252,0.188,0.736,0.859,California,,,ProPotential: Wants to play for a school that has produced a lot of pros at his position.,,,,,,#N/A,,Hakeem Davis-California-2060
841,Stephen Roberts,S,18,26,47,0.732,0.310,0.520,0.477,0.764,0.611,0.969,0.141,0.390,Kentucky,,,Education: Wants to go to medical school,,,,,,#N/A,,Stephen Roberts-Kentucky-2060
842,Keith Paskorz,S,18,26,48,0.403,0.431,0.184,0.930,0.298,0.338,0.480,0.635,0.396,Louisiana,Utah,,Coach: Wants to be assured that his coach won't cut him.,,,,,,#N/A,,Keith Paskorz-Louisiana-2060
843,Kyle Martin,S,18,26,46,0.410,0.232,0.356,0.437,0.129,0.840,0.796,0.137,0.511,Texas,,,,,,,,,#N/A,,Kyle Martin-Texas-2060
844,Brandon Ingersoll,OL,18,27,48,0.163,0.812,0.184,0.650,0.014,0.096,0.086,0.305,0.856,Tennessee,,,,,,,,,#N/A,,Brandon Ingersoll-Tennessee-2060
845,Luke Renner,OL,18,27,49,0.081,0.132,0.837,0.442,0.323,0.943,0.251,0.973,0.251,Indiana,,,Campus: Wants to live in a major city,,,,,,#N/A,,Luke Renner-Indiana-2060
846,Jamarco Aucoin,OL,18,27,49,0.542,0.202,0.965,0.623,0.976,0.870,0.485,0.028,0.584,Rhode Island,,,ProPotential: Wants to play for a school that has produced a lot of pros at his position.,,,,,,#N/A,,Jamarco Aucoin-Rhode Island-2060
847,Trent Grace,QB,18,29,56,0.244,0.315,0.824,0.652,0.746,0.125,0.298,0.827,0.048,Alabama,,,,,,,,,#N/A,,Trent Grace-Alabama-2060
848,Steve Moss,QB,18,29,55,0.983,0.941,0.554,0.100,0.820,0.231,0.203,0.997,0.988,New Hampshire,,,Campus: Would prefer to attend a school with a cold climate,,,,,,#N/A,,Steve Moss-New Hampshire-2060
849,Kendall Hannah,QB,18,29,54,0.660,0.267,0.292,0.686,0.329,0.306,0.069,0.113,0.059,Utah,,,,,,,,,#N/A,,Kendall Hannah-Utah-2060
850,Isaiah Ramey,S,18,26,48,0.207,0.909,0.180,0.352,0.222,0.613,0.408,0.565,0.461,Texas,North Dakota State,,,,,,,,#N/A,,Isaiah Ramey-Texas-2060
851,Deon Smith,TE,18,24,43,0.925,0.851,0.167,0.637,0.885,0.926,0.856,0.944,0.865,American Samoa,,,Campus: Wants to attend a school with a beautiful campus,,,,,,#N/A,,Deon Smith-American Samoa-2060
852,Ivan McClure,QB,18,29,57,0.121,0.695,0.061,0.543,0.001,0.820,0.838,0.184,0.309,California,,,,,,,,,#N/A,,Ivan McClure-California-2060
853,Freddie Middleton,QB,18,29,57,0.525,0.248,0.348,0.343,0.497,0.878,0.778,0.167,0.040,New Jersey,,,,,,,,,#N/A,,Freddie Middleton-New Jersey-2060
854,Joe Porch,CB,18,31,51,0.547,0.018,0.922,0.520,0.980,0.951,0.325,0.506,0.882,Indiana,Maryland,,ProPotential: Wants to play for a coach who has produced a lot of pros at his position.,,,,,,#N/A,,Joe Porch-Indiana-2060
855,Josh Newsom,CB,18,31,54,0.390,0.189,0.885,0.975,0.463,0.474,0.823,0.183,0.646,New Jersey,,,,,,,,,#N/A,,Josh Newsom-New Jersey-2060
856,Justin Ruffin,CB,18,31,53,0.511,0.168,0.451,0.196,0.513,0.745,0.202,0.705,0.069,Michigan,,,,,,,,,#N/A,,Justin Ruffin-Michigan-2060
857,Brian Allred,RB,18,28,45,0.151,0.202,0.446,0.207,0.403,0.283,0.597,0.649,0.666,Arizona,,,,,,,,,#N/A,,Brian Allred-Arizona-2060
858,Jordan Craven,RB,18,28,46,0.162,0.725,0.628,0.183,0.735,0.971,0.265,0.826,0.646,Virginia,,,Prestige: Wants to win a conference championship,,,,,,#N/A,,Jordan Craven-Virginia-2060
859,Willie Lewis,DL,18,27,53,0.244,0.513,0.956,0.590,0.526,0.156,0.652,0.543,0.285,Connecticut,,,Playing Time: Wants to see consistent playing time every season.,,,,,,#N/A,,Willie Lewis-Connecticut-2060
860,Jamaal Williams,CB,18,31,52,0.004,0.971,0.446,0.332,0.970,0.074,0.289,0.856,0.107,Florida,,,,,,,,,#N/A,,Jamaal Williams-Florida-2060
861,Alfred Day,CB,18,31,52,0.434,0.363,0.162,0.337,0.625,0.582,0.929,0.888,0.793,North Dakota,,,Education: Wants to hear how your school supports athletes academically,,,,,,#N/A,,Alfred Day-North Dakota-2060
862,Tre Saunders,DL,18,27,53,0.493,0.022,0.388,0.179,0.619,0.752,0.922,0.049,0.579,Florida,,,Education: Wants to major in chemistry,,,,,,#N/A,,Tre Saunders-Florida-2060
863,Tom King,DL,18,27,52,0.404,0.536,0.860,0.539,0.868,0.267,0.723,0.953,0.003,Michigan,,,Campus: Wants to attend a school with a beautiful campus,,,,,,#N/A,,Tom King-Michigan-2060
864,Jarod Edmondson,DL,18,27,53,0.582,0.584,0.994,0.781,0.162,0.763,0.027,0.839,0.536,Utah,,,Playing Time: Wants an important role on the offense/defense.,,,,,,#N/A,,Jarod Edmondson-Utah-2060
865,Abraham Jones,DL,18,27,50,0.643,0.183,0.761,0.181,0.877,0.108,0.307,0.205,0.579,North Carolina,,,,,,,,,#N/A,,Abraham Jones-North Carolina-2060
866,Nick Seals-Jones,CB,18,31,54,0.318,0.108,0.142,0.914,0.049,0.015,0.511,0.729,0.542,West Virginia,,,,,,,,,#N/A,,Nick Seals-Jones-West Virginia-2060
867,Will Jones,CB,18,31,52,0.634,0.422,0.435,0.031,0.137,0.405,0.094,0.800,0.308,Texas,,,,,,,,,#N/A,,Will Jones-Texas-2060
868,Walter Jennings,CB,18,31,52,0.253,0.333,0.432,0.898,0.005,0.744,0.554,0.977,0.233,Pennsylvania,,,Campus: Wants to attend a school with a beautiful campus,,,,,,#N/A,,Walter Jennings-Pennsylvania-2060
869,Austin Plackemeier,DL,18,27,54,0.196,0.932,0.146,0.098,0.478,0.558,0.253,0.385,0.321,California,,,Winning: Doesn't want to experience a losing season during his career.,,,,,,#N/A,,Austin Plackemeier-California-2060
870,Justin Worthy,DL,18,27,52,0.334,0.583,0.218,0.859,0.359,0.180,0.138,0.505,0.867,Illinois,,,,,,,,,#N/A,,Justin Worthy-Illinois-2060
871,Joe Miller,DL,18,27,52,0.953,0.962,0.685,0.513,0.042,0.841,0.007,0.375,0.866,Utah,James Madison,,Winning: Doesn't want to experience a losing season during his career.,,,,,,#N/A,,Joe Miller-Utah-2060
872,Craig Carrington,CB,18,31,50,0.060,0.496,0.880,0.857,0.872,0.136,0.149,0.319,0.658,Louisiana,,,,,,,,,#N/A,,Craig Carrington-Louisiana-2060
873,Zach Shope,CB,18,31,51,0.222,0.749,0.739,0.232,0.717,0.203,0.420,0.437,0.617,Louisiana,,,,,,,,,#N/A,,Zach Shope-Louisiana-2060
874,Connor Merrick,WR,18,29,53,0.360,0.110,0.536,0.886,0.282,0.167,0.203,0.306,0.937,Wisconsin,Washington State,,Tradition: Wants to play in important rivalry games,,,,,,#N/A,,Connor Merrick-Wisconsin-2060
875,Ken Reeves,DL,18,27,52,0.899,0.859,0.898,0.230,0.934,0.924,0.274,0.249,0.590,Georgia,,,ProPotential: Is a fan of the Bengals,,,,,,#N/A,,Ken Reeves-Georgia-2060
876,Melvin Hillard,DL,18,27,53,0.652,0.585,0.361,0.326,0.645,0.489,0.316,0.572,0.240,Vermont,,,,,,,,,#N/A,,Melvin Hillard-Vermont-2060
877,Donte Chester,LB,18,25,45,0.044,0.976,0.959,0.090,0.951,0.244,0.134,0.842,0.674,Texas,,,,,,,,,#N/A,,Donte Chester-Texas-2060
878,Doug Olsen,LB,18,25,45,0.501,0.348,0.409,0.207,0.798,0.557,0.334,0.506,0.128,California,,,,,,,,,#N/A,,Doug Olsen-California-2060
879,Jay Ludwig,LB,18,25,43,0.205,0.088,0.629,0.119,0.143,0.468,0.966,0.336,0.979,Alabama,,,Tradition: Wants to play for a team that has dominated their rivals,,,,,,#N/A,,Jay Ludwig-Alabama-2060
880,Mike Slater,LB,18,25,44,0.735,0.945,0.482,0.856,0.027,0.657,0.707,0.650,0.126,California,,,Winning: Doesn't want to experience a losing season during his career.,,,,,,#N/A,,Mike Slater-California-2060
881,Mike Sanders,LB,18,25,45,0.953,0.187,0.514,0.863,0.539,0.316,0.608,0.046,0.914,New York,,,"Location: Has family in Washington, and wants them to see one of his games.",,,,,,#N/A,,Mike Sanders-New York-2060
882,Zach Jacobs,K,18,39,63,0.752,0.246,0.277,0.818,0.860,0.047,0.124,0.559,0.163,Alabama,,,,,,,,,#N/A,,Zach Jacobs-Alabama-2060
883,J.T. Finch,WR,18,29,49,0.526,0.672,0.379,0.077,0.185,0.371,0.214,0.916,0.028,North Carolina,,,Campus: Wants there to be a strong Greek Life community on campus,,,,,,#N/A,,J.T. Finch-North Carolina-2060
884,James Brooks,DL,18,27,52,0.342,0.413,0.208,0.593,0.596,0.081,0.156,0.508,0.379,Washington,,,,,,,,,#N/A,,James Brooks-Washington-2060
885,John Logan,OL,18,26,47,0.799,0.770,0.946,0.455,0.060,0.883,0.888,0.704,0.466,Florida,,,Playing Time: Would prefer to play for a G5 school if it means being of greater significance to the team.,,,,,,#N/A,,John Logan-Florida-2060
886,Brayden Cuccia,OL,18,26,48,0.874,0.015,0.923,0.026,0.675,0.488,0.434,0.948,0.986,Virginia,,,Tradition: Wants to hear about your school's fan support,,,,,,#N/A,,Brayden Cuccia-Virginia-2060
887,Marcus Davis,LB,18,25,43,0.463,0.922,0.087,0.577,0.107,0.174,0.265,0.231,0.823,Arizona,,,Winning: Would prefer to play for a team coming off at least 3 consecutive winning seasons.,,,,,,#N/A,,Marcus Davis-Arizona-2060
888,Eli Garner,LB,18,25,44,0.251,0.960,0.219,0.252,0.888,0.026,0.822,0.357,0.835,South Carolina,Georgia,,Winning: Doesn't want to experience a losing season during his career.,,,,,,#N/A,,Eli Garner-South Carolina-2060
889,Caleb Love,WR,18,29,52,0.260,0.091,0.489,0.459,0.594,0.831,0.827,0.312,0.602,Florida,,,,,,,,,#N/A,,Caleb Love-Florida-2060
890,Keenan Brown,OL,18,26,46,0.096,0.394,0.660,0.870,0.815,0.179,0.376,0.048,0.609,Massachusetts,,,,,,,,,#N/A,,Keenan Brown-Massachusetts-2060
891,Brandon Hyman,LB,18,25,45,0.296,0.116,0.867,0.417,0.030,0.109,0.415,0.332,0.286,Virginia,,,,,,,,,#N/A,,Brandon Hyman-Virginia-2060
892,Caleb Selby,LB,18,25,46,0.110,0.881,0.561,0.652,0.260,0.600,0.575,0.788,0.669,Hawaii,,,,,,,,,#N/A,,Caleb Selby-Hawaii-2060
893,Ulysses Dickerson,S,18,25,47,0.885,0.250,0.555,0.792,0.248,0.842,0.223,0.177,0.597,California,,,,,,,,,#N/A,,Ulysses Dickerson-California-2060
894,Ryan Gillespie,S,18,25,45,0.112,0.153,0.749,0.960,0.153,0.511,0.166,0.876,0.079,Mississippi,,,,,,,,,#N/A,,Ryan Gillespie-Mississippi-2060
895,Sam Bobo,OL,18,26,48,0.513,0.822,0.783,0.873,0.199,0.239,0.835,0.766,0.388,Alabama,,,,,,,,,#N/A,,Sam Bobo-Alabama-2060
896,Tremain Johns,TE,18,23,43,0.747,0.344,0.821,0.468,0.655,0.155,0.083,0.820,0.421,California,,,,,,,,,#N/A,,Tremain Johns-California-2060
897,Jonathan Rochell,TE,18,23,43,0.356,0.159,0.875,0.544,0.517,0.239,0.567,0.352,0.057,California,,,,,,,,,#N/A,,Jonathan Rochell-California-2060
898,Clay Watson,TE,18,23,42,0.082,0.109,0.822,0.560,0.769,0.490,0.914,0.536,0.568,Ohio,,,Education: Wants to major in English,,,,,,#N/A,,Clay Watson-Ohio-2060
899,Andrew Berry,P,18,39,62,0.421,0.618,0.834,0.844,0.654,0.667,0.798,0.307,0.556,Kentucky,,,,,,,,,#N/A,,Andrew Berry-Kentucky-2060
900,Taron Lewis,LB,18,25,45,0.926,0.832,0.873,0.303,0.452,0.042,0.728,0.400,0.622,South Carolina,,,Location: Wants to play alongside other players from his home state,,,,,,#N/A,,Taron Lewis-South Carolina-2060
901,Josh Covey,LB,18,25,46,0.750,0.260,0.614,0.630,0.499,0.890,0.732,0.064,0.270,Connecticut,,,,,,,,,#N/A,,Josh Covey-Connecticut-2060
902,Ernie Hardy,LB,18,25,45,0.896,0.343,0.436,0.528,0.269,0.151,0.076,0.606,0.841,Texas,,,,,,,,,#N/A,,Ernie Hardy-Texas-2060
903,Aaron Maggio,LB,18,25,46,0.890,0.730,0.741,0.709,0.986,0.421,0.345,0.419,0.937,Missouri,,,ProPotential: Would prefer to be redshirted if not a projected draft pick.,,,,,,#N/A,,Aaron Maggio-Missouri-2060
904,Willie Osei,WR,18,29,53,0.340,0.296,0.286,0.609,0.473,0.535,0.363,0.397,0.424,California,,,,,,,,,#N/A,,Willie Osei-California-2060
905,Kenyon Brown,WR,18,29,49,0.990,0.457,0.586,0.228,0.500,0.382,0.329,0.383,0.709,Michigan,,,"Location: Has family in New York, and wants them to see one of his games.",,,,,,#N/A,,Kenyon Brown-Michigan-2060
906,Malcolm Williams,S,18,25,45,0.703,0.701,0.912,0.082,0.648,0.387,0.746,0.601,0.835,Florida,,,Playing Time: Would prefer to be redshirted to further develop and start on a better Team,,,,,,#N/A,,Malcolm Williams-Florida-2060
907,Adam Pritchard,S,18,25,46,0.539,0.204,0.565,0.440,0.504,0.553,0.937,0.322,0.618,Colorado,,,Education: Wants to major in geology,,,,,,#N/A,,Adam Pritchard-Colorado-2060
908,Jayson Ray,S,18,25,47,0.936,0.636,0.884,0.466,0.876,0.159,0.179,0.747,0.610,Virginia,,,"Location: Has family in Kansas, and wants them to see one of his games.",,,,,,#N/A,,Jayson Ray-Virginia-2060
909,Michael Tinker,S,18,25,47,0.055,0.962,0.014,0.621,0.024,0.130,0.375,0.342,0.423,Florida,,,,,,,,,#N/A,,Michael Tinker-Florida-2060
910,Trey Robinson,QB,18,28,51,0.846,0.112,0.567,0.196,0.725,0.259,0.154,0.142,0.820,Texas,,,,,,,,,#N/A,,Trey Robinson-Texas-2060
911,Joseph Bourne,OL,18,26,49,0.487,0.577,0.671,0.212,0.529,0.195,0.229,0.545,0.939,Ohio,,,Tradition: Wants to play for a team with a long football history,,,,,,#N/A,,Joseph Bourne-Ohio-2060
912,Jay Frazier,P,18,39,61,0.763,0.464,0.557,0.750,0.097,0.566,0.382,0.964,0.160,New Jersey,,,Campus: Wants the campus to be near forests,,,,,,#N/A,,Jay Frazier-New Jersey-2060
913,Willis Thompson,P,18,39,60,0.999,0.632,0.171,0.968,0.736,0.320,0.405,0.528,0.687,Florida,,,"Location: Has family in Oregon, and wants them to see one of his games.",,,,,,#N/A,,Willis Thompson-Florida-2060
914,Byron Benson,LB,18,25,43,0.648,0.735,0.041,0.873,0.396,0.401,0.770,0.437,0.705,New Jersey,,,,,,,,,#N/A,,Byron Benson-New Jersey-2060
915,Charles Fonua,LB,18,25,46,0.118,0.671,0.062,0.176,0.484,0.794,0.708,0.648,0.508,Tennessee,,,,,,,,,#N/A,,Charles Fonua-Tennessee-2060
916,Jashawn Phillips,K,18,38,59,0.413,0.987,0.373,0.739,0.225,0.590,0.190,0.892,0.092,Iowa,,,,,,,,,#N/A,,Jashawn Phillips-Iowa-2060
917,Jordan Whitfield,K,18,38,60,0.280,0.016,0.625,0.746,0.509,0.562,0.128,0.144,0.948,New York,,,Tradition: Wants to play for a team with a long football history,,,,,,#N/A,,Jordan Whitfield-New York-2060
918,Zach Petrie,S,18,25,46,0.176,0.456,0.894,0.436,0.419,0.779,0.181,0.207,0.334,Illinois,,,,,,,,,#N/A,,Zach Petrie-Illinois-2060
919,Casey Eure,S,18,25,48,0.203,0.029,0.639,0.269,0.880,0.522,0.549,0.330,0.622,Texas,,,,,,,,,#N/A,,Casey Eure-Texas-2060
920,Brandon Brock,S,18,25,47,0.789,0.218,0.211,0.800,0.197,0.073,0.677,0.245,0.669,Nebraska,,,,,,,,,#N/A,,Brandon Brock-Nebraska-2060
921,Christian Simpson,S,18,25,46,0.429,0.778,0.731,0.095,0.295,0.910,0.265,0.955,0.782,Texas,South Dakota State,,Campus: Wants to get involved in student organizations,,,,,,#N/A,,Christian Simpson-Texas-2060
922,Trevor Hines,S,18,25,47,0.026,0.806,0.855,0.460,0.238,0.652,0.462,0.256,0.282,California,,,,,,,,,#N/A,,Trevor Hines-California-2060
923,Walter Johnson,RB,18,27,44,0.085,0.755,0.518,0.955,0.329,0.891,0.735,0.511,0.372,Mississippi,,,Coach: Would like to see the coach sign an extension during his time at the school,,,,,,#N/A,,Walter Johnson-Mississippi-2060
924,Adam Jennings,RB,18,27,44,0.356,0.679,0.664,0.380,0.990,0.616,0.341,0.135,0.165,New Jersey,,,ProPotential: Is a fan of the Chiefs,,,,,,#N/A,,Adam Jennings-New Jersey-2060
925,Paul Jackson,K,18,38,58,0.612,0.385,0.512,0.054,0.199,0.516,0.257,0.058,0.342,Arkansas,,,,,,,,,#N/A,,Paul Jackson-Arkansas-2060
926,Kevin Moon,K,18,38,61,0.343,0.911,0.111,0.954,0.377,0.289,0.136,0.452,0.483,California,,,Coach: Wants to play for the same coach his entire career.,,,,,,#N/A,,Kevin Moon-California-2060
927,Greg Payne,TE,18,23,40,0.587,0.964,0.153,0.572,0.193,0.957,0.174,0.081,0.825,Ohio,,,,,,,,,#N/A,,Greg Payne-Ohio-2060
928,Jerry Brown,S,18,25,47,0.263,0.220,0.684,0.186,0.519,0.433,0.878,0.577,0.306,North Carolina,,,,,,,,,#N/A,,Jerry Brown-North Carolina-2060
929,Ben Fisher,S,18,25,47,0.224,0.944,0.009,0.725,0.778,0.447,0.129,0.375,0.495,Massachusetts,,,Winning: Doesn't want to experience a losing season during his career.,,,,,,#N/A,,Ben Fisher-Massachusetts-2060
930,Anthony Ingram,S,18,25,49,0.836,0.735,0.808,0.931,0.268,0.646,0.903,0.014,0.272,Arizona,,,,,,,,,#N/A,,Anthony Ingram-Arizona-2060
931,Marcus Lee,CB,18,30,51,0.769,0.843,0.608,0.499,0.592,0.082,0.251,0.932,0.318,Utah,,,Campus: Wants to know food options near campus,,,,,,#N/A,,Marcus Lee-Utah-2060
932,Sheldon Grant,CB,18,30,52,0.730,0.550,0.525,0.072,0.345,0.088,0.516,0.669,0.175,Louisiana,,,,,,,,,#N/A,,Sheldon Grant-Louisiana-2060
933,Tristan Robinson,CB,18,30,51,0.249,0.851,0.762,0.739,0.296,0.409,0.891,0.898,0.658,Texas,,,,,,,,,#N/A,,Tristan Robinson-Texas-2060
934,Joe Scott,CB,18,30,49,0.246,0.462,0.482,0.544,0.009,0.987,0.269,0.667,0.812,North Carolina,,,,,,,,,#N/A,,Joe Scott-North Carolina-2060
935,Liloa Spencer,QB,18,28,53,0.638,0.366,0.043,0.734,0.013,0.119,0.055,0.572,0.111,Florida,,,,,,,,,#N/A,,Liloa Spencer-Florida-2060
936,Anthony Lang,RB,18,27,43,0.852,0.620,0.833,0.870,0.377,0.014,0.472,0.961,0.860,Washington,,,Campus: Wants to hear about sponsorship opportunities around campus,,,,,,#N/A,,Anthony Lang-Washington-2060
937,Tyler Robinson,K,18,38,58,0.744,0.497,0.096,0.998,0.404,0.968,0.535,0.187,0.174,Mississippi,,,Coach: Wants to be assured that his coach won't cut him.,,,,,,#N/A,,Tyler Robinson-Mississippi-2060
938,Ulysses Williams,CB,18,30,50,0.838,0.563,0.516,0.587,0.400,0.148,0.856,0.369,0.651,Minnesota,,,,,,,,,#N/A,,Ulysses Williams-Minnesota-2060
939,Frankie Peoples,TE,18,23,40,0.440,0.017,0.115,0.583,0.942,0.086,0.271,0.075,0.320,Pennsylvania,,,ProPotential: Wants to play for a school that has produced a lot of pros at his position.,,,,,,#N/A,,Frankie Peoples-Pennsylvania-2060
940,Todd Andrews,TE,18,23,41,0.570,0.058,0.391,0.124,0.681,0.354,0.528,0.329,0.354,Texas,,,,,,,,,#N/A,,Todd Andrews-Texas-2060
941,Jaylen Hansen,S,18,25,49,0.501,0.592,0.493,0.574,0.445,0.557,0.847,0.359,0.883,Iowa,,,,,,,,,#N/A,,Jaylen Hansen-Iowa-2060
942,Xavier Givens,K,18,38,62,0.756,0.776,0.805,0.234,0.828,0.961,0.676,0.054,0.160,Georgia,,,,,,,,,#N/A,,Xavier Givens-Georgia-2060
943,Jody O'Brien,DL,18,26,52,0.237,0.527,0.768,0.061,0.559,0.801,0.572,0.412,0.309,Texas,,,,,,,,,#N/A,,Jody O'Brien-Texas-2060
944,Jack Henderson,CB,18,30,49,0.866,0.416,0.855,0.440,0.201,0.856,0.438,0.557,0.266,Texas,,,,,,,,,#N/A,,Jack Henderson-Texas-2060
945,Spencer Irons,CB,18,30,51,0.600,0.820,0.449,0.789,0.401,0.068,0.970,0.810,0.484,Maryland,,,Education: Wants to go to a school with a good library,,,,,,#N/A,,Spencer Irons-Maryland-2060
946,Bailey Patrick,RB,18,27,46,0.745,0.957,0.760,0.582,0.970,0.150,0.872,0.090,0.887,Minnesota,,,ProPotential: Is a fan of the Raiders,,,,,,#N/A,,Bailey Patrick-Minnesota-2060
947,Connor James,DL,18,26,53,0.038,0.459,0.631,0.315,0.703,0.727,0.190,0.188,0.516,California,,,,,,,,,#N/A,,Connor James-California-2060
948,Jameer Van Dyke,TE,18,23,43,0.406,0.144,0.058,0.962,0.652,0.250,0.944,0.666,0.702,South Carolina,,,,,,,,,#N/A,,Jameer Van Dyke-South Carolina-2060
949,Joe Holland,CB,18,30,50,0.313,0.431,0.857,1.000,0.309,0.011,0.900,0.224,0.133,New Jersey,,,Coach: Wants to play for a coach who is known to keep promises.,,,,,,#N/A,,Joe Holland-New Jersey-2060
950,Zach Joiner,CB,18,30,49,0.600,0.514,0.427,0.698,0.067,0.905,0.488,0.871,0.474,Texas,,,,,,,,,#N/A,,Zach Joiner-Texas-2060
951,Brian Parker,DL,18,26,53,0.879,0.726,0.016,0.830,0.078,0.275,0.228,0.664,0.943,Hawaii,,,,,,,,,#N/A,,Brian Parker-Hawaii-2060
952,Jason McLean,DL,18,26,50,0.726,0.819,0.855,0.295,0.108,0.797,0.433,0.984,0.276,Georgia,,,Campus: Wants there to be a strong Greek Life community on campus,,,,,,#N/A,,Jason McLean-Georgia-2060
953,Dion Moss,WR,18,28,49,0.584,0.063,0.148,0.298,0.822,0.319,0.877,0.988,0.728,Michigan,,,Campus: Wants to know about the nightlife around the university,,,,,,#N/A,,Dion Moss-Michigan-2060
954,David Tonga,CB,18,30,50,0.881,0.933,0.005,0.637,0.518,0.167,0.637,0.345,0.605,California,,,Winning: Doesn't want to experience a losing season during his career.,,,,,,#N/A,,David Tonga-California-2060
955,Joseph Hunter,P,18,38,58,0.900,0.502,0.354,0.439,0.841,0.104,0.193,0.518,0.442,Texas,Toledo,,,,,,,,#N/A,,Joseph Hunter-Texas-2060
956,Kaelon White,P,18,38,60,0.753,0.362,0.259,0.063,0.834,0.465,0.861,0.880,0.593,Colorado,,,,,,,,,#N/A,,Kaelon White-Colorado-2060
957,Darius Darby,P,18,38,58,0.085,0.580,0.112,0.389,0.479,0.649,0.920,0.014,0.278,Georgia,,,Education: Wants to major in English,,,,,,#N/A,,Darius Darby-Georgia-2060
958,D'Angelo Turner,P,18,38,62,0.904,0.731,0.282,0.090,0.827,0.633,0.006,0.035,0.627,North Carolina,,,Location: Wants to play as close to his home state as possible.,,,,,,#N/A,,D'Angelo Turner-North Carolina-2060
959,Markus Sanders,DL,18,26,52,0.650,0.790,0.748,0.184,0.569,0.559,0.182,0.186,0.231,Hawaii,,,,,,,,,#N/A,,Markus Sanders-Hawaii-2060
960,Colt Washington,P,18,38,60,0.956,0.685,0.601,0.161,0.727,0.478,0.439,0.059,0.683,Colorado,,,Location: Wants to play alongside other players from his home state,,,,,,#N/A,,Colt Washington-Colorado-2060
961,Keishawn Fisher,DL,18,26,52,0.674,0.914,0.603,0.191,0.173,0.642,0.613,0.084,0.754,Montana,,,,,,,,,#N/A,,Keishawn Fisher-Montana-2060
962,Kordell Yates,DL,18,26,51,0.731,0.999,0.522,0.124,0.545,0.382,0.057,0.557,0.884,Florida,,,Winning: Wants to win a lot of conference games during his career,,,,,,#N/A,,Kordell Yates-Florida-2060
963,John Duncan,LB,18,24,45,0.541,0.871,0.208,0.897,0.828,0.217,0.106,0.764,0.032,Mississippi,,,,,,,,,#N/A,,John Duncan-Mississippi-2060
964,Jonathan Levin,LB,18,24,44,0.613,0.437,0.787,0.685,0.328,0.862,0.700,0.340,0.829,Wisconsin,,,,,,,,,#N/A,,Jonathan Levin-Wisconsin-2060
965,Kennedy Groomes,LB,18,24,42,0.936,1.000,0.062,0.286,0.225,0.981,0.602,0.268,0.896,Colorado,,,,,,,,,#N/A,,Kennedy Groomes-Colorado-2060
966,Andre Garth,LB,18,24,41,0.913,0.616,0.189,0.777,0.691,0.040,0.397,0.474,0.531,Michigan,,,Location: Wants to play alongside other players from his home state,,,,,,#N/A,,Andre Garth-Michigan-2060
967,Alex Johnson,WR,18,28,51,0.653,0.205,0.040,0.967,0.463,0.689,0.387,0.416,0.603,Texas,,,,,,,,,#N/A,,Alex Johnson-Texas-2060
968,Collin Rudd,WR,18,28,52,0.771,0.318,0.245,0.457,0.738,0.923,0.013,0.856,0.939,Arkansas,,,,,,,,,#N/A,,Collin Rudd-Arkansas-2060
969,Shawn Hamilton,WR,18,28,48,0.383,0.628,0.134,0.198,0.482,0.233,0.169,0.683,0.476,Texas,,,,,,,,,#N/A,,Shawn Hamilton-Texas-2060
970,Marcus Hoy,WR,18,28,52,0.033,0.110,0.461,0.102,0.267,0.391,0.767,0.784,0.563,Alabama,,,,,,,,,#N/A,,Marcus Hoy-Alabama-2060
971,Ty Peeples,P,18,38,61,0.825,0.888,0.824,0.104,0.079,0.209,0.560,0.931,0.445,Alabama,,,Campus: Wants the campus to be near water,,,,,,#N/A,,Ty Peeples-Alabama-2060
972,Emmett Gause,P,18,38,58,0.243,0.709,0.080,0.054,0.925,0.552,0.279,0.710,0.103,Florida,,,"ProPotential: Would like to be drafted in the top four rounds, if possible.",,,,,,#N/A,,Emmett Gause-Florida-2060
973,Terrell Hull,WR,18,28,51,0.764,0.712,0.461,0.649,0.848,0.408,0.690,0.831,0.665,California,,,,,,,,,#N/A,,Terrell Hull-California-2060
974,Ashley Wade,LB,18,24,45,0.679,0.074,0.857,0.630,0.947,0.380,0.780,0.322,0.065,Hawaii,,,ProPotential: Wants to play for a school that has produced a lot of pros at his position.,,,,,,#N/A,,Ashley Wade-Hawaii-2060
975,Byron Williams,QB,18,27,52,0.309,0.676,0.376,0.126,0.054,0.284,0.317,0.574,0.917,Illinois,,,,,,,,,#N/A,,Byron Williams-Illinois-2060
976,Kolby Parish,QB,18,27,50,0.623,0.223,0.048,0.255,0.866,0.629,0.574,0.208,0.280,New York,,,,,,,,,#N/A,,Kolby Parish-New York-2060
977,Jack Stanford,WR,18,28,50,0.950,0.773,0.133,0.317,0.687,0.890,0.712,0.004,0.241,Oklahoma,,,Location: Doesn't want to go outside his home region.,,,,,,#N/A,,Jack Stanford-Oklahoma-2060
978,Jared Haynes,WR,18,28,50,0.326,0.069,0.487,0.111,0.662,0.545,0.076,0.792,0.243,Illinois,,,,,,,,,#N/A,,Jared Haynes-Illinois-2060
979,Richard Dillard,WR,18,28,50,0.074,0.681,0.107,0.670,0.909,0.631,0.608,0.685,0.040,Alabama,USC,,ProPotential: Would prefer to be redshirted if not a projected draft pick.,,,,,,#N/A,,Richard Dillard-Alabama-2060
980,Forrest Pelle,WR,18,28,49,0.631,0.147,0.407,0.851,0.661,0.799,0.719,0.926,0.110,Utah,,,Campus: Would prefer to attend a school with a dry climate,,,,,,#N/A,,Forrest Pelle-Utah-2060
981,Andrew Rolle,WR,18,28,51,0.754,0.661,0.156,0.377,0.638,0.886,0.923,0.846,0.585,Ohio,,,Education: Wants to go to a public school,,,,,,#N/A,,Andrew Rolle-Ohio-2060
982,Bobby Cavanaugh,LB,18,24,44,0.761,0.901,0.345,0.839,0.844,0.985,0.818,0.244,0.620,Washington,,,Prestige: Has ambitions of winning a national championship game,,,,,,#N/A,,Bobby Cavanaugh-Washington-2060
983,Benny Reed,LB,18,24,41,0.231,0.308,0.244,0.498,0.768,0.926,0.562,0.502,0.830,South Carolina,,,Prestige: Wants to win a conference championship,,,,,,#N/A,,Benny Reed-South Carolina-2060
984,John Mack,LB,18,24,43,0.300,0.623,0.396,0.843,0.282,0.367,0.366,0.040,0.687,Virginia,,,,,,,,,#N/A,,John Mack-Virginia-2060
985,Christian Miller,K,18,37,59,0.133,0.421,0.728,0.051,0.462,0.831,0.279,0.926,0.560,Mississippi,,,Campus: Wants to live in a major city,,,,,,#N/A,,Christian Miller-Mississippi-2060
986,Levi Harper,OL,18,25,45,0.110,0.237,0.802,0.802,0.338,0.145,0.537,0.287,0.883,Ohio,,,,,,,,,#N/A,,Levi Harper-Ohio-2060
987,Tray Edwards,OL,18,25,46,0.944,0.683,0.406,0.540,0.183,0.394,0.161,0.556,0.058,Maryland,,,"Location: Has family in Georgia, and wants them to see one of his games.",,,,,,#N/A,,Tray Edwards-Maryland-2060
988,Keon Johnson,QB,18,27,51,0.423,0.884,0.092,0.158,0.877,0.077,0.951,0.536,0.767,North Dakota,,,Education: Wants to go to a public school,,,,,,#N/A,,Keon Johnson-North Dakota-2060
989,Chase Rimmer,RB,18,26,44,0.201,0.975,0.083,0.671,0.672,0.243,0.117,0.329,0.651,Hawaii,,,,,,,,,#N/A,,Chase Rimmer-Hawaii-2060
990,Danny Young,RB,18,26,42,0.202,0.573,0.939,0.430,0.519,0.818,0.149,0.488,0.285,Florida,,,Playing Time: Does not want to have to compete with higher-ranked recruits.,,,,,,#N/A,,Danny Young-Florida-2060
991,Jack Carr,RB,18,26,42,0.616,0.808,0.196,0.107,0.572,0.160,0.769,0.621,0.001,California,,,,,,,,,#N/A,,Jack Carr-California-2060
992,Derek Smith,RB,18,26,42,0.420,0.797,0.640,0.139,0.647,0.128,0.028,0.152,0.290,Alabama,,,,,,,,,#N/A,,Derek Smith-Alabama-2060
993,Terrance Wade,LB,18,24,44,0.591,0.756,0.165,0.331,0.883,0.368,0.181,0.662,0.945,Massachusetts,,,Tradition: Wants to hear about your school's past star players,,,,,,#N/A,,Terrance Wade-Massachusetts-2060
994,Keenon Myles,LB,18,24,44,0.038,0.696,0.674,0.698,0.018,0.005,0.639,0.976,0.146,Texas,,,Campus: Would prefer to attend a school with a larger student body population,,,,,,#N/A,,Keenon Myles-Texas-2060
995,Steven Mannion,LB,18,24,43,0.126,0.959,0.541,0.777,0.128,0.318,0.886,0.571,0.837,Washington D.C.,,,Winning: Wants to experience at least one season with double-digit wins.,,,,,,#N/A,,Steven Mannion-Washington D.C.-2060
996,C.J. Kulick,LB,18,24,41,0.267,0.449,0.420,0.226,0.116,0.823,0.873,0.152,0.264,Georgia,,,,,,,,,#N/A,,C.J. Kulick-Georgia-2060
997,Luke Anderson,S,18,24,47,0.779,0.731,0.389,0.990,0.990,0.598,0.091,0.505,0.866,Louisiana,,,,,,,,,#N/A,,Luke Anderson-Louisiana-2060
998,Joe Goodlett,S,18,24,46,0.344,0.875,0.660,0.926,0.539,0.474,0.260,0.446,0.966,Illinois,,,Tradition: Wants to play for a team with a long football history,,,,,,#N/A,,Joe Goodlett-Illinois-2060
999,Will Johnson,S,18,24,44,0.339,0.376,0.719,0.294,0.096,0.135,0.710,0.720,0.080,Indiana,,,,,,,,,#N/A,,Will Johnson-Indiana-2060
1000,John Jones,OL,18,25,48,0.429,0.577,0.541,0.469,0.274,0.903,0.904,0.338,0.067,Texas,,,Education: Wants to study abroad in Mexico,,,,,,#N/A,,John Jones-Texas-2060
1001,Antwon Prater,OL,18,25,44,0.137,0.323,0.331,0.031,0.536,0.010,0.935,0.359,0.875,California,,,Education: Wants to go to law school,,,,,,#N/A,,Antwon Prater-California-2060
1002,Justin Marsh,K,18,37,57,0.789,0.233,0.805,0.685,0.661,0.116,0.330,0.416,0.920,Missouri,,,Tradition: Wants to play on primetime TV,,,,,,#N/A,,Justin Marsh-Missouri-2060
1003,Jacob Reed,RB,18,26,44,0.197,0.135,0.190,0.447,0.972,0.433,0.432,0.188,0.615,Florida,,,ProPotential: Is a fan of the Lions,,,,,,#N/A,,Jacob Reed-Florida-2060
1004,Antoine Reighard,RB,18,26,43,0.793,0.151,0.135,0.695,0.472,0.737,0.439,0.014,0.930,Ohio,,,Tradition: Wants to hear about your school's unique traditions,,,,,,#N/A,,Antoine Reighard-Ohio-2060
1005,Jared Egan,RB,18,26,42,0.639,0.552,0.272,0.667,0.867,0.620,0.371,0.306,0.711,California,,,,,,,,,#N/A,,Jared Egan-California-2060
1006,John Newman,RB,18,26,44,0.238,0.897,0.892,0.855,0.182,0.517,0.653,0.832,0.964,Indiana,,,Tradition: Wants to hear about your school's past star players,,,,,,#N/A,,John Newman-Indiana-2060
1007,Alec Tuihalamaka,LB,18,24,45,0.195,0.190,0.571,0.300,0.286,0.169,0.452,0.550,0.660,Georgia,,,,,,,,,#N/A,,Alec Tuihalamaka-Georgia-2060
1008,Blake Dixon,LB,18,24,44,0.437,0.542,0.368,0.457,0.118,0.252,0.538,0.968,0.930,Georgia,,,Campus: Would prefer to attend a school with a cold climate,,,,,,#N/A,,Blake Dixon-Georgia-2060
1009,Jordan Norris,QB,18,27,53,0.337,0.387,0.112,0.240,0.967,0.863,0.786,0.165,0.120,Massachusetts,,,ProPotential: Has dreams of eventually becoming a first-round pick.,,,,,,#N/A,,Jordan Norris-Massachusetts-2060
1010,Robert Jones,OL,18,25,48,0.535,0.785,0.145,0.015,0.516,0.436,0.346,0.828,0.658,Texas,,,,,,,,,#N/A,,Robert Jones-Texas-2060
1011,Travis Conner,OL,18,25,47,0.178,0.977,0.383,0.351,0.368,0.454,0.119,0.618,0.252,Maine,,,,,,,,,#N/A,,Travis Conner-Maine-2060
1012,Zeb Shane,OL,18,25,44,0.710,0.301,0.697,0.151,0.222,0.662,0.202,0.934,0.124,Pennsylvania,,,Campus: Wants there to be a strong Greek Life community on campus,,,,,,#N/A,,Zeb Shane-Pennsylvania-2060
1013,Kellen Parnell,QB,18,27,52,0.958,0.661,0.357,0.443,0.212,0.594,0.866,0.704,0.454,Utah,,,"Location: Has family in Florida, and wants them to see one of his games.",,,,,,#N/A,,Kellen Parnell-Utah-2060
1014,Austin Campbell,OL,18,25,48,0.711,0.142,0.846,0.028,0.895,0.284,0.398,0.748,0.809,Minnesota,San Diego State,,,,,,,,#N/A,,Austin Campbell-Minnesota-2060
1015,Nate Odom,OL,18,25,48,0.981,0.644,0.441,0.131,0.642,0.789,0.911,0.454,0.653,Utah,,,"Location: Has family in Iowa, and wants them to see one of his games.",,,,,,#N/A,,Nate Odom-Utah-2060
1016,Chris Perry,OL,18,25,46,0.498,0.747,0.916,0.026,0.572,0.834,0.978,0.407,0.540,California,,,Education: Wants to major in geology,,,,,,#N/A,,Chris Perry-California-2060
1017,Garrett Howard,OL,18,25,44,0.229,0.131,0.540,0.699,0.587,0.423,0.146,0.544,0.944,Ohio,,,Tradition: Wants to hear about your school's fan support,,,,,,#N/A,,Garrett Howard-Ohio-2060
1018,Broderick Moses,S,18,24,48,0.169,0.208,0.994,0.911,0.641,0.047,0.576,0.324,0.462,Oklahoma,,,Playing Time: Would prefer to play for a less successful team if it means being of greater significance to the team.,,,,,,#N/A,,Broderick Moses-Oklahoma-2060
1019,Tabari Elsworth,S,18,24,46,0.618,0.900,0.123,0.557,0.791,0.070,0.472,0.872,0.422,Kentucky,,,,,,,,,#N/A,,Tabari Elsworth-Kentucky-2060
1020,Steve Tuggle,P,18,37,60,0.734,0.213,0.708,0.146,0.845,0.378,0.123,0.106,0.633,Virginia,,,,,,,,,#N/A,,Steve Tuggle-Virginia-2060
1021,Zack Sonntag,RB,18,26,45,0.823,0.212,0.651,0.473,0.337,0.517,0.957,0.768,0.941,Georgia,,,Education: Wants to major in economics,,,,,,#N/A,,Zack Sonntag-Georgia-2060
1022,Jeff Marcus,CB,18,29,47,0.359,0.751,0.826,0.794,0.571,0.521,0.422,0.247,0.376,Florida,,,,,,,,,#N/A,,Jeff Marcus-Florida-2060
1023,B.J. Smith,P,18,37,59,0.356,0.761,0.083,0.817,0.379,0.012,0.271,0.496,0.756,Georgia,,,,,,,,,#N/A,,B.J. Smith-Georgia-2060
1024,Will Young,S,18,24,45,0.187,0.048,1.000,0.778,0.304,0.359,0.829,0.911,0.463,Pennsylvania,,,Playing Time: Would prefer to be redshirted to further develop and start on a better Team,,,,,,#N/A,,Will Young-Pennsylvania-2060
1025,Evan Jackson,S,18,24,48,0.154,0.657,0.903,0.070,0.424,0.092,0.506,0.874,0.941,New Jersey,Northern Illinois,,Tradition: Wants to play on primetime TV,,,,,,#N/A,,Evan Jackson-New Jersey-2060
1026,Corbin Barry,S,18,24,44,0.698,0.520,0.491,0.083,0.675,0.185,0.924,0.246,0.050,Utah,Boston College,,Education: Wants to study abroad in Germany,,,,,,#N/A,,Corbin Barry-Utah-2060
1027,James Marrow,DL,18,25,47,0.283,0.936,0.365,0.965,0.340,0.983,0.222,0.156,0.101,Maryland,,,Prestige: Would like to win as many bowl games as possible during his career,,,,,,#N/A,,James Marrow-Maryland-2060
1028,Caleb Robinson,DL,18,25,47,0.326,0.176,0.158,0.054,0.784,0.881,0.649,0.546,0.290,Washington D.C.,,,,,,,,,#N/A,,Caleb Robinson-Washington D.C.-2060
1029,James Donovan,DL,18,25,47,0.578,0.019,0.422,0.578,0.593,0.696,0.687,0.631,0.720,Arkansas,,,,,,,,,#N/A,,James Donovan-Arkansas-2060
1030,Michael Smith,CB,18,29,48,0.997,0.095,0.527,0.708,0.572,0.494,0.131,0.174,0.573,Kansas,,,Location: Wants to attend a flagship university,,,,,,#N/A,,Michael Smith-Kansas-2060
1031,Willie Evans,TE,18,22,39,0.672,0.423,0.281,0.400,0.057,0.916,0.035,0.816,0.977,Florida,,,,,,,,,#N/A,,Willie Evans-Florida-2060
1032,Justin Lee,WR,18,27,47,0.554,0.330,0.185,0.243,0.587,0.637,0.195,0.869,0.502,North Carolina,,,,,,,,,#N/A,,Justin Lee-North Carolina-2060
1033,Brandon Hill,DL,18,25,50,0.965,0.017,0.272,0.934,0.348,0.038,0.643,0.626,0.499,Florida,,,Location: Wants to play as many games in his home state as possible.,,,,,,#N/A,,Brandon Hill-Florida-2060
1034,Ralph Thomas,DL,18,25,48,0.455,0.976,0.844,0.717,0.890,0.902,0.400,0.538,0.049,Maryland,,,,,,,,,#N/A,,Ralph Thomas-Maryland-2060
1035,Freeman McCrary,DL,18,25,49,0.742,0.961,0.880,0.376,0.655,0.833,0.656,0.432,0.415,Louisiana,,,,,,,,,#N/A,,Freeman McCrary-Louisiana-2060
1036,Nemanja Fournier,TE,18,22,39,0.462,0.839,0.410,0.406,0.531,0.942,0.374,0.171,0.796,"British Columbia, Canada",,,Prestige: Would like to win as many bowl games as possible during his career,,,,,,#N/A,,"Nemanja Fournier-British Columbia, Canada-2060"
1037,Jerime Amerson,TE,18,22,38,0.010,0.016,0.545,0.785,0.645,0.572,0.001,0.750,0.658,South Carolina,,,,,,,,,#N/A,,Jerime Amerson-South Carolina-2060
1038,Jordan Maldonado,K,18,36,59,0.371,0.250,0.839,0.299,0.634,0.454,0.207,0.375,0.133,Louisiana,,,,,,,,,#N/A,,Jordan Maldonado-Louisiana-2060
1039,David Sadler,DL,18,25,47,0.220,0.339,0.289,0.262,0.503,0.782,0.710,0.185,0.387,New Jersey,,,,,,,,,#N/A,,David Sadler-New Jersey-2060
1040,Marcus Jacobs,DL,18,25,47,0.820,0.224,0.817,0.759,0.856,0.674,0.931,0.518,0.310,Indiana,,,Education: Wants to go to a private school,,,,,,#N/A,,Marcus Jacobs-Indiana-2060
1041,Terrance Garner,DL,18,25,50,0.099,0.755,0.129,0.688,0.634,0.229,0.188,0.636,0.147,Alabama,,,,,,,,,#N/A,,Terrance Garner-Alabama-2060
1042,Edwin Tatum,DL,18,25,49,0.062,0.617,0.883,0.762,0.814,0.361,0.409,0.364,0.234,Texas,,,,,,,,,#N/A,,Edwin Tatum-Texas-2060
1043,Robert Wright,DL,18,25,48,0.439,0.200,0.741,0.782,0.867,0.432,0.449,0.266,0.164,Florida,,,,,,,,,#N/A,,Robert Wright-Florida-2060
1044,David Blunt,DL,18,25,49,0.900,0.702,0.086,0.565,0.902,0.036,0.800,0.755,0.963,Alabama,,,,,,,,,#N/A,,David Blunt-Alabama-2060
1045,Kris Hughes,DL,18,25,47,0.012,0.046,0.151,0.436,0.370,0.745,0.220,0.145,0.404,Texas,,,,,,,,,#N/A,,Kris Hughes-Texas-2060
1046,Brandon Staggs,DL,18,25,49,0.150,0.086,0.876,0.888,0.093,0.574,0.696,0.584,0.297,Ohio,,,,,,,,,#N/A,,Brandon Staggs-Ohio-2060
1047,Dominique Capra,DL,18,25,50,0.578,0.917,0.620,0.626,0.104,0.338,0.377,0.983,0.554,California,,,Campus: Wants mountains a short distance from campus.,,,,,,#N/A,,Dominique Capra-California-2060
1048,Cameron Neph,DL,18,25,50,0.405,0.105,0.611,0.984,0.470,0.012,0.861,0.525,0.626,Tennessee,,,Coach: Wants to be assured that his coach won't cut him.,,,,,,#N/A,,Cameron Neph-Tennessee-2060
1049,Connor Roberts,LB,18,23,41,0.291,0.666,0.046,0.753,0.012,0.751,0.868,0.273,0.301,California,,,,,,,,,#N/A,,Connor Roberts-California-2060
1050,Kendrick Millard,DL,18,25,49,0.271,0.170,0.806,0.574,0.967,0.010,0.459,0.403,0.664,West Virginia,,,ProPotential: Is a fan of the Bills,,,,,,#N/A,,Kendrick Millard-West Virginia-2060
1051,Jordan Pettiford,DL,18,25,49,0.056,0.305,0.447,0.862,0.799,0.972,0.347,0.304,0.591,Texas,,,Prestige: Wants to play for a team that's dominated their conference,,,,,,#N/A,,Jordan Pettiford-Texas-2060
1052,Bill Ison,WR,18,27,48,0.679,0.649,0.253,0.886,0.584,0.949,0.984,0.280,0.841,Texas,,,Education: Wants to study abroad in Japan,,,,,,#N/A,,Bill Ison-Texas-2060
1053,Zack Malovic,K,18,36,59,0.586,0.842,0.630,0.400,0.648,0.418,0.193,0.508,0.345,North Carolina,,,,,,,,,#N/A,,Zack Malovic-North Carolina-2060
1054,Anthony Day,LB,18,23,42,0.484,0.008,0.199,0.640,0.069,0.740,0.710,0.544,0.426,Georgia,,,,,,,,,#N/A,,Anthony Day-Georgia-2060
1055,Coty Mays,LB,18,23,43,0.005,0.432,0.315,0.346,0.760,0.896,0.649,0.062,0.349,Minnesota,,,,,,,,,#N/A,,Coty Mays-Minnesota-2060
1056,Glen Brown,LB,18,23,40,0.137,0.457,0.353,0.289,0.886,0.733,0.874,0.048,0.738,California,,,,,,,,,#N/A,,Glen Brown-California-2060
1057,Kenton Brooks,LB,18,23,43,0.911,0.756,0.594,0.740,0.576,0.744,0.990,0.533,0.146,Texas,,,Education: Wants to go to a private school,,,,,,#N/A,,Kenton Brooks-Texas-2060
1058,Keyon Wilson,QB,18,26,50,0.130,0.422,0.191,0.236,0.474,0.154,0.766,0.510,0.838,North Carolina,,,,,,,,,#N/A,,Keyon Wilson-North Carolina-2060
1059,Travis Wright,OL,18,24,47,0.236,0.540,0.928,0.892,0.831,0.102,0.339,0.963,0.206,Iowa,,,Campus: Would prefer to attend a school with a warm climate,,,,,,#N/A,,Travis Wright-Iowa-2060
1060,Pat Dickens,OL,18,24,43,0.813,0.719,0.576,0.726,0.310,0.613,0.124,0.434,0.477,Pennsylvania,,,,,,,,,#N/A,,Pat Dickens-Pennsylvania-2060
1061,Chris Thomason,LB,18,23,41,0.327,0.271,0.309,0.183,0.540,0.730,0.823,0.349,0.923,Alabama,,,Tradition: Wants to play for a team with a long football history,,,,,,#N/A,,Chris Thomason-Alabama-2060
1062,Jason Jackson,OL,18,24,45,0.676,0.562,0.462,0.295,0.532,0.839,0.357,0.196,0.819,Texas,,,,,,,,,#N/A,,Jason Jackson-Texas-2060
1063,Conner Haden,QB,18,26,50,0.073,0.167,0.062,0.310,0.096,0.415,0.776,0.234,0.062,Michigan,,,,,,,,,#N/A,,Conner Haden-Michigan-2060
1064,Timmy Boyd,RB,18,25,42,0.738,0.914,0.487,0.555,0.732,0.849,0.054,0.162,0.015,Alabama,,,Winning: Doesn't want to experience a losing season during his career.,,,,,,#N/A,,Timmy Boyd-Alabama-2060
1065,Nick Smith,RB,18,25,42,0.187,0.624,0.934,0.504,0.170,0.572,0.989,0.347,0.673,Kentucky,,,Education: Wants to study abroad in Senegal,,,,,,#N/A,,Nick Smith-Kentucky-2060
1066,Dylan Davis,S,18,23,42,0.102,0.453,0.646,0.123,0.621,0.670,0.471,0.691,0.311,Arizona,,,,,,,,,#N/A,,Dylan Davis-Arizona-2060
1067,Paul Collins,S,18,23,46,0.983,0.851,0.943,0.549,0.144,0.041,0.197,0.199,0.739,Florida,,,Location: Doesn't want to go outside his home region.,,,,,,#N/A,,Paul Collins-Florida-2060
1068,Greg Faires,LB,18,23,43,0.406,0.558,0.358,0.952,0.262,0.020,0.344,0.248,0.249,Indiana,,,Coach: Would like to see the coach sign an extension during his time at the school,,,,,,#N/A,,Greg Faires-Indiana-2060
1069,Mike Vasquez,LB,18,23,41,0.771,0.220,0.377,0.955,0.611,0.716,0.897,0.596,0.448,Tennessee,,,Coach: Wants to be assured that his coach won't cut him.,,,,,,#N/A,,Mike Vasquez-Tennessee-2060
1070,Maurice Fraser,LB,18,23,42,0.740,0.451,0.958,0.268,0.402,0.401,0.745,0.990,0.278,Louisiana,,,Campus: Wants to hear about sponsorship opportunities around campus,,,,,,#N/A,,Maurice Fraser-Louisiana-2060
1071,Kyle Slade-Matautia,LB,18,23,40,0.973,0.433,0.808,0.077,0.720,0.774,0.897,0.345,0.015,Louisiana,,,"Location: Has family in Louisiana, and wants them to see one of his games.",,,,,,#N/A,,Kyle Slade-Matautia-Louisiana-2060
1072,Tyriq Battle,P,18,36,55,0.936,0.542,0.633,0.095,0.496,0.988,0.261,0.782,0.610,Georgia,,,Prestige: Would like to win as many bowl games as possible during his career,,,,,,#N/A,,Tyriq Battle-Georgia-2060
1073,Xavier Overstreet,P,18,36,56,0.825,0.737,0.779,0.225,0.145,0.056,0.098,0.627,0.107,Georgia,,,,,,,,,#N/A,,Xavier Overstreet-Georgia-2060
1074,Kyle Phillips,CB,18,28,50,0.070,0.357,0.671,0.525,0.603,0.865,0.451,0.581,0.409,New Jersey,,,,,,,,,#N/A,,Kyle Phillips-New Jersey-2060
1075,J.D. Ackerman,OL,18,24,46,0.302,0.871,0.619,0.339,0.274,0.148,0.506,0.447,0.533,North Carolina,,,,,,,,,#N/A,,J.D. Ackerman-North Carolina-2060
1076,Brandon Lewis,OL,18,24,47,0.663,0.237,0.601,0.799,0.534,0.246,0.227,0.147,0.019,Montana,,,,,,,,,#N/A,,Brandon Lewis-Montana-2060
1077,Kobie Copeland,OL,18,24,46,0.221,0.695,0.868,0.795,0.399,0.845,0.422,0.291,0.779,Maryland,,,,,,,,,#N/A,,Kobie Copeland-Maryland-2060
1078,Garrett Taylor,QB,18,26,49,0.882,0.678,0.771,0.063,0.095,0.741,0.152,0.637,0.208,Utah,,,,,,,,,#N/A,,Garrett Taylor-Utah-2060
1079,Nick Hunter,RB,18,25,41,0.198,0.620,0.735,0.582,0.618,0.792,0.694,0.161,0.128,California,,,,,,,,,#N/A,,Nick Hunter-California-2060
1080,Kadeem Hawkins,RB,18,25,41,0.803,0.182,0.315,0.743,0.803,0.598,0.821,0.457,0.676,Utah,,,,,,,,,#N/A,,Kadeem Hawkins-Utah-2060
1081,Brad Simmons,S,18,23,44,0.769,0.321,0.663,0.942,0.609,0.879,0.457,0.850,0.258,Georgia,,,Coach: Wants to play for a coach with a personal connection to their school,,,,,,#N/A,,Brad Simmons-Georgia-2060
1082,Donovan Grayson,S,18,23,44,0.371,0.324,0.601,0.398,0.037,0.742,0.937,0.864,0.966,Washington,,,Tradition: Wants to play for a team with a long football history,,,,,,#N/A,,Donovan Grayson-Washington-2060
1083,Jack Blanks,LB,18,23,40,0.901,0.128,0.146,0.604,0.166,0.589,0.564,0.068,0.946,Alabama,North Carolina State,,Tradition: Wants to play for a team that has dominated their rivals,,,,,,#N/A,,Jack Blanks-Alabama-2060
1084,Tejay Mattox,P,18,36,59,0.515,0.383,0.530,0.230,0.780,0.927,0.885,0.895,0.569,Minnesota,,,Prestige: Has ambitions of winning a national championship game,,,,,,#N/A,,Tejay Mattox-Minnesota-2060
1085,Justin Kirby,P,18,36,55,0.937,0.994,0.769,0.678,0.289,0.375,0.910,0.317,0.515,Mississippi,,,,,,,,,#N/A,,Justin Kirby-Mississippi-2060
1086,Michael Gray,OL,18,24,44,0.199,0.851,0.524,0.186,0.184,0.971,0.711,0.871,0.284,"Saskatchewan, Canada",Wake Forest,,Prestige: Would like to play in a bowl game every year,,,,,,#N/A,,"Michael Gray-Saskatchewan, Canada-2060"
1087,Larry Harper,RB,18,25,44,0.532,0.699,0.726,0.007,0.980,0.777,0.950,0.536,0.112,South Carolina,,,ProPotential: Is a fan of the Chiefs,,,,,,#N/A,,Larry Harper-South Carolina-2060
1088,Nick Martin,RB,18,25,40,0.163,0.915,0.428,0.331,0.503,0.077,0.225,0.663,0.703,Michigan,,,,,,,,,#N/A,,Nick Martin-Michigan-2060
1089,Tim Cooper,S,18,23,45,0.107,0.841,0.715,0.196,0.550,0.509,0.239,0.209,0.512,Florida,,,,,,,,,#N/A,,Tim Cooper-Florida-2060
1090,Brett Brown,CB,18,28,46,0.287,0.217,0.712,0.549,0.992,0.167,0.419,0.327,0.239,South Carolina,,,"ProPotential: Would like to be drafted in the top four rounds, if possible.",,,,,,#N/A,,Brett Brown-South Carolina-2060
1091,Darin Giles,WR,18,26,50,0.019,0.004,0.863,0.347,0.171,0.028,0.789,0.922,0.578,Georgia,Florida,,Campus: Wants to get involved in student organizations,,,,,,#N/A,,Darin Giles-Georgia-2060
1092,Wil Slayton,WR,18,26,47,0.832,0.813,0.215,0.171,0.362,0.734,0.592,0.208,0.041,Texas,,,,,,,,,#N/A,,Wil Slayton-Texas-2060
1093,Ed Akunne,WR,18,26,47,0.825,0.048,0.569,0.994,0.294,0.995,0.289,0.292,0.557,Texas,,,Prestige: Would like to win as many bowl games as possible during his career,,,,,,#N/A,,Ed Akunne-Texas-2060
1094,T.J. Gilson,RB,18,25,42,0.119,0.882,0.935,0.003,0.067,0.513,0.215,0.034,0.960,Arizona,,,Tradition: Wants to play for a team that has dominated their rivals,,,,,,#N/A,,T.J. Gilson-Arizona-2060
1095,Jordan Butler,DL,18,24,50,0.538,0.831,0.706,0.175,0.040,0.647,0.772,0.589,0.246,New Mexico,,,,,,,,,#N/A,,Jordan Butler-New Mexico-2060
1096,Tony Pound,DL,18,24,48,0.168,0.973,0.248,0.075,0.042,0.555,0.014,0.483,0.808,Ohio,,,,,,,,,#N/A,,Tony Pound-Ohio-2060
1097,Jesse Howey,DL,18,24,48,0.383,0.294,0.379,0.681,0.456,0.232,0.591,0.609,0.502,Mississippi,,,,,,,,,#N/A,,Jesse Howey-Mississippi-2060
1098,Heath Owens,DL,18,24,48,0.634,0.025,0.849,0.840,0.590,0.700,0.554,0.499,0.407,Oregon,,,,,,,,,#N/A,,Heath Owens-Oregon-2060
1099,Tory Benton,S,18,23,44,0.694,0.219,0.258,0.338,0.684,0.494,0.505,0.895,0.389,Texas,,,,,,,,,#N/A,,Tory Benton-Texas-2060
1100,Brady Daniels,S,18,23,44,0.451,0.110,0.212,0.239,0.627,0.684,0.266,0.027,0.363,Minnesota,,,,,,,,,#N/A,,Brady Daniels-Minnesota-2060
1101,Shane Addison,S,18,23,44,0.001,0.286,0.817,0.636,0.488,0.464,0.396,0.056,0.188,California,,,,,,,,,#N/A,,Shane Addison-California-2060
1102,Brandon Silva,S,18,23,46,0.373,0.589,0.658,0.234,0.823,0.994,0.876,0.555,0.377,Florida,,,Prestige: Wants to win a conference championship,,,,,,#N/A,,Brandon Silva-Florida-2060
1103,Carnell Smith,K,18,35,58,0.003,0.997,0.484,0.052,0.745,0.896,0.473,0.863,0.916,Georgia,,,,,,,,,#N/A,,Carnell Smith-Georgia-2060
1104,Kent Tidwell,TE,18,21,39,0.389,0.656,0.998,0.631,0.846,0.243,0.253,0.787,0.093,North Carolina,,,Playing Time: Would prefer to be redshirted to further develop and start on a better Team,,,,,,#N/A,,Kent Tidwell-North Carolina-2060
1105,Kyle Coons,TE,18,21,37,0.813,0.782,0.765,0.089,0.322,0.155,0.475,0.057,0.686,Mississippi,Michigan State,,,,,,,,#N/A,,Kyle Coons-Mississippi-2060
1106,Sharif Jones,WR,18,26,46,0.378,0.811,0.159,0.207,0.465,0.086,0.063,0.045,0.326,Arizona,,,,,,,,,#N/A,,Sharif Jones-Arizona-2060
1107,Steven Weymann,RB,18,25,41,0.039,0.893,0.627,0.228,0.350,0.836,0.235,0.483,0.025,Florida,,,,,,,,,#N/A,,Steven Weymann-Florida-2060
1108,Pat Hayes,DL,18,24,48,0.486,0.835,0.384,0.859,0.133,0.330,0.343,0.708,0.866,Pennsylvania,,,,,,,,,#N/A,,Pat Hayes-Pennsylvania-2060
1109,Shawn Hancock,DL,18,24,46,0.843,0.601,0.506,0.936,0.112,0.243,0.238,0.407,0.032,Arizona,,,,,,,,,#N/A,,Shawn Hancock-Arizona-2060
1110,Ryan Davisson,K,18,35,57,0.535,0.970,0.137,0.026,0.647,0.653,0.154,0.636,0.436,Florida,,,,,,,,,#N/A,,Ryan Davisson-Florida-2060
1111,Jayson Jones,S,18,23,45,0.001,0.796,0.977,0.214,0.304,0.951,0.368,0.677,0.367,Kansas,,,Playing Time: Wants an important role on the offense/defense.,,,,,,#N/A,,Jayson Jones-Kansas-2060
1112,David Hargett,WR,18,26,48,0.030,0.074,0.275,0.797,0.678,0.553,0.243,0.308,0.405,Alabama,,,,,,,,,#N/A,,David Hargett-Alabama-2060
1113,Ryan Driscoll,K,18,35,56,0.158,0.099,0.578,0.525,0.163,0.258,0.706,0.220,0.354,Missouri,,,,,,,,,#N/A,,Ryan Driscoll-Missouri-2060
1114,Chance Burke,K,18,35,57,0.416,0.047,0.799,0.582,0.595,0.664,0.818,0.379,0.430,Ohio,,,,,,,,,#N/A,,Chance Burke-Ohio-2060
1115,Kendall Harris,K,18,35,55,0.344,0.446,0.387,0.646,0.049,0.425,0.884,0.798,0.916,Florida,,,,,,,,,#N/A,,Kendall Harris-Florida-2060
1116,Stephen Fair,DL,18,24,48,0.644,0.316,0.311,0.885,0.947,0.169,0.819,0.636,0.591,Georgia,,,ProPotential: Is a fan of the Browns,,,,,,#N/A,,Stephen Fair-Georgia-2060
1117,Braylon Burrows,TE,18,21,37,0.439,0.291,0.347,0.990,0.591,0.315,0.463,0.989,0.539,Maryland,,,,,,,,,#N/A,,Braylon Burrows-Maryland-2060
1118,Dalton Welch,TE,18,21,39,0.415,0.129,0.424,0.785,0.542,0.628,0.983,0.705,0.078,Indiana,,,Education: Wants to major in business,,,,,,#N/A,,Dalton Welch-Indiana-2060
1119,Wes Breeden,P,18,35,57,0.548,0.842,0.941,0.374,0.959,0.699,0.004,0.168,0.357,Alaska,,,ProPotential: Is a fan of the Jaguars,,,,,,#N/A,,Wes Breeden-Alaska-2060
1120,Aidan Walker,TE,18,21,39,0.092,0.782,0.852,0.145,0.196,0.427,0.404,0.236,0.103,Mississippi,,,,,,,,,#N/A,,Aidan Walker-Mississippi-2060
1121,Darrell Johnson,TE,18,21,39,0.268,0.290,0.818,0.185,0.414,0.863,0.778,0.191,0.803,Rhode Island,,,,,,,,,#N/A,,Darrell Johnson-Rhode Island-2060
1122,Melvin Stanton,P,18,35,54,0.961,0.451,0.691,0.008,0.323,0.202,0.610,0.178,0.963,Pennsylvania,,,Tradition: Wants to play for a team that has dominated their rivals,,,,,,#N/A,,Melvin Stanton-Pennsylvania-2060
1123,Devon Boateng,WR,18,26,49,0.071,0.894,0.323,0.489,0.080,0.014,0.439,0.560,0.970,Ohio,,,Tradition: Wants to play for a team with a long football history,,,,,,#N/A,,Devon Boateng-Ohio-2060
1124,Worth Doss,WR,18,26,46,0.522,0.209,0.942,0.111,0.341,0.819,0.500,0.016,0.980,Maryland,,,Tradition: Wants to hear about your school's unique traditions,,,,,,#N/A,,Worth Doss-Maryland-2060
1125,Donta Fortin,DL,18,24,49,0.537,0.051,0.251,0.157,0.977,0.694,0.728,0.511,0.863,Texas,,,ProPotential: Would prefer to be redshirted if not a projected draft pick.,,,,,,#N/A,,Donta Fortin-Texas-2060
1126,Brett Washington,QB,18,25,49,0.831,0.121,0.220,0.230,0.160,0.770,0.009,0.474,0.063,Kansas,,,,,,,,,#N/A,,Brett Washington-Kansas-2060
1127,Kareem Jones,CB,18,27,49,0.014,0.405,0.590,0.317,0.512,0.221,0.550,0.713,0.647,Pennsylvania,Virginia,,,,,,,,#N/A,,Kareem Jones-Pennsylvania-2060
1128,Dan Marshall,CB,18,27,46,0.605,0.622,0.666,0.076,0.197,0.567,0.467,0.197,0.678,Mississippi,,,,,,,,,#N/A,,Dan Marshall-Mississippi-2060
1129,Christian Hunter,CB,18,27,49,0.534,0.418,0.687,0.180,0.849,0.103,0.268,0.748,0.698,Michigan,,,,,,,,,#N/A,,Christian Hunter-Michigan-2060
1130,Dwayne London,OL,18,23,42,0.162,0.724,0.695,0.539,0.568,0.900,0.317,0.733,0.932,Missouri,,,Tradition: Wants to play in front of lots of fans,,,,,,#N/A,,Dwayne London-Missouri-2060
1131,James McDaniel,OL,18,23,46,0.053,0.314,0.243,0.898,0.251,0.923,0.067,0.955,0.912,Ohio,,,Campus: Would prefer to attend a school with a dry climate,,,,,,#N/A,,James McDaniel-Ohio-2060
1132,Ron Price,QB,18,25,51,0.109,0.258,0.415,0.298,0.494,0.786,0.747,0.834,0.942,Florida,Texas,,,,,,,,#N/A,,Ron Price-Florida-2060
1133,Randy Curry,QB,18,25,47,0.383,0.377,0.585,0.757,0.563,0.319,0.917,0.675,0.259,Maryland,,,Education: Wants to study abroad in France,,,,,,#N/A,,Randy Curry-Maryland-2060
1134,Jeffery Shaw,QB,18,25,48,0.566,0.227,0.573,0.341,0.968,0.843,0.676,0.638,0.765,Louisiana,,,ProPotential: Is a fan of the Bears,,,,,,#N/A,,Jeffery Shaw-Louisiana-2060
1135,Matt Pendergast,QB,18,25,49,0.753,0.205,0.738,0.835,0.461,0.023,0.379,0.737,0.533,Colorado,,,,,,,,,#N/A,,Matt Pendergast-Colorado-2060
1136,Dwayne Neal,CB,18,27,46,0.266,0.333,0.001,0.036,0.245,0.508,0.398,0.770,0.323,Illinois,,,,,,,,,#N/A,,Dwayne Neal-Illinois-2060
1137,Michael Dougherty,CB,18,27,47,0.771,0.999,0.394,0.691,0.898,0.242,0.902,0.639,0.859,California,,,,,,,,,#N/A,,Michael Dougherty-California-2060
1138,Joseph Glowiak,P,18,35,56,0.889,0.790,0.777,0.726,0.543,0.579,0.439,0.335,0.452,New York,,,,,,,,,#N/A,,Joseph Glowiak-New York-2060
1139,Jamario Thomas,LB,18,22,42,0.467,0.517,0.814,0.624,0.815,0.940,0.731,0.439,0.614,Wyoming,,,Prestige: Wants to help increase a team's prestige,,,,,,#N/A,,Jamario Thomas-Wyoming-2060
1140,Damien Thompson,LB,18,22,39,0.955,0.970,0.184,0.602,0.056,0.889,0.241,0.261,0.519,Georgia,,,,,,,,,#N/A,,Damien Thompson-Georgia-2060
1141,Ryan Randolph,LB,18,22,40,0.074,0.974,0.016,0.271,0.681,0.327,0.380,0.516,0.393,Mississippi,,,Winning: Doesn't want to experience a losing season during his career.,,,,,,#N/A,,Ryan Randolph-Mississippi-2060
1142,Eric Martin,LB,18,22,38,0.518,0.392,0.982,0.147,0.141,0.262,0.264,0.557,0.789,Iowa,,,Playing Time: Would prefer to play for a less successful team if it means being of greater significance to the team.,,,,,,#N/A,,Eric Martin-Iowa-2060
1143,Isaiah McClendon,LB,18,22,38,0.626,0.534,0.325,0.521,0.781,0.286,0.075,0.101,0.848,Kentucky,,,,,,,,,#N/A,,Isaiah McClendon-Kentucky-2060
1144,Frankie Chase,K,18,34,52,0.077,0.763,0.172,0.930,0.677,0.726,0.710,0.903,0.796,Louisiana,,,Coach: Wants to play for a coach with a personal connection to their school,,,,,,#N/A,,Frankie Chase-Louisiana-2060
1145,Stefan Benkert,RB,18,24,43,0.269,0.847,0.812,0.842,0.483,0.949,0.594,0.680,0.994,California,,,Tradition: Wants to play in important rivalry games,,,,,,#N/A,,Stefan Benkert-California-2060
1146,Mason Simpson,RB,18,24,41,0.834,0.440,0.039,0.762,0.490,0.299,0.224,0.144,0.386,North Carolina,,,,,,,,,#N/A,,Mason Simpson-North Carolina-2060
1147,Dillon Kemper,OL,18,23,45,0.402,0.211,0.573,0.766,0.431,0.623,0.721,0.838,0.945,California,,,Tradition: Wants to play for a team that has dominated their rivals,,,,,,#N/A,,Dillon Kemper-California-2060
1148,Houston Greene,QB,18,25,47,0.746,0.118,0.882,0.517,0.647,0.657,0.573,0.991,0.602,Virginia,,,Campus: Wants to hear about sponsorship opportunities around campus,,,,,,#N/A,,Houston Greene-Virginia-2060
1149,Jesse Glover,QB,18,25,49,0.318,0.012,0.017,0.565,0.927,0.913,0.664,0.021,0.183,Wisconsin,,,ProPotential: Has dreams of eventually becoming a first-round pick.,,,,,,#N/A,,Jesse Glover-Wisconsin-2060
1150,Nick Smith,CB,18,27,45,0.353,0.856,0.873,0.555,0.844,0.718,0.229,0.477,0.433,California,,,,,,,,,#N/A,,Nick Smith-California-2060
1151,Enrique Williams,K,18,34,52,0.375,0.101,0.484,0.509,0.680,0.935,0.382,0.567,0.131,Texas,,,Prestige: Has ambitions of winning a national championship game,,,,,,#N/A,,Enrique Williams-Texas-2060
1152,Chase Starr,S,18,22,42,0.842,0.728,0.229,0.956,0.198,0.215,0.078,0.856,0.189,Texas,,,,,,,,,#N/A,,Chase Starr-Texas-2060
1153,Logan Cook,S,18,22,44,0.024,0.273,0.156,0.965,0.765,0.870,0.024,0.701,0.117,Texas,,,Coach: Wants to play for a successful coach.,,,,,,#N/A,,Logan Cook-Texas-2060
1154,Kyle Howell,LB,18,22,41,0.338,0.505,0.690,0.597,0.230,0.913,0.861,0.211,0.449,Georgia,,,Prestige: Would like to win as many bowl games as possible during his career,,,,,,#N/A,,Kyle Howell-Georgia-2060
1155,Adrian Jones,LB,18,22,42,0.080,0.195,0.382,0.104,0.607,0.894,0.705,0.346,0.994,California,,,Tradition: Wants to hear about your school's unique traditions,,,,,,#N/A,,Adrian Jones-California-2060
1156,Drew Allison,K,18,34,56,0.246,0.292,0.574,0.734,0.665,0.270,0.669,0.271,0.450,North Carolina,,,,,,,,,#N/A,,Drew Allison-North Carolina-2060
1157,Derek Peterson,K,18,34,56,0.702,0.340,0.342,0.923,0.329,0.262,0.394,0.219,0.042,Maryland,,,Coach: Wants to know what role his position plays in the coach's scheme.,,,,,,#N/A,,Derek Peterson-Maryland-2060
1158,Steven Smith,CB,18,27,45,0.178,0.201,0.659,0.647,0.811,0.352,0.430,0.099,0.283,Utah,,,,,,,,,#N/A,,Steven Smith-Utah-2060
1159,Jayson Gordon,QB,18,25,47,0.022,0.262,0.496,0.516,0.899,0.553,0.840,0.039,0.908,California,,,Tradition: Wants to play in front of lots of fans,,,,,,#N/A,,Jayson Gordon-California-2060
1160,Johnny Salas,S,18,22,44,0.612,0.848,0.478,0.378,0.547,0.239,0.405,0.566,0.432,Louisiana,,,,,,,,,#N/A,,Johnny Salas-Louisiana-2060
1161,Demarcus Deloach,S,18,22,41,0.409,0.891,0.145,0.167,0.417,0.094,0.574,0.625,0.658,Minnesota,,,,,,,,,#N/A,,Demarcus Deloach-Minnesota-2060
1162,Joseph Hudak,K,18,34,52,0.618,0.921,0.324,0.595,0.568,0.320,0.466,0.619,0.181,Georgia,,,,,,,,,#N/A,,Joseph Hudak-Georgia-2060
1163,Kareem Shepherd,LB,18,22,42,0.048,0.361,0.804,0.493,0.305,0.096,0.205,0.266,0.703,South Carolina,,,,,,,,,#N/A,,Kareem Shepherd-South Carolina-2060
1164,Brant Wallace,OL,18,23,45,0.827,0.910,0.304,0.523,0.990,0.851,0.353,0.619,0.964,South Carolina,,,"ProPotential: Would like to be drafted in the top four rounds, if possible.",,,,,,#N/A,,Brant Wallace-South Carolina-2060
1165,Taylor Boring,S,18,22,45,0.881,0.993,0.041,0.929,0.206,0.259,0.276,0.134,0.678,California,,,,,,,,,#N/A,,Taylor Boring-California-2060
1166,Jaevon Barber,S,18,22,44,0.036,0.354,0.878,0.150,0.382,0.331,0.107,0.585,0.471,Minnesota,,,,,,,,,#N/A,,Jaevon Barber-Minnesota-2060
1167,Matt Rivera,P,18,34,54,0.749,0.560,0.289,0.771,0.364,0.429,0.118,0.578,0.264,Pennsylvania,,,,,,,,,#N/A,,Matt Rivera-Pennsylvania-2060
1168,Quenton Martin,P,18,34,56,0.424,0.921,0.850,0.996,0.945,0.188,0.765,0.546,0.639,Mississippi,,,,,,,,,#N/A,,Quenton Martin-Mississippi-2060
1169,Kyle Morris,RB,18,24,39,0.775,0.479,0.332,0.354,0.316,0.358,0.683,0.218,0.533,Texas,,,,,,,,,#N/A,,Kyle Morris-Texas-2060
1170,Sean Anthony,WR,18,25,44,0.276,0.336,0.089,0.547,0.820,0.401,0.821,0.921,0.443,California,,,Campus: Wants to know about the nightlife around the university,,,,,,#N/A,,Sean Anthony-California-2060
1171,Beau Fitzwater,WR,18,25,48,0.917,0.547,0.184,0.052,0.661,0.912,0.602,0.593,0.246,Alabama,,,Location: Wants to play as close to his home state as possible.,,,,,,#N/A,,Beau Fitzwater-Alabama-2060
1172,Anthony Mauro,S,18,22,45,0.073,0.411,0.101,0.529,0.422,0.180,0.581,0.501,0.939,Mississippi,,,,,,,,,#N/A,,Anthony Mauro-Mississippi-2060
1173,Josh Webber,S,18,22,43,0.287,0.596,0.834,0.489,0.715,0.972,0.390,0.272,0.798,Wisconsin,,,Prestige: Wants to play for a team that's dominated their conference,,,,,,#N/A,,Josh Webber-Wisconsin-2060
1174,Brennon Veal,RB,18,24,39,0.234,0.267,0.106,0.006,0.418,0.969,0.697,0.286,0.397,California,,,Prestige: Wants to help increase a team's prestige,,,,,,#N/A,,Brennon Veal-California-2060
1175,Christopher Shinsky,RB,18,24,41,0.945,0.712,0.343,0.700,0.260,0.275,0.297,0.387,0.166,Texas,,,Location: Doesn't want to go outside his home region.,,,,,,#N/A,,Christopher Shinsky-Texas-2060
1176,Chris Turner,DL,18,23,48,0.944,0.657,0.403,0.305,0.307,0.729,0.870,0.703,0.644,Ohio,,,"Location: Has family in Louisiana, and wants them to see one of his games.",,,,,,#N/A,,Chris Turner-Ohio-2060
1177,Jamison Pritchard,WR,18,25,48,0.742,0.636,0.531,0.120,0.767,0.105,0.943,0.283,0.651,Iowa,,,Education: Wants to study abroad in Denmark,,,,,,#N/A,,Jamison Pritchard-Iowa-2060
1178,Alex Odeyingbo,WR,18,25,45,0.279,0.129,0.594,0.105,0.013,0.915,0.102,0.312,0.358,Florida,,,Prestige: Wants to win a conference championship,,,,,,#N/A,,Alex Odeyingbo-Florida-2060
1179,Ethan Moore,WR,18,25,46,0.451,0.525,0.417,0.105,0.997,0.826,0.066,0.779,0.711,Connecticut,,,ProPotential: Would prefer to be redshirted if not a projected draft pick.,,,,,,#N/A,,Ethan Moore-Connecticut-2060
1180,Antoine Schultz,P,18,34,53,0.168,0.544,0.859,0.117,0.968,0.152,0.126,0.455,0.784,New Jersey,,,ProPotential: Has dreams of eventually becoming a first-round pick.,,,,,,#N/A,,Antoine Schultz-New Jersey-2060
1181,George Rutherford,DL,18,23,49,0.256,0.509,0.901,0.512,0.352,0.109,0.223,0.544,0.368,Arkansas,,,Playing Time: Does not want to have to compete with higher-ranked recruits.,,,,,,#N/A,,George Rutherford-Arkansas-2060
1182,Dan Collins,DL,18,23,46,0.820,0.298,0.641,0.253,0.730,0.760,0.836,0.787,0.929,Texas,,,Tradition: Wants to hear about your school's fan support,,,,,,#N/A,,Dan Collins-Texas-2060
1183,Joe Honey,DL,18,23,46,0.354,0.475,0.141,0.440,0.845,0.391,0.602,0.266,0.213,South Carolina,,,,,,,,,#N/A,,Joe Honey-South Carolina-2060
1184,Matthew Johnson,P,18,34,57,0.844,0.830,0.486,0.604,0.438,0.708,0.981,0.709,0.323,Georgia,,,Education: Wants to go to a private school,,,,,,#N/A,,Matthew Johnson-Georgia-2060
1185,Michael Jones,WR,18,25,47,0.194,0.194,0.556,0.173,0.654,0.714,0.501,0.352,0.645,Texas,,,,,,,,,#N/A,,Michael Jones-Texas-2060
1186,Jeremy James,TE,18,20,35,0.807,0.960,0.672,0.957,0.543,0.838,0.058,0.245,0.853,Minnesota,,,Winning: Wants to experience at least one season with double-digit wins.,,,,,,#N/A,,Jeremy James-Minnesota-2060
1187,Eron Thomas,TE,18,20,37,0.076,0.649,0.667,0.114,0.575,0.008,0.037,0.297,0.905,Louisiana,,,,,,,,,#N/A,,Eron Thomas-Louisiana-2060
1188,Milan Stripling,TE,18,20,35,0.042,0.963,0.743,0.621,0.318,0.536,0.747,0.422,0.410,Hawaii,,,,,,,,,#N/A,,Milan Stripling-Hawaii-2060
1189,Joe Abramo,WR,18,25,47,0.694,0.816,0.421,0.046,0.910,0.936,0.146,0.789,0.305,Michigan,,,Prestige: Wants to help increase a team's prestige,,,,,,#N/A,,Joe Abramo-Michigan-2060
1190,Paul Watts,WR,18,25,44,0.717,0.538,0.166,0.633,0.967,0.973,0.150,0.072,0.381,Rhode Island,,,Prestige: Wants to win a conference championship,,,,,,#N/A,,Paul Watts-Rhode Island-2060
1191,Demetrius Bass,WR,18,25,48,0.533,0.031,0.530,0.550,0.576,0.327,0.348,0.232,0.753,Ohio,,,,,,,,,#N/A,,Demetrius Bass-Ohio-2060
1192,Jamaine Dunlap,WR,18,25,45,0.026,0.170,0.365,0.562,0.679,0.474,0.412,0.796,0.551,Indiana,,,,,,,,,#N/A,,Jamaine Dunlap-Indiana-2060
1193,Antwon Clark,DL,18,23,45,0.212,0.620,0.691,0.196,0.138,0.533,0.578,0.149,0.797,Louisiana,,,,,,,,,#N/A,,Antwon Clark-Louisiana-2060
1194,Dale Burrell,DL,18,23,49,0.627,0.254,0.311,0.305,0.309,0.919,0.377,0.411,0.206,Indiana,,,Prestige: Would like to win as many bowl games as possible during his career,,,,,,#N/A,,Dale Burrell-Indiana-2060
1195,Jake Patti,K,18,33,53,0.138,0.966,0.541,0.063,0.787,0.813,0.125,0.824,0.342,Nebraska,,,,,,,,,#N/A,,Jake Patti-Nebraska-2060
1196,Cade Chandler,CB,18,26,44,0.505,0.557,0.035,0.153,0.100,0.856,0.137,0.286,0.274,Utah,,,,,,,,,#N/A,,Cade Chandler-Utah-2060
1197,Jaylen Maddox,K,18,33,53,0.662,0.504,0.405,0.906,0.632,0.372,0.251,0.309,0.709,California,,,Coach: Wants to play for the same coach his entire career.,,,,,,#N/A,,Jaylen Maddox-California-2060
1198,Sam Miller,QB,18,24,46,0.313,0.594,0.865,0.643,0.081,0.661,0.683,0.871,0.802,Georgia,,,,,,,,,#N/A,,Sam Miller-Georgia-2060
1199,Brandyn Wallace,K,18,33,53,0.040,0.825,0.640,0.501,0.340,0.311,0.083,0.300,0.582,South Carolina,,,,,,,,,#N/A,,Brandyn Wallace-South Carolina-2060
1200,Mark Hay,CB,18,26,48,0.032,0.562,0.334,0.981,0.744,0.583,0.054,0.107,0.889,Ohio,,,Coach: Wants to play for the same coach his entire career.,,,,,,#N/A,,Mark Hay-Ohio-2060
1201,Michael Owens,CB,18,26,44,0.467,0.864,0.602,0.306,0.776,0.532,0.184,0.357,0.440,Virginia,,,,,,,,,#N/A,,Michael Owens-Virginia-2060
1202,Scott Delmonico,CB,18,26,44,0.905,0.219,0.391,0.464,0.635,0.434,0.195,0.285,0.266,Michigan,,,Location: Wants to play as close to his home state as possible.,,,,,,#N/A,,Scott Delmonico-Michigan-2060
1203,Mike Harrell,LB,18,21,38,0.458,0.808,0.465,0.020,0.715,0.278,0.575,0.164,0.742,Georgia,,,,,,,,,#N/A,,Mike Harrell-Georgia-2060
1204,Luke Seaborn,LB,18,21,37,0.836,0.223,0.579,0.841,0.773,0.463,0.180,0.886,0.798,Idaho,,,,,,,,,#N/A,,Luke Seaborn-Idaho-2060
1205,Chad Bennett,QB,18,24,50,0.512,0.420,0.661,0.075,0.585,0.234,0.760,0.075,0.053,Michigan,,,,,,,,,#N/A,,Chad Bennett-Michigan-2060
1206,Garrett Doman,QB,18,24,48,0.542,0.577,0.729,0.955,0.824,0.234,0.050,0.520,0.352,New York,,,,,,,,,#N/A,,Garrett Doman-New York-2060
1207,Terrance Woodward,K,18,33,55,0.062,0.988,0.227,0.809,0.892,0.986,0.213,0.635,0.631,Texas,,,Winning: Would prefer to play for a team coming off at least 3 consecutive winning seasons.,,,,,,#N/A,,Terrance Woodward-Texas-2060
1208,Nick Dominguez,RB,18,23,40,0.242,0.364,0.595,0.782,0.696,0.065,0.557,0.983,0.346,Mississippi,,,Campus: Would prefer to attend a school with a warm climate,,,,,,#N/A,,Nick Dominguez-Mississippi-2060
1209,John Zukoff,P,18,33,53,0.816,0.396,0.613,0.530,0.205,0.697,0.330,0.487,0.322,Indiana,,,,,,,,,#N/A,,John Zukoff-Indiana-2060
1210,Jake Richardson,TE,18,20,39,0.625,0.305,0.040,0.655,0.490,0.418,0.981,0.685,0.252,Minnesota,,,Education: Wants to major in biology,,,,,,#N/A,,Jake Richardson-Minnesota-2060
1211,Jeff Herron,TE,18,20,38,0.008,0.160,0.271,0.858,0.259,0.302,0.663,0.254,0.598,Alaska,,,,,,,,,#N/A,,Jeff Herron-Alaska-2060
1212,Daniel Walker,CB,18,26,44,0.550,0.996,0.237,0.609,0.258,0.107,0.297,0.984,0.634,Oklahoma,,,Winning: Doesn't want to experience a losing season during his career.,,,,,,#N/A,,Daniel Walker-Oklahoma-2060
1213,Jimmy Mann,CB,18,26,45,0.446,0.871,0.934,0.408,0.496,0.861,0.437,0.504,0.914,Virginia,South Carolina,,Playing Time: Would prefer to go somewhere he can start every season.,,,,,,#N/A,,Jimmy Mann-Virginia-2060
1214,Mitch Terry,P,18,33,53,0.736,0.299,0.997,0.401,0.900,0.963,0.670,0.882,0.812,Florida,Hawaii,,Playing Time: Wants an important role on the offense/defense.,,,,,,#N/A,,Mitch Terry-Florida-2060
1215,Evan Thompson,S,18,21,41,0.414,0.784,0.568,0.886,0.783,0.249,0.578,0.551,0.365,North Carolina,,,,,,,,,#N/A,,Evan Thompson-North Carolina-2060
1216,Ryan George,S,18,21,44,0.703,0.915,0.453,0.444,0.304,0.695,0.103,0.815,0.830,Florida,,,,,,,,,#N/A,,Ryan George-Florida-2060
1217,Dillon Trent,P,18,33,53,0.110,0.390,0.549,0.941,0.756,0.495,0.315,0.866,0.694,Utah,,,Coach: Wants to play for a coach with a personal connection to their school,,,,,,#N/A,,Dillon Trent-Utah-2060
1218,Zach Young,LB,18,21,37,0.010,0.203,0.733,0.293,0.807,0.852,0.274,0.023,0.294,Florida,,,,,,,,,#N/A,,Zach Young-Florida-2060
1219,Gerry McDaniel,LB,18,21,39,0.780,0.340,0.258,0.337,0.269,0.389,0.654,0.834,0.631,Nevada,,,,,,,,,#N/A,,Gerry McDaniel-Nevada-2060
1220,Ross Matthews,LB,18,21,39,0.315,0.763,0.015,0.911,0.634,0.583,0.926,0.968,0.495,Pennsylvania,,,Campus: Would prefer to attend a school with a dry climate,,,,,,#N/A,,Ross Matthews-Pennsylvania-2060
1221,Christian Webb,P,18,33,53,0.634,0.951,0.570,0.436,0.550,0.579,0.705,0.990,0.163,Illinois,,,Campus: Wants to get involved in student organizations,,,,,,#N/A,,Christian Webb-Illinois-2060
1222,Jerrell Stevens,P,18,33,56,0.785,0.934,0.987,0.966,0.702,0.053,0.682,0.166,0.509,Indiana,,,Playing Time: Wants an important role on the offense/defense.,,,,,,#N/A,,Jerrell Stevens-Indiana-2060
1223,Andrew Wright,P,18,33,54,0.099,0.711,0.301,0.987,0.369,0.209,0.766,0.079,0.808,North Carolina,,,Coach: Would like to see the coach sign an extension during his time at the school,,,,,,#N/A,,Andrew Wright-North Carolina-2060
1224,Wayne Spence,P,18,33,54,0.692,0.548,0.600,0.419,0.244,0.969,0.911,0.337,0.108,Oregon,,,,,,,,,#N/A,,Wayne Spence-Oregon-2060
1225,Phillip Barnes,LB,18,21,40,0.469,0.281,0.595,0.382,0.632,0.028,0.899,0.049,0.120,New Jersey,,,,,,,,,#N/A,,Phillip Barnes-New Jersey-2060
1226,Nate Slade,LB,18,21,41,0.620,0.796,0.457,0.356,0.928,0.584,0.985,0.194,0.121,Nebraska,,,Education: Wants to study abroad in Israel,,,,,,#N/A,,Nate Slade-Nebraska-2060
1227,Rashawn Haviland,LB,18,21,37,0.159,0.765,0.206,0.046,0.373,0.148,0.210,0.654,0.195,Texas,,,,,,,,,#N/A,,Rashawn Haviland-Texas-2060
1228,Antonio Manoa,RB,18,23,39,0.247,0.966,0.769,0.013,0.523,0.266,0.411,0.270,0.533,Pennsylvania,,,,,,,,,#N/A,,Antonio Manoa-Pennsylvania-2060
1229,Christian Hall,OL,18,22,41,0.267,0.947,0.228,0.299,0.918,0.740,0.391,0.576,0.722,Florida,,,,,,,,,#N/A,,Christian Hall-Florida-2060
1230,Darryl Bradley,WR,18,24,45,0.395,0.655,0.763,0.476,0.790,0.151,0.382,0.692,0.187,Washington,,,,,,,,,#N/A,,Darryl Bradley-Washington-2060
1231,Rob Pickett,LB,18,21,41,0.886,0.202,0.816,0.819,0.699,0.562,0.137,0.075,0.415,Florida,,,,,,,,,#N/A,,Rob Pickett-Florida-2060
1232,Alex Jackson,LB,18,21,37,0.359,0.669,0.536,0.265,0.872,0.707,0.901,0.494,0.401,Missouri,,,Education: Wants to major in economics,,,,,,#N/A,,Alex Jackson-Missouri-2060
1233,Taylor Johnson,LB,18,21,38,0.514,0.171,0.838,0.927,0.533,0.695,0.429,0.173,0.279,Tennessee,,,Coach: Wants to play for a successful coach.,,,,,,#N/A,,Taylor Johnson-Tennessee-2060
1234,Monti Bruner,LB,18,21,39,0.022,0.663,0.570,0.631,0.465,0.969,0.237,0.302,0.564,Maryland,,,Prestige: Wants to play for a team that's dominated their conference,,,,,,#N/A,,Monti Bruner-Maryland-2060
1235,Christian Dixon,DL,18,22,46,0.361,0.854,0.121,0.908,0.451,0.936,0.358,0.296,0.957,Louisiana,,,,,,,,,#N/A,,Christian Dixon-Louisiana-2060
1236,Larry Slowik,DL,18,22,43,0.048,0.015,0.649,0.726,0.995,0.592,0.846,0.774,0.481,New York,,,ProPotential: Is a fan of the Seahawks,,,,,,#N/A,,Larry Slowik-New York-2060
1237,L.J. Ellis,K,18,32,51,0.175,0.427,0.498,0.086,0.011,0.298,0.312,0.438,0.266,California,,,,,,,,,#N/A,,L.J. Ellis-California-2060
1238,Mike Trapp,K,18,32,52,0.468,0.981,0.376,0.931,0.520,0.435,0.275,0.928,0.615,Massachusetts,,,Winning: Doesn't want to experience a losing season during his career.,,,,,,#N/A,,Mike Trapp-Massachusetts-2060
1239,Noah Strickland,K,18,32,51,0.568,0.045,0.101,0.684,0.362,0.921,0.846,0.099,0.200,Michigan,,,,,,,,,#N/A,,Noah Strickland-Michigan-2060
1240,Braylon Jackson,K,18,32,51,0.042,0.731,0.389,0.509,0.535,0.502,0.155,0.255,0.942,Mississippi,,,Tradition: Wants to hear about your school's unique traditions,,,,,,#N/A,,Braylon Jackson-Mississippi-2060
1241,Cortland Hutchinson,K,18,32,54,0.341,0.802,0.457,0.495,0.846,0.490,0.237,0.051,0.233,Indiana,,,,,,,,,#N/A,,Cortland Hutchinson-Indiana-2060
1242,Rhett Fox,K,18,32,53,0.206,0.030,0.165,0.924,0.112,0.490,0.982,0.652,0.779,Texas,,,Education: Wants to major in psychology,,,,,,#N/A,,Rhett Fox-Texas-2060
1243,Austin Tomlinson,K,18,32,52,0.766,0.340,0.709,0.226,0.933,0.306,0.424,0.971,0.414,Tennessee,,,Campus: Wants to know about the nightlife around the university,,,,,,#N/A,,Austin Tomlinson-Tennessee-2060
1244,Gary Rayner,S,18,21,43,0.715,0.337,0.698,0.711,0.094,0.818,0.648,0.699,0.028,Alabama,,,,,,,,,#N/A,,Gary Rayner-Alabama-2060
1245,Clayton Richardson,S,18,21,42,0.884,0.841,0.462,0.135,0.704,0.157,0.125,0.093,0.518,Florida,,,,,,,,,#N/A,,Clayton Richardson-Florida-2060
1246,Travis Tartt,WR,18,24,46,0.902,0.858,0.647,0.661,0.480,0.646,0.112,0.366,0.960,California,,,Tradition: Wants to play on primetime TV,,,,,,#N/A,,Travis Tartt-California-2060
1247,Garrett Mafi,K,18,32,50,0.878,0.971,0.153,0.238,0.605,0.872,0.328,0.526,0.836,Oregon,,,Winning: Doesn't want to experience a losing season during his career.,,,,,,#N/A,,Garrett Mafi-Oregon-2060
1248,Uelese Thompson,WR,18,24,47,0.113,0.158,0.704,0.483,0.652,0.429,0.116,0.010,0.100,American Samoa,,,,,,,,,#N/A,,Uelese Thompson-American Samoa-2060
1249,Alec Fowler,K,18,32,52,0.201,0.075,0.747,0.268,0.792,0.266,0.872,0.028,0.951,Missouri,,,Tradition: Wants to play in front of lots of fans,,,,,,#N/A,,Alec Fowler-Missouri-2060
1250,Josh Roberts,K,18,32,52,0.154,0.292,0.075,0.531,0.186,0.866,0.840,0.708,0.343,California,,,,,,,,,#N/A,,Josh Roberts-California-2060
1251,Andrew Williams,K,18,32,53,0.197,0.534,0.824,0.494,0.370,0.189,0.533,0.876,0.056,Alabama,,,,,,,,,#N/A,,Andrew Williams-Alabama-2060
1252,Josh Brantley,K,18,32,52,0.790,0.248,0.259,0.733,0.336,0.616,0.905,0.726,0.156,North Carolina,,,Education: Wants to study abroad in Senegal,,,,,,#N/A,,Josh Brantley-North Carolina-2060
1253,Ed Horton,K,18,32,52,0.248,0.757,0.530,0.056,0.060,0.747,0.149,0.485,0.986,Minnesota,,,Tradition: Wants to play on primetime TV,,,,,,#N/A,,Ed Horton-Minnesota-2060
1254,Deion Jones,K,18,32,53,0.340,0.721,0.711,0.759,0.650,0.706,0.479,0.047,0.223,Utah,,,,,,,,,#N/A,,Deion Jones-Utah-2060
1255,Richard McDuffie,K,18,32,53,0.223,0.043,0.340,0.223,0.281,0.805,0.042,0.615,0.660,Indiana,,,,,,,,,#N/A,,Richard McDuffie-Indiana-2060
1256,Zane Plummer,CB,18,25,42,0.438,0.534,0.946,0.656,0.026,0.719,0.656,0.430,0.929,Arkansas,,,Playing Time: Wants to be the starter by his sophomore year at the latest.,,,,,,#N/A,,Zane Plummer-Arkansas-2060
1257,Tre Elliott,CB,18,25,44,0.172,0.330,0.403,0.840,0.152,0.560,0.988,0.903,0.060,Rhode Island,,,Education: Wants to study abroad in Costa Rica,,,,,,#N/A,,Tre Elliott-Rhode Island-2060
1258,Jordan Mercer,CB,18,25,44,0.210,0.483,0.831,0.550,0.943,0.393,0.911,0.956,0.655,Florida,,,Campus: Would prefer to attend a school with a rainy climate,,,,,,#N/A,,Jordan Mercer-Florida-2060
1259,Hunter Simmons,DL,18,22,44,0.479,0.322,0.399,0.453,0.975,0.945,0.573,0.973,0.255,Tennessee,,,"ProPotential: Would like to be drafted in the top four rounds, if possible.",,,,,,#N/A,,Hunter Simmons-Tennessee-2060
1260,Ian Hutchinson,DL,18,22,45,0.378,0.112,0.099,0.491,0.773,0.313,0.773,0.366,0.417,Oklahoma,,,,,,,,,#N/A,,Ian Hutchinson-Oklahoma-2060
1261,Walt Wilkerson,K,18,32,51,0.035,0.062,0.108,0.533,0.276,0.571,0.082,0.363,0.301,Kansas,,,,,,,,,#N/A,,Walt Wilkerson-Kansas-2060
1262,Ryan Scruggs,K,18,32,52,0.648,0.036,0.806,0.476,0.442,0.788,0.810,0.806,0.256,Arizona,Michigan,,,,,,,,#N/A,,Ryan Scruggs-Arizona-2060
1263,Geremy Clayton,K,18,32,51,0.693,0.766,0.345,0.770,0.456,0.799,0.441,0.520,0.770,Hawaii,,,,,,,,,#N/A,,Geremy Clayton-Hawaii-2060
1264,Philip Swindle,K,18,32,53,0.817,0.638,0.791,0.187,0.124,0.346,0.435,0.900,0.216,North Carolina,,,,,,,,,#N/A,,Philip Swindle-North Carolina-2060
1265,Jayon Joyner,CB,18,25,43,0.313,0.862,0.781,0.238,0.446,0.843,0.947,0.427,0.104,Mississippi,,,Education: Wants to study abroad in France,,,,,,#N/A,,Jayon Joyner-Mississippi-2060
1266,Darrious Robertson,CB,18,25,46,0.181,0.335,0.202,0.849,0.946,0.531,0.513,0.864,0.277,North Carolina,,,ProPotential: Is a fan of the 49ers,,,,,,#N/A,,Darrious Robertson-North Carolina-2060
1267,Andrew Robinson,P,18,32,52,0.823,0.932,0.623,0.095,0.057,0.712,0.753,0.278,0.188,Utah,,,Winning: Would prefer to play for a team coming off at least 3 consecutive winning seasons.,,,,,,#N/A,,Andrew Robinson-Utah-2060
1268,Kade McClain,DL,18,22,44,0.399,0.448,0.422,0.916,0.474,0.862,0.468,0.820,0.352,Oklahoma,,,,,,,,,#N/A,,Kade McClain-Oklahoma-2060
1269,Reynard Cox,CB,18,25,42,0.081,0.723,0.927,0.177,0.882,0.673,0.821,0.609,0.515,Tennessee,,,Playing Time: Does not want to have to compete with higher-ranked recruits.,,,,,,#N/A,,Reynard Cox-Tennessee-2060
1270,Braylon Christopher,P,18,32,51,0.170,0.078,0.013,0.522,0.033,0.980,0.913,0.559,0.161,Michigan,,,Prestige: Has ambitions of winning a national championship game,,,,,,#N/A,,Braylon Christopher-Michigan-2060
1271,Coby Benton,P,18,32,54,0.036,0.084,0.571,0.105,0.733,0.096,0.448,0.445,0.666,Texas,,,,,,,,,#N/A,,Coby Benton-Texas-2060
1272,Jake Turner,P,18,32,54,0.985,0.123,0.459,0.740,0.279,0.701,0.221,0.936,0.399,Michigan,,,"Location: Has family in Ohio, and wants them to see one of his games.",,,,,,#N/A,,Jake Turner-Michigan-2060
1273,Taylor Hightower,P,18,32,52,0.050,0.406,0.052,0.239,0.704,0.274,0.464,0.189,0.790,Alaska,,,,,,,,,#N/A,,Taylor Hightower-Alaska-2060
1274,Tai Nelson,QB,18,23,45,0.313,0.782,0.139,0.745,0.024,0.986,0.075,0.375,0.140,Ohio,,,Prestige: Wants to help increase a team's prestige,,,,,,#N/A,,Tai Nelson-Ohio-2060
1275,Joah Novak,CB,18,25,44,0.872,0.756,0.351,0.607,0.562,0.702,0.111,0.010,0.361,Georgia,,,,,,,,,#N/A,,Joah Novak-Georgia-2060
1276,Ira Amundsen,LB,18,20,37,0.799,0.954,0.168,0.045,0.514,0.838,0.630,0.840,0.548,New Hampshire,Princeton,,,,,,,,#N/A,,Ira Amundsen-New Hampshire-2060
1277,Trey Baker,LB,18,20,36,0.919,0.978,0.080,0.968,0.429,0.272,0.820,0.431,0.994,Michigan,,,,,,,,,#N/A,,Trey Baker-Michigan-2060
1278,Anthony Fehoko,TE,18,19,35,0.033,0.961,0.935,0.463,0.643,0.911,0.351,0.179,0.093,Indiana,,,Winning: Wants to win a lot of conference games during his career,,,,,,#N/A,,Anthony Fehoko-Indiana-2060
1279,Dwayne Walker,P,18,32,50,0.536,0.662,0.124,0.784,0.614,0.947,0.925,0.434,0.110,Texas,Central Michigan,,,,,,,,#N/A,,Dwayne Walker-Texas-2060
1280,Jason Aune,P,18,32,53,0.024,0.924,0.642,0.773,0.061,0.809,0.058,0.184,0.942,Louisiana,,,Tradition: Wants to hear about your school's past star players,,,,,,#N/A,,Jason Aune-Louisiana-2060
1281,Nick McSwain,P,18,32,52,0.817,0.540,0.462,0.634,0.208,0.324,0.846,0.907,1.000,Texas,,,,,,,,,#N/A,,Nick McSwain-Texas-2060
1282,Isaiah Harper,P,18,32,52,0.559,0.062,0.236,0.725,0.605,0.790,0.664,0.638,0.774,Illinois,,,,,,,,,#N/A,,Isaiah Harper-Illinois-2060
1283,Carlos Douglas,K,18,31,51,0.458,0.761,0.014,0.470,0.150,0.362,0.637,0.201,0.551,Georgia,Auburn,,,,,,,,#N/A,,Carlos Douglas-Georgia-2060
1284,Travis Brown,K,18,31,53,0.699,0.617,0.263,0.871,0.831,0.044,0.097,0.350,0.045,Washington,,,,,,,,,#N/A,,Travis Brown-Washington-2060
1285,Matthew Long,LB,18,20,36,0.981,0.024,0.106,0.070,0.182,0.014,0.671,0.574,0.790,Florida,,,Location: Wants to play as many games in his home state as possible.,,,,,,#N/A,,Matthew Long-Florida-2060
1286,Lane Duncan,LB,18,20,37,0.041,0.149,0.527,0.651,0.683,0.974,0.285,0.808,0.766,California,,,Prestige: Wants to play for a team that's dominated their conference,,,,,,#N/A,,Lane Duncan-California-2060
1287,Marcel Key,LB,18,20,40,0.988,0.122,0.772,0.774,0.458,0.877,0.896,0.514,0.169,Maryland,,,Location: Doesn't want to go outside his home region.,,,,,,#N/A,,Marcel Key-Maryland-2060
1288,Brian Ellison,LB,18,20,36,0.300,0.689,0.806,0.847,0.262,0.769,0.471,0.901,0.012,Hawaii,,,Campus: Wants to know about the nightlife around the university,,,,,,#N/A,,Brian Ellison-Hawaii-2060
1289,Marcus Riggs,TE,18,19,38,0.173,0.259,0.123,0.359,0.815,0.844,0.657,0.410,0.550,California,,,,,,,,,#N/A,,Marcus Riggs-California-2060
1290,Scott Terrell,RB,18,22,37,0.800,0.783,0.057,0.770,0.461,0.134,0.852,0.897,0.965,Oklahoma,,,Tradition: Wants to play for a team that has dominated their rivals,,,,,,#N/A,,Scott Terrell-Oklahoma-2060
1291,Raphael Bratton,RB,18,22,38,0.408,0.277,0.530,0.185,0.490,0.555,0.854,0.607,0.238,Florida,,,,,,,,,#N/A,,Raphael Bratton-Florida-2060
1292,Hudson Morgan,LB,18,20,40,0.693,0.372,0.732,0.783,0.533,0.532,0.378,0.812,0.057,Alabama,,,,,,,,,#N/A,,Hudson Morgan-Alabama-2060
1293,Darius Jones,K,18,31,50,0.774,0.581,0.665,0.066,0.561,0.585,0.863,0.962,0.610,Louisiana,,,Campus: Wants mountains a short distance from campus.,,,,,,#N/A,,Darius Jones-Louisiana-2060
1294,Dion Parrish,WR,18,23,45,0.950,0.979,0.561,0.393,0.917,0.021,0.621,0.636,0.182,Indiana,,,Winning: Wants to experience at least one season with double-digit wins.,,,,,,#N/A,,Dion Parrish-Indiana-2060
1295,Jarrett Collins,S,18,20,38,0.209,0.141,0.497,0.003,0.865,0.635,0.533,0.151,0.609,Wisconsin,,,,,,,,,#N/A,,Jarrett Collins-Wisconsin-2060
1296,Drake Ona,S,18,20,40,0.249,0.825,0.905,0.672,0.241,0.376,0.084,0.032,0.561,California,,,Playing Time: Wants the chance to win a national award,,,,,,#N/A,,Drake Ona-California-2060
1297,Zack Dill,S,18,20,38,0.938,0.166,0.036,0.646,0.773,0.458,0.864,0.856,0.969,Illinois,,,Tradition: Wants to hear about your school's fan support,,,,,,#N/A,,Zack Dill-Illinois-2060
1298,Terrell Mathis,S,18,20,38,0.925,0.579,0.907,0.091,0.145,0.961,0.919,0.755,0.507,Hawaii,,,,,,,,,#N/A,,Terrell Mathis-Hawaii-2060
1299,David Jones,S,18,20,38,0.935,0.193,0.963,0.347,0.745,0.171,0.010,0.024,0.827,Georgia,,,Playing Time: Would prefer to play for a G5 school if it means being of greater significance to the team.,,,,,,#N/A,,David Jones-Georgia-2060
1300,Cameron Fischer,RB,18,22,37,0.779,0.978,0.832,0.481,0.519,0.104,0.351,0.615,0.255,Washington,,,,,,,,,#N/A,,Cameron Fischer-Washington-2060
1301,Willie Aldrich,LB,18,20,36,0.651,0.897,0.643,0.875,0.342,0.640,0.896,0.437,0.769,Washington D.C.,,,,,,,,,#N/A,,Willie Aldrich-Washington D.C.-2060
1302,Branton Casey,RB,18,22,39,0.146,0.931,0.430,0.278,0.062,0.667,0.565,0.495,0.380,Oklahoma,,,Winning: Wants to win a lot of conference games during his career,,,,,,#N/A,,Branton Casey-Oklahoma-2060
1303,Adam Keeler,RB,18,22,38,0.778,0.565,0.516,0.208,0.540,0.382,0.149,0.260,0.100,California,,,,,,,,,#N/A,,Adam Keeler-California-2060
1304,Amir Biddle,S,18,20,38,0.625,0.956,0.788,0.921,0.590,0.091,0.348,0.277,0.160,Pennsylvania,,,Winning: Would prefer to play for a team coming off at least 3 consecutive winning seasons.,,,,,,#N/A,,Amir Biddle-Pennsylvania-2060
1305,Quay Wiley,K,18,31,53,0.072,0.018,0.285,0.599,0.122,0.338,0.784,0.968,0.786,Oregon,,,Campus: Wants to know about the nightlife around the university,,,,,,#N/A,,Quay Wiley-Oregon-2060
1306,Joe Kimble,K,18,31,49,0.934,0.249,0.925,0.356,0.663,0.570,0.592,0.233,0.957,Florida,,,Tradition: Wants to play for a team with a long football history,,,,,,#N/A,,Joe Kimble-Florida-2060
1307,Brian Allred,LB,18,20,36,0.461,0.849,0.945,0.048,0.399,0.831,0.253,0.358,0.254,Wisconsin,,,Playing Time: Would prefer to play for a less successful team if it means being of greater significance to the team.,,,,,,#N/A,,Brian Allred-Wisconsin-2060
1308,Zac Nixon,LB,18,20,40,0.638,0.073,0.619,0.497,0.495,0.628,0.983,0.972,0.053,North Carolina,Baylor,,Education: Wants to study abroad in France,,,,,,#N/A,,Zac Nixon-North Carolina-2060
1309,Kendrick Robinson,P,18,31,50,0.052,0.074,0.735,0.910,0.872,0.277,0.205,0.494,0.757,Missouri,,,Coach: Wants to hear about the coach's passion for their school,,,,,,#N/A,,Kendrick Robinson-Missouri-2060
1310,Tommy Kennedy,P,18,31,50,0.023,0.659,0.290,0.879,0.475,0.566,0.920,0.811,0.233,Florida,,,Education: Wants to major in economics,,,,,,#N/A,,Tommy Kennedy-Florida-2060
1311,Tim Holmes,RB,18,22,36,0.951,0.965,0.912,0.188,0.961,0.892,0.705,0.237,0.910,Florida,,,Winning: Wants to experience at least one season with double-digit wins.,,,,,,#N/A,,Tim Holmes-Florida-2060
1312,Fatu Fuimaono,DL,18,21,45,0.057,0.861,0.837,0.052,0.345,0.825,0.260,0.766,0.185,American Samoa,,,,,,,,,#N/A,,Fatu Fuimaono-American Samoa-2060
1313,Kirkland White,DL,18,21,43,0.311,0.594,0.589,0.870,0.089,0.749,0.400,0.310,0.088,California,,,,,,,,,#N/A,,Kirkland White-California-2060
1314,Steve Winovich,S,18,20,39,0.474,0.490,0.569,0.716,0.158,0.730,0.807,0.325,0.549,Tennessee,,,,,,,,,#N/A,,Steve Winovich-Tennessee-2060
1315,Kendrick Daugherty,S,18,20,38,0.918,0.159,0.106,0.821,0.903,0.597,0.410,0.044,0.761,Georgia,,,"Location: Has family in Delaware, and wants them to see one of his games.",,,,,,#N/A,,Kendrick Daugherty-Georgia-2060
1316,Dionza Gilmore,S,18,20,38,0.237,0.587,0.607,0.691,0.746,0.706,0.095,0.091,0.642,Texas,,,,,,,,,#N/A,,Dionza Gilmore-Texas-2060
1317,Tyler Toney,CB,18,24,43,0.351,0.791,0.828,0.247,0.793,0.539,0.573,0.183,0.294,Virginia,,,,,,,,,#N/A,,Tyler Toney-Virginia-2060
1318,Alphonzo Rafdal,P,18,31,50,0.591,0.029,0.733,0.246,0.842,0.311,0.741,0.751,0.588,Louisiana,,,,,,,,,#N/A,,Alphonzo Rafdal-Louisiana-2060
1319,Dre Rison,P,18,31,50,0.933,0.274,0.244,0.814,0.411,0.802,0.587,0.719,0.038,Texas,,,Location: Wants to play as many games in his home state as possible.,,,,,,#N/A,,Dre Rison-Texas-2060
1320,Ken Smith,DL,18,21,44,0.005,0.229,0.623,0.641,0.213,0.213,0.249,0.216,0.189,"Ontario, Canada",,,,,,,,,#N/A,,"Ken Smith-Ontario, Canada-2060"
1321,Nick Pierce,P,18,31,53,0.819,0.109,0.663,0.337,0.090,0.928,0.866,0.915,0.355,Louisiana,,,Prestige: Would like to play in a bowl game every year,,,,,,#N/A,,Nick Pierce-Louisiana-2060
1322,Kevin Rush,CB,18,24,41,0.462,0.620,0.855,0.200,0.647,0.072,0.211,0.991,0.682,Arizona,,,Campus: Wants there to be a strong Greek Life community on campus,,,,,,#N/A,,Kevin Rush-Arizona-2060
1323,James Pippen,CB,18,24,45,0.854,0.751,0.020,0.604,0.804,0.837,0.264,0.653,0.928,Texas,,,Tradition: Wants to hear about your school's fan support,,,,,,#N/A,,James Pippen-Texas-2060
1324,Troy Herndon,CB,18,24,41,0.975,0.963,0.422,0.368,0.256,0.538,0.464,0.611,0.741,Michigan,,,"Location: Has family in Missouri, and wants them to see one of his games.",,,,,,#N/A,,Troy Herndon-Michigan-2060
1325,Jaylen May,CB,18,24,41,0.689,0.773,0.755,0.844,0.042,0.646,0.983,0.579,0.999,Florida,,,,,,,,,#N/A,,Jaylen May-Florida-2060
1326,Shawn Natter,CB,18,24,42,0.096,0.675,0.491,0.903,0.036,0.810,0.179,0.608,0.266,Florida,,,Coach: Wants to hear about the coach's passion for their school,,,,,,#N/A,,Shawn Natter-Florida-2060
1327,Andrew Riddick,QB,18,22,44,0.954,0.435,0.766,0.380,0.201,0.202,0.659,0.074,0.977,Pennsylvania,,,Tradition: Wants to play in important rivalry games,,,,,,#N/A,,Andrew Riddick-Pennsylvania-2060
1328,Kendrick Joseph,P,18,31,50,0.468,0.762,0.608,0.994,0.549,0.322,0.628,0.722,0.578,Florida,,,Coach: Wants to be assured that his coach won't cut him.,,,,,,#N/A,,Kendrick Joseph-Florida-2060
1329,Steven Tracy,DL,18,21,46,0.354,0.650,0.070,0.937,0.224,0.169,0.247,0.767,0.820,South Carolina,,,Coach: Wants to play for a coach who is known to keep promises.,,,,,,#N/A,,Steven Tracy-South Carolina-2060
1330,Javon Hoxie,DL,18,21,45,0.717,0.906,0.950,0.290,0.092,0.746,0.383,0.778,0.638,Missouri,,,Playing Time: Would prefer to go somewhere he can start every season.,,,,,,#N/A,,Javon Hoxie-Missouri-2060
1331,Michael Coleman,S,18,20,38,0.902,0.155,0.423,0.448,0.317,0.667,0.446,0.802,0.276,North Carolina,,,Location: Wants to play alongside other players from his home state,,,,,,#N/A,,Michael Coleman-North Carolina-2060
1332,Russ Huntley,S,18,20,40,0.858,0.863,0.630,0.876,0.026,0.029,0.804,0.577,0.281,Maryland,,,,,,,,,#N/A,,Russ Huntley-Maryland-2060
1333,Kalon Lamb,CB,18,24,42,0.408,0.619,0.237,0.100,0.117,0.944,0.097,0.489,0.066,Georgia,,,Prestige: Would like to win as many bowl games as possible during his career,,,,,,#N/A,,Kalon Lamb-Georgia-2060
1334,Tyrone Robinson,CB,18,24,44,0.698,0.826,0.872,0.276,0.537,0.290,0.625,0.762,0.725,New Mexico,,,,,,,,,#N/A,,Tyrone Robinson-New Mexico-2060
1335,Brandon Baker,P,18,31,49,0.840,0.204,0.140,0.152,0.136,0.092,0.842,0.814,0.538,Ohio,,,,,,,,,#N/A,,Brandon Baker-Ohio-2060
1336,John Conyers,CB,18,24,42,0.040,0.476,0.190,0.019,0.036,0.993,0.288,0.532,0.927,Mississippi,,,,,,,,,#N/A,,John Conyers-Mississippi-2060
1337,Thompson Holder,CB,18,24,44,0.698,0.347,0.508,0.078,0.377,0.200,0.848,0.952,0.853,Colorado,Stanford,,Campus: Would prefer to attend a school with a cold climate,,,,,,#N/A,,Thompson Holder-Colorado-2060
1338,Jordan Wilson,TE,18,18,36,0.750,0.384,0.950,0.754,0.346,0.609,0.978,0.503,0.451,New Jersey,,,Education: Wants to major in English,,,,,,#N/A,,Jordan Wilson-New Jersey-2060
1339,Marquis Ross,CB,18,24,43,0.441,0.328,0.697,0.935,0.525,0.626,0.319,0.703,0.995,Texas,,,,,,,,,#N/A,,Marquis Ross-Texas-2060
1340,Ellis Lark,K,18,30,48,0.400,0.321,0.129,0.827,0.680,0.467,0.389,0.436,0.494,Michigan,,,,,,,,,#N/A,,Ellis Lark-Michigan-2060
1341,Ryan Sims,K,18,30,51,0.982,0.821,0.064,0.281,0.875,0.801,0.802,0.296,0.557,Texas,,,Location: Wants to play alongside other players from his home state,,,,,,#N/A,,Ryan Sims-Texas-2060
1342,Zack Sharp,K,18,30,47,0.478,0.398,0.918,0.750,0.094,0.298,0.492,0.772,0.419,Georgia,,,Playing Time: Wants an important role on the offense/defense.,,,,,,#N/A,,Zack Sharp-Georgia-2060
1343,Ta'Quan Dickey,OL,18,20,41,0.024,0.530,0.762,0.217,0.552,0.500,0.718,0.425,0.444,Hawaii,,,,,,,,,#N/A,,Ta'Quan Dickey-Hawaii-2060
1344,Josh Franklin,OL,18,20,38,0.168,0.252,0.612,0.636,0.310,0.245,0.529,0.456,0.530,Florida,,,,,,,,,#N/A,,Josh Franklin-Florida-2060
1345,Seth Rigg,OL,18,20,42,0.369,0.264,0.728,0.279,0.339,0.197,0.657,0.498,0.142,Arkansas,,,,,,,,,#N/A,,Seth Rigg-Arkansas-2060
1346,Joe Hill,OL,18,20,42,0.122,0.301,0.964,0.037,0.751,0.445,0.299,0.708,0.066,Michigan,,,Playing Time: Wants the chance to win a national award,,,,,,#N/A,,Joe Hill-Michigan-2060
1347,Logan Dixon,TE,18,18,34,0.500,0.053,0.889,0.531,0.641,0.491,0.503,0.950,0.629,Wisconsin,,,Campus: Wants to know about concert venues near campus,,,,,,#N/A,,Logan Dixon-Wisconsin-2060
1348,Jalen Stidham,TE,18,18,35,0.250,0.518,0.773,0.313,0.721,0.333,0.382,0.819,0.145,California,,,,,,,,,#N/A,,Jalen Stidham-California-2060
1349,Spencer Eddy,RB,18,21,39,0.568,0.072,0.856,0.606,0.362,0.895,0.522,0.113,0.209,Pennsylvania,,,,,,,,,#N/A,,Spencer Eddy-Pennsylvania-2060
1350,AJ Jackson,OL,18,20,40,0.319,0.628,0.493,0.797,0.521,0.321,0.237,0.416,0.122,Arizona,,,,,,,,,#N/A,,AJ Jackson-Arizona-2060
1351,Jeremy Campbell,OL,18,20,41,0.177,0.165,0.092,0.966,0.485,0.287,0.928,0.326,0.620,Michigan,,,Coach: Wants to be assured that his coach won't cut him.,,,,,,#N/A,,Jeremy Campbell-Michigan-2060
1352,Christian Rayburn,OL,18,20,40,0.695,0.942,0.529,0.216,0.989,0.446,0.192,0.774,0.043,Oklahoma,Virginia Tech,,ProPotential: Wants to play for a coach who has produced a lot of pros at his position.,,,,,,#N/A,,Christian Rayburn-Oklahoma-2060
1353,Destin Thompson,OL,18,20,40,0.851,0.223,0.522,0.959,0.531,0.042,0.749,0.182,0.652,California,,,Coach: Wants to know what role his position plays in the coach's scheme.,,,,,,#N/A,,Destin Thompson-California-2060
1354,Kyle Benbow,LB,18,19,39,0.046,0.548,0.834,0.795,0.427,0.962,0.984,0.807,0.223,Tennessee,,,Education: Wants to major in business,,,,,,#N/A,,Kyle Benbow-Tennessee-2060
1355,Rory Mayers,LB,18,19,37,0.229,0.987,0.754,0.359,0.038,0.393,0.888,0.397,0.771,Washington D.C.,,,,,,,,,#N/A,,Rory Mayers-Washington D.C.-2060
1356,Noa Derrick,WR,18,22,43,0.748,0.625,0.145,0.754,0.018,0.064,0.129,0.118,0.856,Georgia,,,,,,,,,#N/A,,Noa Derrick-Georgia-2060
1357,Nathaniel Kouandjio,P,18,30,49,0.550,0.228,0.947,0.018,0.420,0.645,0.223,0.644,0.866,Pennsylvania,Kansas State,,Playing Time: Wants an important role on the offense/defense.,,,,,,#N/A,,Nathaniel Kouandjio-Pennsylvania-2060
1358,Robert White,P,18,30,51,0.444,0.720,0.783,0.857,0.805,0.924,0.471,0.747,0.774,Florida,,,,,,,,,#N/A,,Robert White-Florida-2060
1359,Stevon Johnson,P,18,30,48,0.915,0.419,0.610,0.818,0.792,0.929,0.349,0.936,0.373,Missouri,,,Campus: Wants to hear about sponsorship opportunities around campus,,,,,,#N/A,,Stevon Johnson-Missouri-2060
1360,Anthony Espinoza,P,18,30,51,0.050,0.625,0.275,0.797,0.838,0.177,0.507,0.789,0.306,Utah,,,,,,,,,#N/A,,Anthony Espinoza-Utah-2060
1361,Tyshon Correia,P,18,30,48,0.862,0.037,0.461,0.520,0.252,0.667,0.703,0.865,0.632,Louisiana,,,,,,,,,#N/A,,Tyshon Correia-Louisiana-2060
1362,Taylor Smith,RB,18,21,35,0.121,0.721,0.093,0.369,0.546,0.592,0.808,0.131,0.705,Texas,,,,,,,,,#N/A,,Taylor Smith-Texas-2060
1363,Sawyer Welch,RB,18,21,37,0.512,0.412,0.588,0.089,0.977,0.653,0.296,0.210,0.095,New Mexico,,,ProPotential: Wants to play for a coach who has produced a lot of pros at his position.,,,,,,#N/A,,Sawyer Welch-New Mexico-2060
1364,Jordan Johnson,OL,18,20,42,0.899,0.409,0.627,0.242,0.387,0.822,0.974,0.097,0.768,Maryland,,,Education: Wants to study abroad in Mexico,,,,,,#N/A,,Jordan Johnson-Maryland-2060
1365,Braylon Henderson,OL,18,20,42,0.709,0.496,0.226,0.945,0.092,0.748,0.320,0.420,0.933,South Carolina,,,Coach: Wants to play for a coach with a personal connection to their school,,,,,,#N/A,,Braylon Henderson-South Carolina-2060
1366,Michael Richardson,OL,18,20,40,0.644,0.291,0.926,0.932,0.921,0.508,0.252,0.488,0.616,Arizona,,,Coach: Wants to play for the same coach his entire career.,,,,,,#N/A,,Michael Richardson-Arizona-2060
1367,Nolan Clayton,K,18,30,50,0.260,0.214,0.267,0.035,0.287,0.815,0.326,0.063,0.917,Texas,,,,,,,,,#N/A,,Nolan Clayton-Texas-2060
1368,Ryan Christensen,K,18,30,50,0.680,0.799,0.091,0.095,0.034,1.000,0.317,0.382,0.705,California,,,,,,,,,#N/A,,Ryan Christensen-California-2060
1369,Mark Lewis,P,18,30,50,0.400,0.877,0.350,0.151,0.547,0.582,0.348,0.112,0.169,Florida,,,,,,,,,#N/A,,Mark Lewis-Florida-2060
1370,Archie Johnson,RB,18,21,38,0.374,0.698,0.012,0.283,0.103,0.316,0.810,0.304,0.874,Louisiana,,,,,,,,,#N/A,,Archie Johnson-Louisiana-2060
1371,Paul Smothers,RB,18,21,37,0.521,0.950,0.848,0.944,0.228,0.986,0.145,0.468,0.287,Maine,,,,,,,,,#N/A,,Paul Smothers-Maine-2060
1372,Troy Shaw,RB,18,21,38,0.468,0.540,0.183,0.533,0.354,0.610,0.365,0.055,0.994,Georgia,,,Tradition: Wants to play on primetime TV,,,,,,#N/A,,Troy Shaw-Georgia-2060
1373,Anthony Hicks,OL,18,20,39,0.905,0.720,0.992,0.553,0.063,0.034,0.913,0.319,0.468,Iowa,,,Playing Time: Would prefer to play for a less successful team if it means being of greater significance to the team.,,,,,,#N/A,,Anthony Hicks-Iowa-2060
1374,Nathan Kuhlman,OL,18,20,38,0.485,0.596,0.755,0.063,0.017,0.095,0.911,0.315,0.667,Missouri,,,Education: Wants to go to a public school,,,,,,#N/A,,Nathan Kuhlman-Missouri-2060
1375,Blaise Ortega,OL,18,20,38,0.811,0.857,0.587,0.720,0.206,0.841,0.433,0.096,0.913,Pennsylvania,,,Tradition: Wants to hear about your school's fan support,,,,,,#N/A,,Blaise Ortega-Pennsylvania-2060
1376,Pete Collins,OL,18,20,42,0.562,0.599,0.880,0.562,0.764,0.551,0.577,0.215,0.656,Iowa,,,,,,,,,#N/A,,Pete Collins-Iowa-2060
1377,Devin Cooper,OL,18,20,39,0.586,0.743,0.564,0.999,0.101,0.937,0.417,0.145,0.036,Tennessee,,,Coach: Wants to play for the same coach his entire career.,,,,,,#N/A,,Devin Cooper-Tennessee-2060
1378,Mychal Knapp,OL,18,20,38,0.012,0.831,0.831,0.070,0.003,0.049,0.215,0.651,0.651,Arizona,,,,,,,,,#N/A,,Mychal Knapp-Arizona-2060
1379,Mason Battle,OL,18,20,40,0.287,0.797,0.811,0.027,0.026,0.988,0.766,0.878,0.687,Utah,,,Prestige: Wants to play for a team that's dominated their conference,,,,,,#N/A,,Mason Battle-Utah-2060
1380,Justin Jefferson,WR,18,22,45,0.187,0.790,0.522,0.035,0.446,0.276,0.293,0.291,0.603,California,,,,,,,,,#N/A,,Justin Jefferson-California-2060
1381,Jaylin Hampton,LB,18,19,38,0.386,0.841,0.137,0.316,0.649,0.129,0.048,0.529,0.794,Alabama,,,,,,,,,#N/A,,Jaylin Hampton-Alabama-2060
1382,Jay Stewart,S,18,19,37,0.022,0.805,0.851,0.149,0.892,0.742,0.011,0.866,0.808,South Carolina,,,,,,,,,#N/A,,Jay Stewart-South Carolina-2060
1383,Mike Jones,DL,18,20,41,0.798,0.177,0.767,0.342,0.576,0.326,0.554,0.718,0.983,North Carolina,,,Tradition: Wants to hear about your school's past star players,,,,,,#N/A,,Mike Jones-North Carolina-2060
1384,Seth Banks,DL,18,20,41,0.902,0.338,0.247,0.979,0.616,0.663,0.305,0.455,0.071,Indiana,,,Coach: Would like to see the coach sign an extension during his time at the school,,,,,,#N/A,,Seth Banks-Indiana-2060
1385,Robby Beckwith,DL,18,20,45,0.540,0.262,0.726,0.628,0.764,0.708,0.905,0.420,0.855,Texas,,,Education: Wants to study abroad in the UK,,,,,,#N/A,,Robby Beckwith-Texas-2060
1386,Daniel Miller,DL,18,20,41,0.553,0.170,0.527,0.001,0.458,0.322,0.887,0.563,0.348,Kentucky,Arkansas State,,,,,,,,#N/A,,Daniel Miller-Kentucky-2060
1387,Byron Enis,DL,18,20,43,0.609,0.258,0.785,0.453,0.055,0.068,0.229,0.477,0.720,Missouri,,,,,,,,,#N/A,,Byron Enis-Missouri-2060
1388,David Green,DL,18,20,41,0.288,0.567,0.536,0.453,0.620,0.238,0.350,0.864,0.088,Texas,,,,,,,,,#N/A,,David Green-Texas-2060
1389,Adrian McCray,DL,18,20,44,0.114,0.903,0.234,0.905,0.091,0.638,0.952,0.363,0.766,Missouri,,,Education: Wants to study abroad in Costa Rica,,,,,,#N/A,,Adrian McCray-Missouri-2060
1390,D.J. Cabrera,DL,18,20,44,0.816,0.813,0.416,0.783,0.909,0.490,0.276,0.524,0.024,Alabama,,,"ProPotential: Would like to be drafted in the top four rounds, if possible.",,,,,,#N/A,,D.J. Cabrera-Alabama-2060
1391,Nick Conway,DL,18,20,41,0.480,0.957,0.431,0.400,0.300,0.563,0.251,0.117,0.382,Washington,,,,,,,,,#N/A,,Nick Conway-Washington-2060
1392,Joey Franklin,P,18,30,48,0.373,0.958,0.880,0.357,0.498,0.460,0.378,0.144,0.899,Washington,,,,,,,,,#N/A,,Joey Franklin-Washington-2060
1393,Leonard Hill,OL,18,20,40,0.809,0.285,0.404,0.918,0.606,0.871,0.219,0.349,0.806,New Jersey,,,,,,,,,#N/A,,Leonard Hill-New Jersey-2060
1394,Corey Hampton,OL,18,20,40,0.229,0.317,0.700,0.522,0.023,0.262,0.269,0.033,0.010,Alabama,,,,,,,,,#N/A,,Corey Hampton-Alabama-2060
1395,Blayne McDermott,OL,18,20,41,0.858,0.600,0.616,0.995,0.395,0.233,0.831,0.407,0.417,Texas,,,,,,,,,#N/A,,Blayne McDermott-Texas-2060
1396,Michael Kelly,OL,18,20,41,0.835,0.477,0.184,0.951,0.663,0.988,0.939,0.922,0.569,Georgia,,,Prestige: Wants to help increase a team's prestige,,,,,,#N/A,,Michael Kelly-Georgia-2060
1397,Evan Burgio,WR,18,22,45,0.734,0.173,0.340,0.696,0.144,0.821,0.420,0.592,0.058,Florida,,,,,,,,,#N/A,,Evan Burgio-Florida-2060
1398,Andre Foster,LB,18,19,37,0.279,0.365,0.655,0.066,0.767,0.948,0.603,0.305,0.582,Missouri,Rice,,,,,,,,#N/A,,Andre Foster-Missouri-2060
1399,Cassius Story,LB,18,19,37,0.562,0.798,0.894,0.056,0.015,0.506,0.701,0.914,0.266,Oregon,,,Campus: Wants to get involved in student organizations,,,,,,#N/A,,Cassius Story-Oregon-2060
1400,Martin Geiger,P,18,30,49,0.471,0.186,0.546,0.142,0.051,0.600,0.855,0.606,0.087,Virginia,,,,,,,,,#N/A,,Martin Geiger-Virginia-2060
1401,David Havens,P,18,30,51,0.099,0.006,0.782,0.820,0.616,0.641,0.419,0.965,0.408,California,,,Campus: Would prefer to attend a school with a rainy climate,,,,,,#N/A,,David Havens-California-2060
1402,Jeremiah Horne,P,18,30,48,0.849,0.807,0.452,0.483,0.768,0.139,0.045,0.786,0.191,Illinois,Purdue,,,,,,,,#N/A,,Jeremiah Horne-Illinois-2060
1403,A.J. Shy,RB,18,21,35,0.494,0.538,0.504,0.236,0.632,0.387,0.603,0.110,0.606,Kentucky,,,,,,,,,#N/A,,A.J. Shy-Kentucky-2060
1404,Anthony Dickens,RB,18,21,38,0.575,0.851,0.233,0.955,0.673,0.694,0.419,0.088,0.164,Georgia,,,Coach: Wants to be assured that his coach won't cut him.,,,,,,#N/A,,Anthony Dickens-Georgia-2060
1405,Winston Gordon,DL,18,20,45,0.061,0.252,0.576,0.438,0.232,0.991,0.804,0.196,0.117,California,,,,,,,,,#N/A,,Winston Gordon-California-2060
1406,Adrian McCown,DL,18,20,41,0.637,0.474,0.653,0.575,0.781,0.921,0.494,0.402,0.182,Florida,,,Prestige: Would like to win as many bowl games as possible during his career,,,,,,#N/A,,Adrian McCown-Florida-2060
1407,Rodney Simmons,DL,18,20,41,0.581,0.844,0.088,0.850,0.061,0.408,0.694,0.275,0.254,North Carolina,,,,,,,,,#N/A,,Rodney Simmons-North Carolina-2060
1408,Javon Piazza,DL,18,20,42,0.859,0.478,0.231,0.977,0.777,0.127,0.705,0.499,0.566,Texas,,,Coach: Wants to hear about the coach's passion for their school,,,,,,#N/A,,Javon Piazza-Texas-2060
1409,Malcolm Rackley,WR,18,22,42,0.300,0.581,0.488,0.624,0.430,0.141,0.128,0.556,0.109,Massachusetts,,,,,,,,,#N/A,,Malcolm Rackley-Massachusetts-2060
1410,Alex Riley,CB,18,23,44,0.495,0.135,0.326,0.457,0.397,0.971,0.993,0.696,0.301,Wisconsin,,,Education: Wants to major in biology,,,,,,#N/A,,Alex Riley-Wisconsin-2060
1411,Christian Sanders,CB,18,23,43,0.372,0.862,0.370,0.432,0.565,0.056,0.480,0.551,0.583,Connecticut,,,,,,,,,#N/A,,Christian Sanders-Connecticut-2060
1412,Jamaal White,LB,18,19,36,0.295,0.429,0.507,0.002,0.953,0.469,0.230,0.660,0.295,California,,,"ProPotential: Would like to be drafted in the top four rounds, if possible.",,,,,,#N/A,,Jamaal White-California-2060
1413,Scott Ferguson,LB,18,19,38,0.218,0.253,0.812,0.850,0.665,0.096,0.297,0.705,0.650,New Jersey,,,,,,,,,#N/A,,Scott Ferguson-New Jersey-2060
1414,Devin Moore,S,18,19,37,0.046,0.405,0.983,0.926,0.590,0.681,0.507,0.219,0.367,Georgia,,,Playing Time: Wants to be the starter by his sophomore year at the latest.,,,,,,#N/A,,Devin Moore-Georgia-2060
1415,Bryce Foster,DL,18,20,43,0.457,0.020,0.507,0.834,0.107,0.417,0.439,0.949,0.228,Iowa,,,Campus: Wants to get involved in student organizations,,,,,,#N/A,,Bryce Foster-Iowa-2060
1416,Matt Johnson,DL,18,20,45,0.783,0.062,0.233,0.524,0.361,0.614,0.138,0.420,0.102,Georgia,,,,,,,,,#N/A,,Matt Johnson-Georgia-2060
1417,Ryan Porter,DL,18,20,45,0.081,0.457,0.018,0.647,0.722,0.087,0.921,0.558,0.701,California,,,Education: Wants to hear how your school supports athletes academically,,,,,,#N/A,,Ryan Porter-California-2060
1418,Eric Lewis,DL,18,20,45,0.752,0.818,0.684,0.725,0.334,0.942,0.750,0.445,0.959,Texas,,,Tradition: Wants to hear about your school's past star players,,,,,,#N/A,,Eric Lewis-Texas-2060
1419,Alex Nelson,K,18,29,46,0.141,0.010,0.291,0.565,0.208,0.691,0.009,0.299,0.331,Nevada,North Texas,,,,,,,,#N/A,,Alex Nelson-Nevada-2060
1420,Vincent Patel,K,18,29,50,0.882,0.650,0.566,0.226,0.942,0.121,0.262,0.636,0.866,"Ontario, Canada",,,ProPotential: Is a fan of the Bears,,,,,,#N/A,,"Vincent Patel-Ontario, Canada-2060"
1421,James Gant,K,18,29,49,0.804,0.407,0.009,0.194,0.665,0.226,0.444,0.527,0.774,Pennsylvania,,,,,,,,,#N/A,,James Gant-Pennsylvania-2060
1422,Jared Johnson,S,18,19,40,0.647,0.715,0.485,0.636,0.452,0.788,0.579,0.949,0.725,California,,,Campus: Wants mountains a short distance from campus.,,,,,,#N/A,,Jared Johnson-California-2060
1423,Dan Johnson,DL,18,20,42,0.631,0.687,0.813,0.725,0.253,0.446,0.202,0.178,0.549,Utah,,,,,,,,,#N/A,,Dan Johnson-Utah-2060
1424,Kenneth Philon,DL,18,20,45,0.904,0.641,0.214,0.103,0.905,0.533,0.917,0.158,0.114,Maryland,,,Education: Wants to major in psychology,,,,,,#N/A,,Kenneth Philon-Maryland-2060
1425,Hunter McFadden,DL,18,20,45,0.541,0.900,0.456,0.513,0.129,0.343,0.260,0.242,0.809,Nevada,,,,,,,,,#N/A,,Hunter McFadden-Nevada-2060
1426,Earnest Joseph,DL,18,20,44,0.350,0.104,0.088,0.750,0.072,0.647,0.461,0.601,0.993,Texas,,,Tradition: Wants to play on primetime TV,,,,,,#N/A,,Earnest Joseph-Texas-2060
1427,Michael Singleton,DL,18,20,43,0.304,0.606,0.754,0.313,0.021,0.970,0.715,0.582,0.600,Illinois,,,Prestige: Has ambitions of winning a national championship game,,,,,,#N/A,,Michael Singleton-Illinois-2060
1428,Austin Williams,DL,18,20,41,0.585,0.229,0.963,0.403,0.993,0.447,0.036,0.806,0.552,Ohio,,,ProPotential: Would prefer to be redshirted if not a projected draft pick.,,,,,,#N/A,,Austin Williams-Ohio-2060
1429,Greg Scott,DL,18,20,42,0.721,0.684,0.047,0.107,0.217,0.991,0.082,0.939,0.215,Michigan,,,Prestige: Would like to play in a bowl game every year,,,,,,#N/A,,Greg Scott-Michigan-2060
1430,Malik Shoemaker,DL,18,20,43,0.588,0.112,0.978,0.217,0.525,0.568,0.308,0.011,0.666,Florida,,,Playing Time: Would prefer to play for a less successful team if it means being of greater significance to the team.,,,,,,#N/A,,Malik Shoemaker-Florida-2060
1431,Aaron Harris,DL,18,20,42,0.511,0.891,0.981,0.933,0.694,0.821,0.007,0.727,0.144,Arkansas,,,Playing Time: Wants to see consistent playing time every season.,,,,,,#N/A,,Aaron Harris-Arkansas-2060
1432,Michael Brice,DL,18,20,42,0.165,0.576,0.516,0.157,0.046,0.052,0.331,0.007,0.803,Louisiana,Florida Atlantic,,,,,,,,#N/A,,Michael Brice-Louisiana-2060
1433,Quinton Farrell,K,18,29,46,0.675,0.427,0.429,0.422,0.836,0.443,0.298,0.981,0.948,Colorado,,,Campus: Would prefer to attend a school with a warm climate,,,,,,#N/A,,Quinton Farrell-Colorado-2060
1434,MJ Solomon,K,18,29,46,0.388,0.234,0.565,0.184,0.312,0.405,0.539,0.564,0.008,Oklahoma,,,,,,,,,#N/A,,MJ Solomon-Oklahoma-2060
1435,Trey Duvall,K,18,29,46,0.772,0.262,0.715,0.903,0.568,0.757,0.524,0.653,0.421,Pennsylvania,,,,,,,,,#N/A,,Trey Duvall-Pennsylvania-2060
1436,Alex Ray,K,18,29,48,0.188,0.965,0.501,0.642,0.140,0.395,0.445,0.433,0.674,Georgia,,,,,,,,,#N/A,,Alex Ray-Georgia-2060
1437,Keith Anderson,K,18,29,46,0.533,0.291,0.101,0.224,0.998,0.016,0.147,0.639,0.178,Texas,,,ProPotential: Is a fan of the Titans,,,,,,#N/A,,Keith Anderson-Texas-2060
1438,Juwan Edwards,K,18,29,50,0.311,0.135,0.840,0.690,0.807,0.636,0.560,0.926,0.820,California,,,Campus: Wants the campus to be near water,,,,,,#N/A,,Juwan Edwards-California-2060
1439,Michael Plate,K,18,29,48,0.136,0.602,0.107,0.551,0.235,0.522,0.919,0.485,0.148,Georgia,,,Education: Wants to go to a public school,,,,,,#N/A,,Michael Plate-Georgia-2060
1440,Jessie Layman,K,18,29,50,0.512,0.628,0.271,0.781,0.186,0.703,0.729,0.743,0.199,Washington,,,,,,,,,#N/A,,Jessie Layman-Washington-2060
1441,Bob Charlton,S,18,19,41,0.664,0.133,0.475,0.072,0.215,0.427,0.108,0.121,0.926,North Carolina,,,Tradition: Wants to hear about your school's fan support,,,,,,#N/A,,Bob Charlton-North Carolina-2060
1442,Trey Mack,CB,18,23,41,0.565,0.351,0.827,0.751,0.678,0.150,0.007,0.065,0.675,Arizona,,,,,,,,,#N/A,,Trey Mack-Arizona-2060
1443,Pat Clayborn,CB,18,23,44,0.949,0.168,0.751,0.075,0.041,0.617,0.843,0.063,0.862,Maine,,,Location: Wants to play in a similar climate to his home state.,,,,,,#N/A,,Pat Clayborn-Maine-2060
1444,Dion Chandler,CB,18,23,44,0.062,0.983,0.141,0.133,0.157,0.652,0.117,0.250,0.372,Arizona,,,,,,,,,#N/A,,Dion Chandler-Arizona-2060
1445,Dalton Hall,DL,18,20,42,0.495,0.123,0.877,0.378,0.872,0.020,0.030,0.015,0.767,California,,,,,,,,,#N/A,,Dalton Hall-California-2060
1446,Clayton King,DL,18,20,45,0.630,0.904,0.711,0.969,0.644,0.099,0.973,0.431,0.326,Florida,,,Education: Wants to go to a private school,,,,,,#N/A,,Clayton King-Florida-2060
1447,Cameron Morgan,DL,18,20,41,0.272,0.604,0.260,0.651,0.240,0.022,0.662,0.379,0.045,California,,,,,,,,,#N/A,,Cameron Morgan-California-2060
1448,Nicholas Gerau,DL,18,20,43,0.590,0.548,0.085,0.833,0.299,0.601,0.782,0.157,0.961,Missouri,,,Tradition: Wants to hear about your school's past star players,,,,,,#N/A,,Nicholas Gerau-Missouri-2060
1449,Nate Stubbs,DL,18,20,41,0.235,0.121,0.295,0.148,0.131,0.583,0.160,0.767,0.573,Ohio,,,,,,,,,#N/A,,Nate Stubbs-Ohio-2060
1450,Rashad Fox,DL,18,20,45,0.050,0.467,0.812,0.556,0.051,0.657,0.142,0.171,0.161,Georgia,,,,,,,,,#N/A,,Rashad Fox-Georgia-2060
1451,Erin Hill,DL,18,20,42,0.695,0.266,0.778,0.623,0.339,0.065,0.212,0.703,0.104,Washington D.C.,,,,,,,,,#N/A,,Erin Hill-Washington D.C.-2060
1452,Jakob Sanford,DL,18,20,42,0.333,0.828,0.471,0.561,0.544,0.482,0.682,0.807,0.058,South Carolina,,,,,,,,,#N/A,,Jakob Sanford-South Carolina-2060
1453,Wilfred Maher,DL,18,20,42,0.625,0.543,0.284,0.420,0.731,0.189,0.440,0.563,0.093,Washington,,,,,,,,,#N/A,,Wilfred Maher-Washington-2060
1454,Cortney Ladner,DL,18,20,42,0.384,0.453,0.768,0.800,0.954,0.303,0.233,0.916,0.559,Arizona,,,"ProPotential: Would like to be drafted in the top four rounds, if possible.",,,,,,#N/A,,Cortney Ladner-Arizona-2060
1455,Colby Kent,DL,18,20,42,0.378,0.952,0.010,0.508,0.831,0.038,0.568,0.558,0.503,Illinois,,,,,,,,,#N/A,,Colby Kent-Illinois-2060
1456,Chris Raymond,DL,18,20,42,0.745,0.107,0.341,0.380,0.048,0.162,0.876,0.264,0.030,Texas,,,,,,,,,#N/A,,Chris Raymond-Texas-2060
1457,Zach Norton,K,18,29,48,0.604,0.512,0.544,0.539,0.802,0.952,0.112,0.982,0.062,Florida,,,Campus: Would prefer to attend a school with a larger student body population,,,,,,#N/A,,Zach Norton-Florida-2060
1458,Connor Berard,K,18,29,48,0.930,0.098,0.129,0.640,0.798,0.102,0.391,0.972,0.346,Rhode Island,,,Campus: Wants to hear about sponsorship opportunities around campus,,,,,,#N/A,,Connor Berard-Rhode Island-2060
1459,Tremayne Wooden,P,18,29,49,0.709,0.032,0.101,0.245,0.646,0.940,0.615,0.694,0.138,South Carolina,,,Prestige: Wants to help increase a team's prestige,,,,,,#N/A,,Tremayne Wooden-South Carolina-2060
1460,Kevin Davis,QB,18,21,46,0.633,0.129,0.910,0.079,0.263,0.878,0.459,0.397,0.366,California,,,Playing Time: Would prefer to play for a less successful team if it means being of greater significance to the team.,,,,,,#N/A,,Kevin Davis-California-2060
1461,Greg Christmas,QB,18,21,46,0.448,0.058,0.343,0.929,0.655,0.835,0.957,0.089,0.436,Alabama,Ole Miss,,Education: Wants to major in economics,,,,,,#N/A,,Greg Christmas-Alabama-2060
1462,Kareem Taylor,QB,18,21,44,0.706,0.389,0.307,0.200,0.595,0.267,0.197,0.477,0.073,Florida,,,,,,,,,#N/A,,Kareem Taylor-Florida-2060
1463,Malcolm Payton,P,18,29,47,0.114,0.157,0.507,0.567,0.395,0.705,0.114,0.080,0.330,Idaho,,,,,,,,,#N/A,,Malcolm Payton-Idaho-2060
1464,Jared McKinnie,P,18,29,51,0.948,0.373,0.394,0.473,0.166,0.514,0.306,0.584,0.500,Alabama,,,"Location: Has family in Vermont, and wants them to see one of his games.",,,,,,#N/A,,Jared McKinnie-Alabama-2060
1465,Quentin Medeiros,P,18,29,49,0.741,0.764,0.132,0.681,0.341,0.694,0.232,0.226,0.322,Alabama,,,,,,,,,#N/A,,Quentin Medeiros-Alabama-2060
1466,Reo McClellan,P,18,29,51,0.370,0.454,0.268,0.848,0.434,0.209,0.798,0.408,0.754,Washington,,,,,,,,,#N/A,,Reo McClellan-Washington-2060
1467,Dennis Watkins,P,18,29,50,0.165,0.159,0.803,0.663,0.704,0.587,0.872,0.478,0.664,Utah,,,,,,,,,#N/A,,Dennis Watkins-Utah-2060
1468,Ronald Cook,P,18,29,48,0.140,0.751,0.037,0.958,0.336,0.337,0.373,0.083,0.077,Arizona,,,Coach: Wants to play for a coach who is known to keep promises.,,,,,,#N/A,,Ronald Cook-Arizona-2060
1469,Isaac Givens,P,18,29,51,0.294,0.767,0.421,0.362,0.679,0.547,0.708,0.619,0.098,Florida,,,,,,,,,#N/A,,Isaac Givens-Florida-2060
1470,Christian Griffin,TE,18,17,32,0.188,0.890,0.602,0.584,0.523,0.172,0.226,0.180,0.802,New York,,,,,,,,,#N/A,,Christian Griffin-New York-2060
1471,Stephen Newby,OL,18,19,40,0.367,0.503,0.239,0.275,0.725,0.977,0.559,0.566,0.267,California,Texas A&M,,Prestige: Wants to play for a team that's dominated their conference,,,,,,#N/A,,Stephen Newby-California-2060
1472,Bryant Grayer,OL,18,19,38,0.468,0.296,0.204,0.519,0.356,0.038,0.164,0.097,0.273,California,,,,,,,,,#N/A,,Bryant Grayer-California-2060
1473,Landon Graham,OL,18,19,37,0.981,0.261,0.212,0.703,0.356,0.646,0.011,0.034,0.301,Arkansas,,,Location: Wants to play as many games in his home state as possible.,,,,,,#N/A,,Landon Graham-Arkansas-2060
1474,Chris Hill,OL,18,19,36,0.919,0.306,0.664,0.330,0.504,0.496,0.388,0.907,0.342,Nevada,,,Location: Wants to play in a similar climate to his home state.,,,,,,#N/A,,Chris Hill-Nevada-2060
1475,Darryl James,OL,18,19,38,0.658,0.673,0.725,0.251,0.208,0.729,0.707,0.725,0.004,Louisiana,,,,,,,,,#N/A,,Darryl James-Louisiana-2060
1476,Sammy Seawright,OL,18,19,38,0.917,0.648,0.717,0.293,0.642,0.840,0.121,0.568,0.731,Michigan,Iowa,,Location: Doesn't want to go outside his home region.,,,,,,#N/A,,Sammy Seawright-Michigan-2060
1477,Ryan Love,WR,18,21,41,0.279,0.656,0.085,0.419,0.639,0.320,0.876,0.180,0.822,New Jersey,,,,,,,,,#N/A,,Ryan Love-New Jersey-2060
1478,Anthony Sanders,WR,18,21,42,0.486,0.293,0.260,0.025,0.653,0.549,0.315,0.325,0.793,Michigan,,,,,,,,,#N/A,,Anthony Sanders-Michigan-2060
1479,Errick Abbott,WR,18,21,40,0.951,0.155,0.856,0.114,0.352,0.278,0.422,0.554,0.533,Wisconsin,,,"Location: Has family in Ohio, and wants them to see one of his games.",,,,,,#N/A,,Errick Abbott-Wisconsin-2060
1480,David Johnson,WR,18,21,41,0.402,0.924,0.186,0.736,0.139,0.731,0.108,0.779,0.379,North Carolina,,,Winning: Doesn't want to experience a losing season during his career.,,,,,,#N/A,,David Johnson-North Carolina-2060
1481,Todd Harris,WR,18,21,40,0.220,0.409,0.298,0.276,0.243,0.696,0.792,0.235,0.080,Oklahoma,,,,,,,,,#N/A,,Todd Harris-Oklahoma-2060
1482,Jerico Hull,WR,18,21,40,0.607,0.915,0.966,0.229,0.720,0.359,0.259,0.800,0.566,Mississippi,,,Playing Time: Wants to be the starter by his junior year at the latest.,,,,,,#N/A,,Jerico Hull-Mississippi-2060
1483,Keith Fitzgerald,WR,18,21,43,0.780,0.271,0.531,0.624,0.033,0.215,0.388,0.876,0.082,California,,,,,,,,,#N/A,,Keith Fitzgerald-California-2060
1484,Adley Smith,P,18,29,50,0.728,0.837,0.939,0.412,0.519,0.837,0.880,0.915,0.918,Texas,,,Playing Time: Would prefer to be redshirted to further develop and start on a better Team,,,,,,#N/A,,Adley Smith-Texas-2060
1485,Jayson Holton,P,18,29,48,0.342,0.099,0.157,0.662,0.875,0.371,0.965,0.846,0.915,Texas,,,Education: Wants to study abroad in Israel,,,,,,#N/A,,Jayson Holton-Texas-2060
1486,Landon Whittington,RB,18,20,36,0.137,0.771,0.551,0.339,0.590,0.019,0.879,0.796,0.024,Tennessee,Fresno State,,,,,,,,#N/A,,Landon Whittington-Tennessee-2060
1487,Matthew Wynn,RB,18,20,36,0.448,0.980,0.675,0.438,0.894,0.692,0.812,0.519,0.332,Florida,,,Winning: Wants to experience at least one season with double-digit wins.,,,,,,#N/A,,Matthew Wynn-Florida-2060
1488,Ted Boateng,RB,18,20,37,0.417,0.817,0.318,0.467,0.420,0.335,0.391,0.825,0.033,Virginia,,,,,,,,,#N/A,,Ted Boateng-Virginia-2060
1489,Shea Moorman,OL,18,19,39,0.202,0.697,0.208,0.324,0.044,0.792,0.478,0.256,0.087,Wisconsin,,,,,,,,,#N/A,,Shea Moorman-Wisconsin-2060
1490,Hayden Murray,OL,18,19,39,0.741,0.655,0.104,0.397,0.636,0.018,0.331,0.685,0.386,Michigan,,,,,,,,,#N/A,,Hayden Murray-Michigan-2060
1491,Andrew Ivory,OL,18,19,39,0.894,0.903,0.630,0.931,0.219,0.041,0.061,0.436,0.814,Tennessee,,,Coach: Wants to play for the same coach his entire career.,,,,,,#N/A,,Andrew Ivory-Tennessee-2060
1492,Keegan Rietschlin,OL,18,19,37,0.840,0.198,0.507,0.834,0.017,0.311,0.085,0.376,0.446,Oklahoma,,,,,,,,,#N/A,,Keegan Rietschlin-Oklahoma-2060
1493,Devin McCarthy,OL,18,19,40,0.971,0.169,0.779,0.676,0.778,0.631,0.027,0.726,0.434,Indiana,,,"Location: Has family in Wisconsin, and wants them to see one of his games.",,,,,,#N/A,,Devin McCarthy-Indiana-2060
1494,Larry Curtis,OL,18,19,36,0.632,0.861,0.433,0.927,0.636,0.746,0.279,0.800,0.070,Oklahoma,,,Coach: Wants to play for a coach who is known to keep promises.,,,,,,#N/A,,Larry Curtis-Oklahoma-2060
1495,Deric Jernigan,OL,18,19,39,0.868,0.228,0.760,0.956,0.480,0.226,0.869,0.774,0.757,Arkansas,,,Coach: Wants to know what role his position plays in the coach's scheme.,,,,,,#N/A,,Deric Jernigan-Arkansas-2060
1496,Scotty Pittman,OL,18,19,40,0.287,0.474,0.779,0.338,0.699,0.419,0.837,0.952,0.789,Virginia,,,Campus: Wants to know about the nightlife around the university,,,,,,#N/A,,Scotty Pittman-Virginia-2060
1497,Jake Funk,OL,18,19,38,0.655,0.453,0.766,0.016,0.999,0.714,0.633,0.269,0.924,Indiana,,,ProPotential: Is a fan of the Browns,,,,,,#N/A,,Jake Funk-Indiana-2060
1498,Nick Malepeai,TE,18,17,34,0.578,0.193,0.012,0.168,0.395,0.559,0.990,0.185,0.114,California,,,Education: Wants to study abroad in Brazil,,,,,,#N/A,,Nick Malepeai-California-2060
1499,Alonzo McFarland,WR,18,21,41,0.916,0.908,0.945,0.809,0.917,0.307,0.169,0.369,0.451,New York,,,Playing Time: Would prefer to play for a less successful team if it means being of greater significance to the team.,,,,,,#N/A,,Alonzo McFarland-New York-2060
1500,Jackson Echols,WR,18,21,43,0.518,0.045,0.020,0.941,0.893,0.247,0.070,0.828,0.879,Florida,,,Coach: Wants to play for a successful coach.,,,,,,#N/A,,Jackson Echols-Florida-2060
1501,Nolan Greene,RB,18,20,33,0.505,0.586,0.558,0.306,0.444,0.119,0.283,0.801,0.091,Indiana,,,,,,,,,#N/A,,Nolan Greene-Indiana-2060
1502,Bob Wheat,RB,18,20,37,0.029,0.844,0.241,0.582,0.728,0.954,0.446,0.578,0.672,Florida,,,,,,,,,#N/A,,Bob Wheat-Florida-2060
1503,C.J. Thomas,LB,18,18,36,0.073,0.489,0.695,0.969,0.574,0.940,0.803,0.751,0.776,Maryland,,,Coach: Wants to play for a coach with a personal connection to their school,,,,,,#N/A,,C.J. Thomas-Maryland-2060
1504,Brandon Clark,LB,18,18,35,0.082,0.834,0.674,0.520,0.190,0.861,0.655,0.412,0.394,Texas,,,,,,,,,#N/A,,Brandon Clark-Texas-2060
1505,Adam Shortell,CB,18,22,43,0.283,0.271,0.471,0.688,0.179,0.924,0.547,0.248,0.562,Minnesota,,,,,,,,,#N/A,,Adam Shortell-Minnesota-2060
1506,Brian Cleveland,OL,18,19,40,0.261,0.380,0.094,0.549,0.342,0.593,0.092,0.804,0.270,Hawaii,,,,,,,,,#N/A,,Brian Cleveland-Hawaii-2060
1507,Case Griffith,OL,18,19,40,0.179,0.214,0.783,0.229,0.725,0.015,0.561,0.175,0.701,Minnesota,,,,,,,,,#N/A,,Case Griffith-Minnesota-2060
1508,Nate Smith,OL,18,19,37,0.176,0.644,0.777,0.715,0.705,0.044,0.605,0.571,0.159,Tennessee,,,,,,,,,#N/A,,Nate Smith-Tennessee-2060
1509,Neil Hale,OL,18,19,39,0.119,0.420,0.104,0.742,0.945,0.680,0.831,0.759,0.732,New Hampshire,,,ProPotential: Is a fan of the Steelers,,,,,,#N/A,,Neil Hale-New Hampshire-2060
1510,Dan Manumaleuna,OL,18,19,38,0.640,0.228,0.265,0.686,0.222,0.158,0.201,0.877,0.479,Texas,,,,,,,,,#N/A,,Dan Manumaleuna-Texas-2060
1511,Addison Ta'amu,OL,18,19,39,0.158,0.586,0.433,0.691,0.752,0.959,0.307,0.347,0.259,Texas,,,Prestige: Wants to help increase a team's prestige,,,,,,#N/A,,Addison Ta'amu-Texas-2060
1512,Teddy DiVincenzo,OL,18,19,40,0.100,0.174,0.605,0.606,0.292,0.416,0.265,0.575,0.168,Louisiana,,,,,,,,,#N/A,,Teddy DiVincenzo-Louisiana-2060
1513,Patrick Robertson,WR,18,21,43,0.852,0.324,0.551,0.614,0.825,0.125,0.074,0.195,0.890,"Ontario, Canada",,,,,,,,,#N/A,,"Patrick Robertson-Ontario, Canada-2060"
1514,Dudley Werner,WR,18,21,42,0.704,0.204,0.784,0.354,0.524,0.268,0.056,0.802,0.849,California,,,,,,,,,#N/A,,Dudley Werner-California-2060
1515,Isaiah Evans,WR,18,21,42,0.693,0.394,0.321,0.705,0.119,0.878,0.197,0.516,0.694,Maryland,Coastal Carolina,,,,,,,,#N/A,,Isaiah Evans-Maryland-2060
1516,John Browning,WR,18,21,39,0.434,0.129,0.533,0.183,0.598,0.726,0.606,0.492,0.285,New Jersey,,,,,,,,,#N/A,,John Browning-New Jersey-2060
1517,Ben Dooley,WR,18,21,43,0.899,0.888,0.533,0.515,0.948,0.814,0.385,0.249,0.530,Florida,,,ProPotential: Has dreams of eventually becoming a first-round pick.,,,,,,#N/A,,Ben Dooley-Florida-2060
1518,John Cruse,K,18,28,47,0.576,0.837,0.697,0.496,0.688,0.969,0.107,0.286,0.515,Florida,,,,,,,,,#N/A,,John Cruse-Florida-2060
1519,Clark Frierson,K,18,28,49,0.229,0.318,0.852,0.273,0.266,0.677,0.333,0.343,0.217,Texas,,,,,,,,,#N/A,,Clark Frierson-Texas-2060
1520,Todd Reed,K,18,28,48,0.903,0.975,0.147,0.844,0.148,0.318,0.535,0.238,0.036,Tennessee,,,,,,,,,#N/A,,Todd Reed-Tennessee-2060
1521,Keion McDaniel,K,18,28,45,0.899,0.044,0.107,0.785,0.261,0.344,0.320,0.088,0.895,Alabama,,,,,,,,,#N/A,,Keion McDaniel-Alabama-2060
1522,Watson Clark,TE,18,17,33,0.309,0.455,0.803,0.128,0.373,0.657,0.006,0.300,0.668,California,,,,,,,,,#N/A,,Watson Clark-California-2060
1523,Julius Thompson,RB,18,20,34,0.361,0.634,0.452,0.585,0.909,0.545,0.561,0.474,0.113,Tennessee,,,ProPotential: Wants to play for a school that has produced a lot of pros at his position.,,,,,,#N/A,,Julius Thompson-Tennessee-2060
1524,Ben Proehl,S,18,18,37,0.525,0.511,0.259,0.446,0.628,0.979,0.568,0.856,0.271,Illinois,,,Prestige: Has ambitions of winning a national championship game,,,,,,#N/A,,Ben Proehl-Illinois-2060
1525,Jake Leeper,S,18,18,37,0.612,0.840,0.745,0.659,0.712,0.553,0.240,0.218,0.272,Idaho,,,,,,,,,#N/A,,Jake Leeper-Idaho-2060
1526,Christopher Saunders,K,18,28,47,0.192,0.269,0.653,0.467,0.119,0.618,0.967,0.717,0.133,Arkansas,,,Education: Wants to major in geology,,,,,,#N/A,,Christopher Saunders-Arkansas-2060
1527,Drew Tucker,CB,18,22,39,0.266,0.200,0.893,0.362,0.447,0.669,0.480,0.096,0.705,Washington,,,,,,,,,#N/A,,Drew Tucker-Washington-2060
1528,Bryan Macauley,CB,18,22,43,0.036,0.551,0.499,0.743,0.259,0.096,0.098,0.020,0.533,North Carolina,Pittsburgh,,,,,,,,#N/A,,Bryan Macauley-North Carolina-2060
1529,Zach Peppers,CB,18,22,41,0.790,0.879,0.300,0.098,0.531,0.667,0.489,0.322,0.965,California,,,Tradition: Wants to play in front of lots of fans,,,,,,#N/A,,Zach Peppers-California-2060
1530,Martell Roberson,LB,18,18,35,0.698,0.975,0.948,0.908,0.106,0.764,0.204,0.043,0.705,Louisiana,,,,,,,,,#N/A,,Martell Roberson-Louisiana-2060
1531,Al Duhon,LB,18,18,36,0.980,0.858,0.996,0.404,0.925,0.899,0.163,0.796,0.048,Colorado,,,Playing Time: Does not want to have to compete with higher-ranked recruits.,,,,,,#N/A,,Al Duhon-Colorado-2060
1532,Kirby Christopher,OL,18,19,40,0.790,0.716,0.321,0.421,0.725,0.363,0.491,0.211,0.860,Hawaii,,,,,,,,,#N/A,,Kirby Christopher-Hawaii-2060
1533,Travis Watkins,OL,18,19,39,0.062,0.790,0.545,0.595,0.703,0.625,0.891,0.220,0.366,Missouri,,,,,,,,,#N/A,,Travis Watkins-Missouri-2060
1534,Paul Morris,OL,18,19,38,0.702,0.718,0.263,0.786,0.212,0.572,0.301,0.621,0.512,New Jersey,,,,,,,,,#N/A,,Paul Morris-New Jersey-2060
1535,Josh Combs,WR,18,21,43,0.025,0.628,0.408,0.296,0.272,0.102,0.525,0.984,0.084,South Carolina,,,Campus: Wants to get involved in student organizations,,,,,,#N/A,,Josh Combs-South Carolina-2060
1536,Brandon Terry,WR,18,21,43,0.288,0.541,0.850,0.294,0.386,0.056,0.654,0.473,0.405,Florida,,,,,,,,,#N/A,,Brandon Terry-Florida-2060
1537,Logan Thomas,WR,18,21,42,0.155,0.115,0.738,0.625,0.118,0.950,0.457,0.693,0.065,Georgia,,,Prestige: Would like to win as many bowl games as possible during his career,,,,,,#N/A,,Logan Thomas-Georgia-2060
1538,Adrian Abdullah,WR,18,21,40,0.858,0.615,0.530,0.149,0.622,0.650,0.229,0.517,0.572,California,,,,,,,,,#N/A,,Adrian Abdullah-California-2060
1539,Chris Ervin,WR,18,21,41,0.081,0.585,0.533,0.513,0.348,0.347,0.766,0.724,0.391,Louisiana,,,,,,,,,#N/A,,Chris Ervin-Louisiana-2060
1540,Chris Daniels,TE,18,17,35,0.237,0.839,0.728,0.672,0.646,0.239,0.347,0.183,0.707,Washington D.C.,,,,,,,,,#N/A,,Chris Daniels-Washington D.C.-2060
1541,Josh Fairley,TE,18,17,33,0.163,0.580,0.929,0.515,0.334,0.373,0.012,0.889,0.442,New Jersey,,,Playing Time: Does not want to have to compete with higher-ranked recruits.,,,,,,#N/A,,Josh Fairley-New Jersey-2060
1542,Norman Taylor,K,18,28,49,0.517,0.415,0.035,0.575,0.639,0.864,0.411,0.745,0.977,Arkansas,,,Tradition: Wants to play on primetime TV,,,,,,#N/A,,Norman Taylor-Arkansas-2060
1543,Alan Leak,K,18,28,45,0.149,0.112,0.105,0.290,0.650,0.690,0.811,0.332,0.575,Arizona,,,,,,,,,#N/A,,Alan Leak-Arizona-2060
1544,Marquis McGee,DL,18,19,43,0.599,0.546,0.247,0.322,0.193,0.126,0.418,0.802,0.628,Texas,,,,,,,,,#N/A,,Marquis McGee-Texas-2060
1545,Jesiah Giles,S,18,18,37,0.938,0.977,0.545,0.870,0.390,0.118,0.887,0.195,0.804,Georgia,,,,,,,,,#N/A,,Jesiah Giles-Georgia-2060
1546,Clay Mark,WR,18,21,40,0.366,0.289,0.786,0.375,0.936,0.443,0.634,0.364,0.553,Minnesota,,,ProPotential: Is a fan of the Cardinals,,,,,,#N/A,,Clay Mark-Minnesota-2060
1547,Preston Jakes,WR,18,21,41,0.931,0.281,0.361,0.466,0.418,0.247,0.207,0.253,0.848,Texas,Texas Christian,,Location: Doesn't want to go outside his home region.,,,,,,#N/A,,Preston Jakes-Texas-2060
1548,Johnie Guidry,WR,18,21,41,0.369,0.067,0.379,0.964,0.497,0.250,0.366,0.143,0.024,Virginia,UCLA,,Coach: Wants to play for a coach who is known to keep promises.,,,,,,#N/A,,Johnie Guidry-Virginia-2060
1549,Brandon Dixson,WR,18,21,41,0.094,0.035,0.097,0.299,0.577,0.140,0.729,0.953,0.690,Minnesota,,,Campus: Wants to attend a school with a beautiful campus,,,,,,#N/A,,Brandon Dixson-Minnesota-2060
1550,Aaron Wallace,WR,18,21,43,0.082,0.196,0.969,0.447,0.468,0.031,0.873,0.500,0.667,Texas,,,Playing Time: Would prefer to go somewhere he can start every season.,,,,,,#N/A,,Aaron Wallace-Texas-2060
1551,Shabazz Hicks,LB,18,18,34,0.950,0.507,0.207,0.201,0.268,0.456,0.536,0.779,0.296,Wisconsin,,,"Location: Has family in Wyoming, and wants them to see one of his games.",,,,,,#N/A,,Shabazz Hicks-Wisconsin-2060
1552,Brandon Cox,OL,18,19,40,0.940,0.500,0.995,0.708,0.379,0.977,0.123,0.301,0.963,Alabama,,,Playing Time: Would prefer to be redshirted to further develop and start on a better Team,,,,,,#N/A,,Brandon Cox-Alabama-2060
1553,Michael Perry,OL,18,19,36,0.574,0.480,0.772,0.170,0.642,0.890,0.958,0.179,0.630,Indiana,Oklahoma State,,Education: Wants to go to a public school,,,,,,#N/A,,Michael Perry-Indiana-2060
1554,Max Emanuele,OL,18,19,37,0.593,0.741,0.882,0.374,0.429,0.229,0.049,0.282,0.860,Wisconsin,,,,,,,,,#N/A,,Max Emanuele-Wisconsin-2060
1555,Davonte Williams,OL,18,19,39,0.266,0.239,0.333,0.876,0.418,0.903,0.953,0.919,0.873,Utah,,,Education: Wants to go to a school with smaller class sizes,,,,,,#N/A,,Davonte Williams-Utah-2060
1556,Isaac Newsome,OL,18,19,36,0.776,0.951,0.442,0.414,0.705,0.405,0.673,0.016,0.877,Minnesota,,,,,,,,,#N/A,,Isaac Newsome-Minnesota-2060
1557,Donovan Gooden,OL,18,19,40,0.186,0.192,0.003,0.250,0.469,0.112,0.381,0.474,0.295,Wyoming,,,,,,,,,#N/A,,Donovan Gooden-Wyoming-2060
1558,Matt Almond,OL,18,19,38,0.246,0.947,0.160,0.359,0.132,0.768,0.559,0.255,0.348,Georgia,,,,,,,,,#N/A,,Matt Almond-Georgia-2060
1559,Ray Navarro,OL,18,19,38,0.542,0.375,0.715,0.723,0.025,0.864,0.166,0.319,0.237,Arizona,Marshall,,,,,,,,#N/A,,Ray Navarro-Arizona-2060
1560,Byron Wilcox,RB,18,20,34,0.785,0.587,0.884,0.502,0.245,0.652,0.246,0.908,0.386,North Carolina,,,Campus: Wants to know about concert venues near campus,,,,,,#N/A,,Byron Wilcox-North Carolina-2060
1561,Craig Lassiter,DL,18,19,41,0.046,0.757,0.110,0.651,0.867,0.037,0.016,0.650,0.670,Texas,,,,,,,,,#N/A,,Craig Lassiter-Texas-2060
1562,Rob Alexander,DL,18,19,40,0.058,0.919,0.345,0.002,0.465,0.077,0.960,0.853,0.010,Maryland,,,Education: Wants to study abroad in South Korea,,,,,,#N/A,,Rob Alexander-Maryland-2060
1563,Brandon Smith,CB,18,22,43,0.560,0.296,0.574,0.726,0.154,0.766,0.754,0.461,0.092,Hawaii,,,,,,,,,#N/A,,Brandon Smith-Hawaii-2060
1564,Alex Bryant,K,18,28,47,0.196,0.978,0.300,0.370,0.505,0.092,0.071,0.731,0.645,Mississippi,,,,,,,,,#N/A,,Alex Bryant-Mississippi-2060
1565,Terrance Carter,K,18,28,46,0.396,0.972,0.520,0.193,0.746,0.827,0.207,0.214,0.618,Minnesota,,,,,,,,,#N/A,,Terrance Carter-Minnesota-2060
1566,Derrick Slaughter,K,18,28,47,0.450,0.931,0.831,0.945,0.623,0.704,0.538,0.122,0.403,California,,,Coach: Wants to know what role his position plays in the coach's scheme.,,,,,,#N/A,,Derrick Slaughter-California-2060
1567,Eric McCoy,LB,18,18,37,0.274,0.918,0.399,0.115,0.414,0.077,0.495,0.492,0.846,Connecticut,,,Winning: Wants to experience at least one season with double-digit wins.,,,,,,#N/A,,Eric McCoy-Connecticut-2060
1568,Marcus Williams,QB,18,20,40,0.009,0.761,0.761,0.168,0.946,0.109,0.355,0.490,0.991,Texas,,,Tradition: Wants to play in front of lots of fans,,,,,,#N/A,,Marcus Williams-Texas-2060
1569,Trip Alexander,CB,18,22,39,0.819,0.839,0.084,0.408,0.630,0.518,0.724,0.735,0.962,Indiana,,,Tradition: Wants to play in front of lots of fans,,,,,,#N/A,,Trip Alexander-Indiana-2060
1570,Kris Bryant,CB,18,22,39,0.345,0.075,0.019,0.917,0.133,0.709,0.627,0.993,0.496,Minnesota,,,Campus: Wants to live in a major city,,,,,,#N/A,,Kris Bryant-Minnesota-2060
1571,Ivan Sutton,CB,18,22,42,0.911,0.885,0.339,0.346,0.366,0.774,0.044,0.963,0.041,North Dakota,,,Campus: Wants to know about concert venues near campus,,,,,,#N/A,,Ivan Sutton-North Dakota-2060
1572,Hassan Glover,DL,18,19,39,0.026,0.629,0.710,0.401,0.304,0.583,0.998,0.064,0.332,Georgia,,,Education: Wants to go to a school with a good library,,,,,,#N/A,,Hassan Glover-Georgia-2060
1573,Jordan Arndt,DL,18,19,40,0.519,0.369,0.535,0.702,0.117,0.828,0.653,0.285,0.984,Florida,,,Tradition: Wants to hear about your school's past star players,,,,,,#N/A,,Jordan Arndt-Florida-2060
1574,Kenny Story,DL,18,19,39,0.280,0.256,0.054,0.788,0.809,0.902,0.441,0.054,0.280,North Carolina,,,Prestige: Wants to play for a team that's dominated their conference,,,,,,#N/A,,Kenny Story-North Carolina-2060
1575,Earvin Strings,DL,18,19,42,0.639,0.119,0.889,0.798,0.380,0.406,0.096,0.426,0.178,Delaware,,,,,,,,,#N/A,,Earvin Strings-Delaware-2060
1576,Quincy Easterling,P,18,28,47,0.318,0.201,0.251,0.467,0.873,0.386,0.745,0.737,0.213,South Carolina,,,,,,,,,#N/A,,Quincy Easterling-South Carolina-2060
1577,Chris Diamond,P,18,28,46,0.914,0.097,0.183,0.801,0.686,0.078,0.512,0.623,0.089,Tennessee,Oklahoma,,Location: Doesn't want to go outside his home region.,,,,,,#N/A,,Chris Diamond-Tennessee-2060
1578,Derrick Pike,QB,18,20,43,0.226,0.966,0.903,0.801,0.175,0.555,0.869,0.960,0.147,Georgia,,,Winning: Doesn't want to experience a losing season during his career.,,,,,,#N/A,,Derrick Pike-Georgia-2060
1579,Austin Davis,QB,18,20,41,0.848,0.244,0.504,0.538,0.749,0.966,0.945,0.307,0.281,Missouri,,,Prestige: Wants to help increase a team's prestige,,,,,,#N/A,,Austin Davis-Missouri-2060
1580,Quinn Best,DL,18,19,40,0.502,0.359,0.090,0.016,0.525,0.849,0.943,0.873,0.725,Michigan,,,Education: Wants to major in English,,,,,,#N/A,,Quinn Best-Michigan-2060
1581,Jaylin Gregg,DL,18,19,43,0.503,0.521,0.528,0.519,0.938,0.188,0.243,0.498,0.216,Washington D.C.,,,ProPotential: Has dreams of eventually becoming a first-round pick.,,,,,,#N/A,,Jaylin Gregg-Washington D.C.-2060
1582,Tommy Bynum,DL,18,19,39,0.146,0.975,0.602,0.300,0.037,0.978,0.162,0.315,0.935,Minnesota,,,Prestige: Wants to help increase a team's prestige,,,,,,#N/A,,Tommy Bynum-Minnesota-2060
1583,Andrew Mortensen,DL,18,19,43,0.126,0.016,0.514,0.435,0.498,0.206,0.168,0.737,0.801,Washington D.C.,,,,,,,,,#N/A,,Andrew Mortensen-Washington D.C.-2060
1584,Kevin White,DL,18,19,41,0.554,0.245,0.654,0.740,0.910,0.334,0.771,0.815,0.472,Maryland,,,"ProPotential: Would like to be drafted in the top four rounds, if possible.",,,,,,#N/A,,Kevin White-Maryland-2060
1585,Charles Stowers,DL,18,19,41,0.625,0.840,0.600,0.049,0.208,0.182,0.410,0.489,0.458,Vermont,,,,,,,,,#N/A,,Charles Stowers-Vermont-2060
1586,Michael Little,P,18,28,48,0.918,0.800,0.461,0.892,0.376,0.220,0.690,0.119,0.853,Florida,,,"Location: Has family in West Virginia, and wants them to see one of his games.",,,,,,#N/A,,Michael Little-Florida-2060
1587,Brandon Levine,S,18,18,37,0.636,0.794,0.457,0.562,0.543,0.805,0.024,0.053,0.197,Missouri,,,,,,,,,#N/A,,Brandon Levine-Missouri-2060
1588,Kyle Sutton,S,18,18,39,0.031,0.206,0.091,0.006,0.768,0.750,0.866,0.996,0.611,Texas,,,Campus: Wants to know food options near campus,,,,,,#N/A,,Kyle Sutton-Texas-2060
1589,Keldrick Winston,P,18,28,48,0.496,0.254,0.466,0.418,0.277,0.861,0.199,0.072,0.293,Tennessee,,,,,,,,,#N/A,,Keldrick Winston-Tennessee-2060
1590,Jody Millen,P,18,28,49,0.154,0.586,0.673,0.177,0.439,0.964,0.964,0.643,0.063,Texas,,,Education: Wants to major in sports science,,,,,,#N/A,,Jody Millen-Texas-2060
1591,Zeek Wyatt,DL,18,19,43,0.677,0.253,0.743,0.323,0.518,0.779,0.041,0.473,0.890,Kansas,,,,,,,,,#N/A,,Zeek Wyatt-Kansas-2060
1592,Jeff Branch,DL,18,19,41,0.467,0.653,0.297,0.583,0.527,0.098,0.541,0.125,0.583,Wisconsin,,,,,,,,,#N/A,,Jeff Branch-Wisconsin-2060
1593,Eric Glover,DL,18,19,39,0.622,0.769,0.545,0.514,0.756,0.359,0.571,0.210,0.740,Pennsylvania,,,,,,,,,#N/A,,Eric Glover-Pennsylvania-2060
1594,Conner Mathews,DL,18,19,42,0.625,0.790,0.249,0.897,0.943,0.589,0.963,0.893,0.558,Virginia,,,Education: Wants to major in economics,,,,,,#N/A,,Conner Mathews-Virginia-2060
1595,Christian Murray,DL,18,19,39,0.886,0.977,0.386,0.966,0.875,0.850,0.168,0.083,0.063,Illinois,,,Winning: Wants to win a lot of conference games during his career,,,,,,#N/A,,Christian Murray-Illinois-2060
1596,Stuart Hill,DL,18,19,39,0.377,0.956,0.870,0.521,0.390,0.916,0.384,0.296,0.528,Virginia,,,,,,,,,#N/A,,Stuart Hill-Virginia-2060
1597,Daryus Hubbard,P,18,28,49,0.519,0.948,0.072,0.074,0.637,0.109,0.255,0.605,0.761,Massachusetts,,,,,,,,,#N/A,,Daryus Hubbard-Massachusetts-2060
1598,Tye John,P,18,28,49,0.425,0.930,0.455,0.588,0.589,0.293,0.360,0.672,0.138,New Jersey,,,Winning: Wants to win a lot of conference games during his career,,,,,,#N/A,,Tye John-New Jersey-2060
1599,Connor Smith,QB,18,20,42,0.719,0.345,0.381,0.208,0.611,0.050,0.833,0.606,0.210,Hawaii,,,,,,,,,#N/A,,Connor Smith-Hawaii-2060
1600,Aaron Spencer,QB,18,20,42,0.823,0.226,0.887,0.180,0.936,0.784,0.872,0.824,0.529,Minnesota,,,ProPotential: Has dreams of eventually becoming a first-round pick.,,,,,,#N/A,,Aaron Spencer-Minnesota-2060
1601,Hayden Dyer,QB,18,20,42,0.463,0.272,0.297,0.348,0.373,0.316,0.052,0.888,0.220,Texas,,,,,,,,,#N/A,,Hayden Dyer-Texas-2060
1602,Emerson Taylor,QB,18,20,43,0.781,0.455,0.967,0.588,0.672,0.096,0.655,0.608,0.671,Nebraska,Arizona State,,Playing Time: Wants to be the starter by his junior year at the latest.,,,,,,#N/A,,Emerson Taylor-Nebraska-2060
1603,Dwight Boyle,K,18,27,46,0.542,0.095,0.215,0.473,0.290,0.701,0.210,0.613,0.179,Nebraska,,,,,,,,,#N/A,,Dwight Boyle-Nebraska-2060
1604,Kyle Celek,K,18,27,45,0.693,0.060,0.716,0.277,0.852,0.889,0.793,0.621,0.775,Texas,Air Force,,,,,,,,#N/A,,Kyle Celek-Texas-2060
1605,Michael Robison,WR,18,20,38,0.867,0.819,0.783,0.714,0.831,0.454,0.362,0.477,0.766,New Jersey,,,,,,,,,#N/A,,Michael Robison-New Jersey-2060
1606,Willie Mitchell,WR,18,20,39,0.414,0.738,0.748,0.580,0.430,0.538,0.357,0.427,0.561,Georgia,,,,,,,,,#N/A,,Willie Mitchell-Georgia-2060
1607,Nathan Horn,WR,18,20,38,0.936,0.284,0.876,0.872,0.866,0.066,0.015,0.770,0.926,North Carolina,,,Location: Wants to play as many games in his home state as possible.,,,,,,#N/A,,Nathan Horn-North Carolina-2060
1608,Sean Hubbard,WR,18,20,41,0.915,0.129,0.643,0.786,0.780,0.031,0.680,0.976,0.450,Oklahoma,,,Campus: Wants to get involved in student organizations,,,,,,#N/A,,Sean Hubbard-Oklahoma-2060
1609,Keion Clayton,WR,18,20,41,0.744,0.786,0.463,0.401,0.431,0.413,0.669,0.484,0.056,Texas,,,,,,,,,#N/A,,Keion Clayton-Texas-2060
1610,Nick Rodriguez,WR,18,20,39,0.642,0.043,0.277,0.665,0.924,0.899,0.300,0.161,0.326,Mississippi,,,ProPotential: Wants to play for a coach who has produced a lot of pros at his position.,,,,,,#N/A,,Nick Rodriguez-Mississippi-2060
1611,Cade Walters,K,18,27,44,0.558,0.923,0.705,0.409,0.173,0.368,0.189,0.406,0.146,Florida,,,,,,,,,#N/A,,Cade Walters-Florida-2060
1612,Dion Morris,K,18,27,45,0.617,0.748,0.951,0.509,0.434,0.337,0.173,0.670,0.651,Oklahoma,,,Playing Time: Wants the chance to win a national award,,,,,,#N/A,,Dion Morris-Oklahoma-2060
1613,Chandler Ferguson,OL,18,18,35,0.648,0.970,0.972,0.580,0.769,0.893,0.212,0.094,0.860,Ohio,,,Playing Time: Wants an important role on the offense/defense.,,,,,,#N/A,,Chandler Ferguson-Ohio-2060
1614,Sean Bowman,OL,18,18,38,0.018,0.334,0.119,0.347,0.633,0.776,0.907,0.966,0.437,Kansas,,,Campus: Wants the campus to be near forests,,,,,,#N/A,,Sean Bowman-Kansas-2060
1615,Dean Tarpey,OL,18,18,35,0.244,0.422,0.392,0.071,0.865,0.595,0.894,0.237,0.425,California,,,,,,,,,#N/A,,Dean Tarpey-California-2060
1616,Tommie Witter,WR,18,20,42,0.853,0.468,0.249,0.121,0.076,0.386,0.200,0.453,0.936,North Carolina,,,Tradition: Wants to play on primetime TV,,,,,,#N/A,,Tommie Witter-North Carolina-2060
1617,Cedric McCoy,WR,18,20,41,0.421,0.688,0.112,0.563,0.110,0.355,0.992,0.077,0.711,Illinois,,,Education: Wants to major in linguistics,,,,,,#N/A,,Cedric McCoy-Illinois-2060
1618,Jordan Ramseyer,WR,18,20,41,0.153,0.704,0.978,0.687,0.713,0.974,0.706,0.704,0.136,Missouri,,,Playing Time: Wants to put up big stats.,,,,,,#N/A,,Jordan Ramseyer-Missouri-2060
1619,Bobby Huggins,WR,18,20,40,0.839,0.147,0.450,0.377,0.993,0.483,0.364,0.311,0.608,California,,,"ProPotential: Would like to be drafted in the top four rounds, if possible.",,,,,,#N/A,,Bobby Huggins-California-2060
1620,Sean Stubbs,WR,18,20,42,0.893,0.025,0.248,0.560,0.152,0.409,0.144,0.041,0.141,Washington,,,,,,,,,#N/A,,Sean Stubbs-Washington-2060
1621,Tyler Hedlund,WR,18,20,42,0.063,0.806,0.235,0.493,0.155,0.333,0.782,0.620,0.931,Florida,Memphis,,Tradition: Wants to play in important rivalry games,,,,,,#N/A,,Tyler Hedlund-Florida-2060
1622,Michael Mullens,WR,18,20,42,0.488,0.254,0.323,0.341,0.784,0.716,0.678,0.469,0.781,Mississippi,,,,,,,,,#N/A,,Michael Mullens-Mississippi-2060
1623,Davis Kempt,WR,18,20,41,0.647,0.778,0.498,0.701,0.399,0.355,0.260,0.343,0.609,Arkansas,,,,,,,,,#N/A,,Davis Kempt-Arkansas-2060
1624,Phillip Jackson,WR,18,20,39,0.208,0.945,0.900,0.683,0.397,0.717,0.712,0.987,0.981,Louisiana,,,Campus: Would prefer to attend a school with a warm climate,,,,,,#N/A,,Phillip Jackson-Louisiana-2060
1625,Justin Brown,RB,18,19,32,0.028,0.442,0.739,0.941,0.629,0.191,0.805,0.559,0.053,Rhode Island,,,Coach: Would like to see the coach sign an extension during his time at the school,,,,,,#N/A,,Justin Brown-Rhode Island-2060
1626,Milo Reynolds,RB,18,19,32,0.244,0.295,0.404,0.146,0.423,0.367,0.117,0.792,0.353,Rhode Island,,,,,,,,,#N/A,,Milo Reynolds-Rhode Island-2060
1627,Nick Davis,K,18,27,46,0.250,0.897,0.805,0.174,0.569,0.002,0.375,0.442,0.004,Michigan,,,,,,,,,#N/A,,Nick Davis-Michigan-2060
1628,James Glick,K,18,27,44,0.260,0.496,0.796,0.225,0.001,0.551,0.036,0.931,0.538,Kansas,,,Campus: Wants mountains a short distance from campus.,,,,,,#N/A,,James Glick-Kansas-2060
1629,Josh Jay,OL,18,18,39,0.322,0.662,0.835,0.063,0.355,0.492,0.344,0.126,0.911,Alaska,,,,,,,,,#N/A,,Josh Jay-Alaska-2060
1630,Vin Cunningham,OL,18,18,35,0.451,0.767,0.943,0.395,0.080,0.964,0.470,0.360,0.181,Iowa,,,,,,,,,#N/A,,Vin Cunningham-Iowa-2060
1631,Zach Arthur,OL,18,18,38,0.919,0.187,0.623,0.260,0.641,0.677,0.707,0.833,0.325,Colorado,,,Location: Wants to play in a similar climate to his home state.,,,,,,#N/A,,Zach Arthur-Colorado-2060
1632,Taron Diaz,WR,18,20,39,0.880,0.647,0.991,0.222,0.493,0.075,0.671,0.984,0.193,Georgia,,,Playing Time: Would prefer to go somewhere he can start every season.,,,,,,#N/A,,Taron Diaz-Georgia-2060
1633,Gordon Mayo,WR,18,20,38,0.815,0.980,0.255,0.536,0.627,0.966,0.579,0.778,0.883,Oklahoma,,,Winning: Wants to experience at least one season with double-digit wins.,,,,,,#N/A,,Gordon Mayo-Oklahoma-2060
1634,Calvin Wilcots,WR,18,20,42,0.955,0.946,0.122,0.006,0.947,0.127,0.298,0.676,0.599,Texas,,,"Location: Has family in Maine, and wants them to see one of his games.",,,,,,#N/A,,Calvin Wilcots-Texas-2060
1635,Brandon Giles,WR,18,20,39,0.768,0.921,0.963,0.149,0.792,0.325,0.158,0.628,0.174,Arizona,,,Playing Time: Wants to put up big stats.,,,,,,#N/A,,Brandon Giles-Arizona-2060
1636,Trent Burns,WR,18,20,41,0.563,0.207,0.960,0.233,0.835,0.345,0.518,0.280,0.698,Florida,,,Playing Time: Wants to put up big stats.,,,,,,#N/A,,Trent Burns-Florida-2060
1637,Tre Carter,WR,18,20,38,0.315,0.738,0.582,0.310,0.938,0.711,0.617,0.308,0.124,Arkansas,,,ProPotential: Has dreams of eventually becoming a first-round pick.,,,,,,#N/A,,Tre Carter-Arkansas-2060
1638,Jed Harris,WR,18,20,38,0.568,0.575,0.487,0.305,0.430,0.055,0.893,0.267,0.195,Georgia,,,,,,,,,#N/A,,Jed Harris-Georgia-2060
1639,Bryce Merritt,WR,18,20,40,0.310,0.941,0.654,0.977,0.342,0.616,0.375,0.860,0.902,Oregon,,,Coach: Wants to play for a successful coach.,,,,,,#N/A,,Bryce Merritt-Oregon-2060
1640,Paris Scott,TE,18,16,31,0.260,0.302,0.231,0.886,0.849,0.706,0.403,0.976,0.100,Illinois,Kansas,,Campus: Would prefer to attend a school with a dry climate,,,,,,#N/A,,Paris Scott-Illinois-2060
1641,John Brent,TE,18,16,31,0.053,0.534,0.422,0.324,0.295,0.640,0.792,0.421,0.886,Wisconsin,,,,,,,,,#N/A,,John Brent-Wisconsin-2060
1642,Lucky Gonzales,RB,18,19,36,0.069,0.761,0.295,0.253,0.286,0.662,0.259,0.698,0.575,Texas,,,,,,,,,#N/A,,Lucky Gonzales-Texas-2060
1643,Darian Johnson,K,18,27,44,0.099,0.176,0.717,0.490,0.501,0.976,0.521,0.954,0.864,Florida,,,,,,,,,#N/A,,Darian Johnson-Florida-2060
1644,Anthony Wright,K,18,27,44,0.318,0.951,0.349,0.500,0.521,0.182,0.970,0.333,0.931,Virginia,,,Education: Wants to major in psychology,,,,,,#N/A,,Anthony Wright-Virginia-2060
1645,Malcolm Brandon,OL,18,18,39,0.426,0.692,0.761,0.744,0.638,0.424,0.016,0.173,0.413,California,,,,,,,,,#N/A,,Malcolm Brandon-California-2060
1646,Adam Clarke,OL,18,18,36,0.609,0.176,0.411,0.563,0.115,0.130,0.151,0.890,0.038,Ohio,,,,,,,,,#N/A,,Adam Clarke-Ohio-2060
1647,Kevin Black,P,18,27,47,0.702,0.843,0.290,0.188,0.871,0.805,0.128,0.605,0.957,California,,,Tradition: Wants to play in front of lots of fans,,,,,,#N/A,,Kevin Black-California-2060
1648,J.P. Broussard,WR,18,20,41,0.069,0.551,0.204,0.799,0.883,0.165,0.790,0.863,0.667,Florida,,,,,,,,,#N/A,,J.P. Broussard-Florida-2060
1649,Jess Collins,WR,18,20,41,0.010,0.389,0.448,0.911,0.174,0.093,0.158,0.185,0.276,Washington,,,Coach: Wants to play for a coach with a personal connection to their school,,,,,,#N/A,,Jess Collins-Washington-2060
1650,Greg West,WR,18,20,39,0.147,0.287,0.293,0.292,0.892,0.517,0.617,0.958,0.410,Minnesota,,,Campus: Wants the campus to be near forests,,,,,,#N/A,,Greg West-Minnesota-2060
1651,Andrew Chappell,WR,18,20,39,0.305,0.882,0.642,0.161,0.452,0.267,0.481,0.506,0.455,Michigan,,,,,,,,,#N/A,,Andrew Chappell-Michigan-2060
1652,Dakarai Johns,WR,18,20,40,0.202,0.715,0.452,0.024,0.182,0.853,0.132,0.887,0.720,Texas,,,,,,,,,#N/A,,Dakarai Johns-Texas-2060
1653,Kelly Crawford,TE,18,16,30,0.111,0.490,0.878,0.197,0.745,0.244,0.187,0.378,0.415,Indiana,,,,,,,,,#N/A,,Kelly Crawford-Indiana-2060
1654,Ayden Wentz,LB,18,17,36,0.992,0.661,0.787,0.186,0.444,0.389,0.014,0.083,0.317,Missouri,,,Location: Wants to play as many games in his home state as possible.,,,,,,#N/A,,Ayden Wentz-Missouri-2060
1655,Jared Coutee,LB,18,17,34,0.924,0.830,0.052,0.822,0.158,0.593,0.411,0.734,0.940,Texas,,,Tradition: Wants to play on primetime TV,,,,,,#N/A,,Jared Coutee-Texas-2060
1656,Bryant Johnson,LB,18,17,33,0.431,0.065,0.683,0.059,0.765,0.702,0.578,0.296,0.351,Florida,,,,,,,,,#N/A,,Bryant Johnson-Florida-2060
1657,Brandon Cook,CB,18,21,37,0.354,0.289,0.676,0.160,0.708,0.345,0.072,0.998,0.617,Michigan,,,Campus: Wants to know about the nightlife around the university,,,,,,#N/A,,Brandon Cook-Michigan-2060
1658,Matt Brown,P,18,27,48,0.134,0.628,0.414,0.256,0.283,0.845,0.782,0.713,0.557,Ohio,,,,,,,,,#N/A,,Matt Brown-Ohio-2060
1659,Taylor Buckner,OL,18,18,39,0.284,0.315,0.706,0.456,0.562,0.599,0.768,0.666,0.485,Connecticut,,,,,,,,,#N/A,,Taylor Buckner-Connecticut-2060
1660,Donovan Simpson,WR,18,20,38,0.193,0.230,0.255,0.559,0.650,0.353,0.816,0.727,0.766,Arkansas,,,,,,,,,#N/A,,Donovan Simpson-Arkansas-2060
1661,Ken Grubbs,WR,18,20,42,0.124,0.360,0.332,0.918,0.185,0.889,0.258,0.110,0.626,Nevada,,,Coach: Wants to be assured that his coach won't cut him.,,,,,,#N/A,,Ken Grubbs-Nevada-2060
1662,Tim Brown,WR,18,20,42,0.059,0.930,0.595,0.825,0.032,0.701,0.354,0.744,0.881,Washington,,,,,,,,,#N/A,,Tim Brown-Washington-2060
1663,Sean Dye,WR,18,20,39,0.158,0.569,0.062,0.082,0.861,0.236,0.293,0.177,0.085,New Jersey,,,,,,,,,#N/A,,Sean Dye-New Jersey-2060
1664,Myles Johnson,WR,18,20,40,0.063,0.568,0.211,0.427,0.085,0.381,0.248,0.851,0.304,Florida,,,,,,,,,#N/A,,Myles Johnson-Florida-2060
1665,Kendrick Edwards,WR,18,20,42,0.979,0.459,0.551,0.467,0.966,0.317,0.848,0.350,0.593,Texas,,,Location: Wants to play as close to his home state as possible.,,,,,,#N/A,,Kendrick Edwards-Texas-2060
1666,Jackson Hutson,CB,18,21,38,0.942,0.340,0.794,0.530,0.723,0.062,0.472,0.195,0.397,Florida,,,"Location: Has family in Georgia, and wants them to see one of his games.",,,,,,#N/A,,Jackson Hutson-Florida-2060
1667,Gabe Fleming,CB,18,21,39,0.148,0.878,0.566,0.395,0.893,0.311,0.098,0.550,0.771,California,,,,,,,,,#N/A,,Gabe Fleming-California-2060
1668,Byron Smith,CB,18,21,38,0.325,0.798,0.492,0.436,0.457,0.481,0.716,0.002,0.068,Virginia,,,,,,,,,#N/A,,Byron Smith-Virginia-2060
1669,Hale Smith,CB,18,21,38,0.513,0.937,0.293,0.741,0.781,0.429,0.519,0.671,0.121,Colorado,,,,,,,,,#N/A,,Hale Smith-Colorado-2060
1670,Durrell DePalma,CB,18,21,37,0.634,0.600,0.848,0.602,0.640,0.988,0.810,0.290,0.034,Texas,,,Prestige: Wants to win a conference championship,,,,,,#N/A,,Durrell DePalma-Texas-2060
1671,Markee Minor,RB,18,19,35,0.624,0.699,0.980,0.678,0.325,0.195,0.452,0.935,0.724,Florida,,,Playing Time: Wants the chance to win a national award,,,,,,#N/A,,Markee Minor-Florida-2060
1672,Dan Leroux,DL,18,18,39,0.665,0.083,0.756,0.195,0.827,0.615,0.588,0.860,0.576,Florida,,,,,,,,,#N/A,,Dan Leroux-Florida-2060
1673,David Grant,DL,18,18,40,0.524,0.471,0.317,0.573,0.140,0.736,0.569,0.994,0.715,Kansas,,,Campus: Wants there to be a strong Greek Life community on campus,,,,,,#N/A,,David Grant-Kansas-2060
1674,Todd Boyce,LB,18,17,35,0.676,0.471,0.881,0.065,0.001,0.439,0.260,0.779,0.966,Washington,,,Tradition: Wants to play in important rivalry games,,,,,,#N/A,,Todd Boyce-Washington-2060
1675,Donte Denley,LB,18,17,32,0.835,0.232,0.051,0.441,0.042,0.238,0.124,0.440,0.213,Texas,,,,,,,,,#N/A,,Donte Denley-Texas-2060
1676,Kenny Adams,LB,18,17,32,0.291,0.845,0.451,0.177,0.982,0.042,0.598,0.549,0.009,Florida,,,ProPotential: Wants to play for a school that has produced a lot of pros at his position.,,,,,,#N/A,,Kenny Adams-Florida-2060
1677,Linden Lambert,OL,18,18,37,0.778,0.969,0.384,0.349,0.458,0.568,0.452,0.193,0.071,Georgia,,,,,,,,,#N/A,,Linden Lambert-Georgia-2060
1678,Doug Wolfe,P,18,27,45,0.634,0.094,0.050,0.358,0.711,0.281,0.460,0.820,0.687,Texas,,,,,,,,,#N/A,,Doug Wolfe-Texas-2060
1679,Jake Matlock,P,18,27,44,0.996,0.615,0.720,0.199,0.143,0.809,0.109,0.915,0.149,Virginia,,,Location: Wants to attend a flagship university,,,,,,#N/A,,Jake Matlock-Virginia-2060
1680,Donnell Kittles,CB,18,21,38,0.844,0.966,0.454,0.007,0.387,0.052,0.388,0.034,0.398,New York,,,Winning: Would prefer to play for a team coming off at least 3 consecutive winning seasons.,,,,,,#N/A,,Donnell Kittles-New York-2060
1681,Johnny Brooks,CB,18,21,39,0.071,0.430,0.123,0.096,0.703,0.040,0.597,0.580,0.240,West Virginia,,,,,,,,,#N/A,,Johnny Brooks-West Virginia-2060
1682,Tre Daniels,CB,18,21,41,0.402,0.389,0.040,0.306,0.593,0.642,0.131,0.706,0.459,South Dakota,,,,,,,,,#N/A,,Tre Daniels-South Dakota-2060
1683,Thomas Gibbs,DL,18,18,41,0.495,0.531,0.580,0.246,0.887,0.390,0.157,0.307,0.574,Pennsylvania,Ohio State,,,,,,,,#N/A,,Thomas Gibbs-Pennsylvania-2060
1684,Josh Green,QB,18,19,41,0.359,0.894,0.485,0.762,0.581,0.727,0.409,0.408,0.686,South Carolina,,,,,,,,,#N/A,,Josh Green-South Carolina-2060
1685,Walter Smith,QB,18,19,41,0.806,0.158,0.963,0.915,0.393,0.936,0.310,0.125,0.424,North Carolina,,,Playing Time: Wants to put up big stats.,,,,,,#N/A,,Walter Smith-North Carolina-2060
1686,Quincy Swift,QB,18,19,41,0.794,0.675,0.670,0.267,0.040,0.560,0.578,0.262,0.192,Arkansas,,,,,,,,,#N/A,,Quincy Swift-Arkansas-2060
1687,Derrell Clayton,P,18,27,46,0.230,0.966,0.829,0.487,0.394,0.891,0.153,0.978,0.467,California,,,Campus: Would prefer to attend a school with a cold climate,,,,,,#N/A,,Derrell Clayton-California-2060
1688,Joel Jones,P,18,27,47,0.203,0.549,0.739,0.610,0.605,0.020,0.913,0.256,0.913,Kentucky,,,Tradition: Wants to play for a team that has dominated their rivals,,,,,,#N/A,,Joel Jones-Kentucky-2060
1689,Kyle Phillips,CB,18,21,39,0.786,0.188,0.499,0.177,0.364,0.365,0.084,0.974,0.775,South Carolina,,,Campus: Wants to know about the nightlife around the university,,,,,,#N/A,,Kyle Phillips-South Carolina-2060
1690,Michael Craig,CB,18,21,38,0.629,0.274,0.158,0.781,0.739,0.472,0.279,0.798,0.421,Maryland,,,,,,,,,#N/A,,Michael Craig-Maryland-2060
1691,Nick Jordan,CB,18,21,38,0.497,0.031,0.537,0.417,0.895,0.412,0.080,0.773,0.829,Louisiana,Texas Tech,,,,,,,,#N/A,,Nick Jordan-Louisiana-2060
1692,Matt Cole,DL,18,18,39,0.326,0.892,0.640,0.690,0.819,0.974,0.097,0.048,0.933,Arizona,,,Prestige: Has ambitions of winning a national championship game,,,,,,#N/A,,Matt Cole-Arizona-2060
1693,Russell Chones,S,18,17,38,0.469,0.998,0.072,0.668,0.361,0.617,0.692,0.409,0.388,Alabama,,,Winning: Wants to win a lot of conference games during his career,,,,,,#N/A,,Russell Chones-Alabama-2060
1694,Will Scott,LB,18,17,35,0.755,0.422,0.649,0.992,0.211,0.766,0.827,0.071,0.934,Minnesota,Illinois,,Coach: Wants to play for a successful coach.,,,,,,#N/A,,Will Scott-Minnesota-2060
1695,R.J. Hall,LB,18,17,32,0.756,0.271,0.659,0.093,0.865,0.026,0.977,0.710,0.134,Michigan,,,Education: Wants to major in sociology,,,,,,#N/A,,R.J. Hall-Michigan-2060
1696,Jordan Bowling,QB,18,19,40,0.410,0.450,0.393,0.816,0.019,0.957,0.064,0.173,0.937,Missouri,,,,,,,,,#N/A,,Jordan Bowling-Missouri-2060
1697,David Spurlock,LB,18,17,36,0.510,0.578,0.371,0.901,0.184,0.978,0.030,0.335,0.353,Washington,,,,,,,,,#N/A,,David Spurlock-Washington-2060
1698,Tyree Carl,K,18,26,45,0.908,0.393,0.339,0.691,0.224,0.308,0.601,0.849,0.795,Texas,,,Location: Wants to attend a flagship university,,,,,,#N/A,,Tyree Carl-Texas-2060
1699,Kevin Garcia,K,18,26,43,0.100,0.629,0.834,0.512,0.403,0.724,0.039,0.106,0.873,Alabama,,,,,,,,,#N/A,,Kevin Garcia-Alabama-2060
1700,Baraka Ellis,K,18,26,45,0.482,0.090,0.072,0.207,0.128,0.389,0.155,0.045,0.786,Michigan,,,,,,,,,#N/A,,Baraka Ellis-Michigan-2060
1701,Jordan Bolden,DL,18,18,40,0.012,0.710,0.385,0.159,0.788,0.385,0.794,0.510,0.589,Kentucky,,,,,,,,,#N/A,,Jordan Bolden-Kentucky-2060
1702,Mohamed Heinz,QB,18,19,41,0.091,0.409,0.124,0.838,0.730,0.609,0.491,0.305,0.931,Michigan,,,Tradition: Wants to play in important rivalry games,,,,,,#N/A,,Mohamed Heinz-Michigan-2060
1703,Trey Bell,K,18,26,45,0.208,0.313,0.706,0.181,0.833,0.606,0.763,0.611,0.112,Arizona,,,,,,,,,#N/A,,Trey Bell-Arizona-2060
1704,Harry Lee,K,18,26,45,0.358,0.882,0.293,0.163,0.838,0.525,0.390,0.461,0.606,Wyoming,,,,,,,,,#N/A,,Harry Lee-Wyoming-2060
1705,Cam Williams,K,18,26,46,0.539,0.881,0.070,0.422,0.502,0.743,0.716,0.200,0.959,Florida,,,Tradition: Wants to hear about your school's fan support,,,,,,#N/A,,Cam Williams-Florida-2060
1706,Shaq Lott,K,18,26,46,0.214,0.550,0.037,0.044,0.905,0.001,0.626,0.647,0.221,California,,,ProPotential: Wants to play for a school that has produced a lot of pros at his position.,,,,,,#N/A,,Shaq Lott-California-2060
1707,Neville Parker,QB,18,19,40,0.114,0.092,0.178,0.739,0.601,0.525,0.827,0.107,0.677,North Dakota,,,,,,,,,#N/A,,Neville Parker-North Dakota-2060
1708,Alema Bibbins,QB,18,19,41,0.812,0.908,0.140,0.340,0.515,0.542,0.199,0.223,0.339,Mississippi,,,Winning: Would prefer to play for a team coming off at least 3 consecutive winning seasons.,,,,,,#N/A,,Alema Bibbins-Mississippi-2060
1709,Corry Young,S,18,17,38,0.612,0.600,0.706,0.266,0.257,0.359,0.288,0.702,0.036,Florida,,,,,,,,,#N/A,,Corry Young-Florida-2060
1710,Tim Bass,S,18,17,38,0.021,0.580,0.864,0.582,0.006,0.057,0.595,0.134,0.005,Washington,,,,,,,,,#N/A,,Tim Bass-Washington-2060
1711,Steven Hunter,WR,18,19,40,0.161,0.223,0.745,0.459,0.215,0.892,0.232,0.692,0.848,New Jersey,LSU,,,,,,,,#N/A,,Steven Hunter-New Jersey-2060
1712,Eric Lyons,WR,18,19,41,0.772,0.504,0.903,0.026,0.337,0.343,0.363,0.904,0.007,Montana,,,Campus: Wants there to be a strong Greek Life community on campus,,,,,,#N/A,,Eric Lyons-Montana-2060
1713,John Kendrick,K,18,26,46,0.115,0.991,0.026,0.921,0.524,0.471,0.577,0.135,0.779,Florida,,,Winning: Wants to experience at least one season with double-digit wins.,,,,,,#N/A,,John Kendrick-Florida-2060
1714,Mark Stangel,P,18,26,45,0.011,0.337,0.228,0.170,0.245,0.234,0.843,0.805,0.264,California,,,,,,,,,#N/A,,Mark Stangel-California-2060
1715,Cole Couch,P,18,26,43,0.120,0.033,0.804,0.088,0.121,0.045,0.062,0.966,0.193,New Hampshire,,,Campus: Would prefer to attend a school with a smaller student body population,,,,,,#N/A,,Cole Couch-New Hampshire-2060
1716,Bryson Glover,P,18,26,46,0.897,0.491,0.361,0.598,0.139,0.191,0.105,0.504,0.227,Pennsylvania,,,,,,,,,#N/A,,Bryson Glover-Pennsylvania-2060
1717,Raynard Louisme,WR,18,19,37,0.737,0.473,0.839,0.222,0.475,0.071,0.018,0.278,0.273,Florida,,,,,,,,,#N/A,,Raynard Louisme-Florida-2060
1718,Vince Pompey,WR,18,19,39,0.869,0.088,0.139,0.931,0.588,0.630,0.997,0.109,0.283,Kansas,,,Education: Wants to major in economics,,,,,,#N/A,,Vince Pompey-Kansas-2060
1719,Cooper Garmon,K,18,26,46,0.536,0.415,0.650,0.000,0.159,0.630,0.111,0.692,0.499,Kentucky,,,,,,,,,#N/A,,Cooper Garmon-Kentucky-2060
1720,Jeremy Jewell,P,18,26,44,0.848,0.656,0.788,0.200,0.651,0.548,0.567,0.652,0.132,Utah,,,,,,,,,#N/A,,Jeremy Jewell-Utah-2060
1721,Luke Cartwright,P,18,26,45,0.373,0.017,0.080,0.832,0.731,0.252,0.823,0.728,0.660,Maryland,,,,,,,,,#N/A,,Luke Cartwright-Maryland-2060
1722,Kenny Morris,P,18,26,44,0.174,0.052,0.458,0.665,0.424,0.597,0.658,0.849,0.461,Georgia,,,,,,,,,#N/A,,Kenny Morris-Georgia-2060
1723,Emmanuel Reese,P,18,26,46,0.056,0.907,0.655,0.862,0.452,0.723,0.562,0.460,0.580,Alabama,,,,,,,,,#N/A,,Emmanuel Reese-Alabama-2060
1724,Hershey Doss,CB,18,20,38,0.250,0.878,0.616,0.484,0.883,0.271,0.482,0.987,0.212,Ohio,,,Campus: Wants mountains a short distance from campus.,,,,,,#N/A,,Hershey Doss-Ohio-2060
1725,Toby Hill,CB,18,20,36,0.174,0.913,0.892,0.202,0.957,0.152,0.944,0.586,0.341,Ohio,,,ProPotential: Has dreams of eventually becoming a first-round pick.,,,,,,#N/A,,Toby Hill-Ohio-2060
1726,Taylor Dean,P,18,26,43,0.546,0.087,0.980,0.789,0.334,0.876,0.820,0.745,0.095,Connecticut,,,Playing Time: Wants to be the starter by his junior year at the latest.,,,,,,#N/A,,Taylor Dean-Connecticut-2060
1727,Johnathan Benson,P,18,26,46,0.633,0.780,0.012,0.042,0.385,0.012,0.809,0.394,0.115,Texas,,,,,,,,,#N/A,,Johnathan Benson-Texas-2060
1728,Connor Bade,WR,18,19,38,0.769,0.024,0.679,0.188,0.202,0.594,0.722,0.292,0.767,Georgia,,,,,,,,,#N/A,,Connor Bade-Georgia-2060
1729,Dan Hobbs,WR,18,19,41,0.742,0.284,0.618,0.990,0.464,0.115,0.390,0.961,0.547,Florida,,,Coach: Wants to play for a coach who is known to keep promises.,,,,,,#N/A,,Dan Hobbs-Florida-2060
1730,Caleb Ferguson,WR,18,19,41,0.164,0.435,0.883,0.099,0.781,0.874,0.436,0.261,0.371,Wyoming,,,,,,,,,#N/A,,Caleb Ferguson-Wyoming-2060
1731,Greg Dorsey,WR,18,19,37,0.245,0.571,0.286,0.834,0.606,0.211,0.526,0.068,0.571,Texas,,,,,,,,,#N/A,,Greg Dorsey-Texas-2060
1732,Dan Watson,WR,18,19,40,0.050,0.997,0.282,0.197,0.247,0.198,0.532,0.986,0.579,Texas,,,,,,,,,#N/A,,Dan Watson-Texas-2060
1733,Oliver Bender,P,18,26,44,0.875,0.556,0.347,0.255,0.927,0.117,0.041,0.056,0.435,Georgia,,,ProPotential: Is a fan of the Packers,,,,,,#N/A,,Oliver Bender-Georgia-2060
1734,Tanner Best,P,18,26,46,0.590,0.247,0.077,0.790,0.392,0.664,0.801,0.249,0.514,Kentucky,,,,,,,,,#N/A,,Tanner Best-Kentucky-2060
1735,Joseph Kinsey,P,18,26,43,0.985,0.798,0.946,0.118,0.852,0.020,0.076,0.759,0.701,Mississippi,,,Location: Wants to play as close to his home state as possible.,,,,,,#N/A,,Joseph Kinsey-Mississippi-2060
1736,Rocco Hester,P,18,26,47,0.215,0.061,0.898,0.715,0.213,0.013,0.694,0.618,0.148,South Carolina,,,,,,,,,#N/A,,Rocco Hester-South Carolina-2060
1737,Ryan Golden,CB,18,20,36,0.067,0.958,0.955,0.604,0.327,0.617,0.017,0.249,0.893,Louisiana,,,Winning: Wants to win a lot of conference games during his career,,,,,,#N/A,,Ryan Golden-Louisiana-2060
1738,Milan Smith,WR,18,19,39,0.130,0.583,0.631,0.037,0.641,0.311,0.379,0.401,0.013,Iowa,,,,,,,,,#N/A,,Milan Smith-Iowa-2060
1739,Phillip Brady,WR,18,19,40,0.177,0.175,0.984,0.501,0.736,0.375,0.406,0.867,0.040,Oregon,,,Playing Time: Wants to put up big stats.,,,,,,#N/A,,Phillip Brady-Oregon-2060
1740,Quinton McGrady,WR,18,19,38,0.504,0.908,0.189,0.137,0.170,0.310,0.566,0.058,0.330,Ohio,,,Winning: Would prefer to play for a team coming off at least 3 consecutive winning seasons.,,,,,,#N/A,,Quinton McGrady-Ohio-2060
1741,Keith Davis,P,18,26,46,0.979,0.688,0.437,0.610,0.189,0.966,0.085,0.632,0.388,Virginia,,,Location: Doesn't want to go outside his home region.,,,,,,#N/A,,Keith Davis-Virginia-2060
1742,Ronnie Crenshaw,P,18,26,43,0.551,0.479,0.760,0.768,0.188,0.170,0.418,0.443,0.121,Pennsylvania,,,,,,,,,#N/A,,Ronnie Crenshaw-Pennsylvania-2060
1743,Chris Doan,P,18,26,44,0.458,0.485,0.714,0.111,0.561,0.429,0.629,0.853,0.370,Georgia,,,,,,,,,#N/A,,Chris Doan-Georgia-2060
1744,Devin Lewis,P,18,26,45,0.191,0.733,0.141,0.205,0.048,0.061,0.911,0.219,0.493,Georgia,,,Education: Wants to major in math,,,,,,#N/A,,Devin Lewis-Georgia-2060
1745,Jonathan Hale,P,18,26,44,0.947,0.766,0.669,0.225,0.282,0.204,0.540,0.671,0.300,Pennsylvania,,,"Location: Has family in Alabama, and wants them to see one of his games.",,,,,,#N/A,,Jonathan Hale-Pennsylvania-2060
1746,J.J. Murray,P,18,26,45,0.832,0.679,0.093,0.203,0.804,0.853,0.178,0.516,0.378,Maryland,,,,,,,,,#N/A,,J.J. Murray-Maryland-2060
1747,Aaron Williams,WR,18,19,37,0.611,0.450,0.855,0.153,0.638,0.689,0.611,0.297,0.088,Virginia,,,,,,,,,#N/A,,Aaron Williams-Virginia-2060
1748,John Gulledge,WR,18,19,37,0.297,0.997,0.573,0.112,0.625,0.517,0.731,0.244,0.389,Louisiana,,,Winning: Wants to experience at least one season with double-digit wins.,,,,,,#N/A,,John Gulledge-Louisiana-2060
1749,Brock Gaston,WR,18,19,37,0.654,0.768,0.670,0.655,0.975,0.582,0.521,0.257,0.344,Texas,,,ProPotential: Wants to play for a coach who has produced a lot of pros at his position.,,,,,,#N/A,,Brock Gaston-Texas-2060
1750,Bill Thomas,WR,18,19,41,0.752,0.637,0.807,0.124,0.808,0.686,0.897,0.213,0.727,North Carolina,,,,,,,,,#N/A,,Bill Thomas-North Carolina-2060
1751,Ronnell Green,WR,18,19,40,0.309,0.323,0.033,0.086,0.556,0.013,0.016,0.788,0.011,Mississippi,,,,,,,,,#N/A,,Ronnell Green-Mississippi-2060
1752,Byron Williams,WR,18,19,37,0.789,0.396,0.947,0.242,0.343,0.442,0.833,0.267,0.752,Alabama,,,Playing Time: Wants the chance to win a national award,,,,,,#N/A,,Byron Williams-Alabama-2060
1753,Blake Denton,WR,18,19,38,0.044,0.538,0.828,0.106,0.565,0.445,0.694,0.195,0.898,Florida,,,,,,,,,#N/A,,Blake Denton-Florida-2060
1754,Tim Hughes,WR,18,19,37,0.566,0.413,0.988,0.840,0.233,0.612,0.696,0.272,0.896,Florida,Colorado,,Playing Time: Wants an important role on the offense/defense.,,,,,,#N/A,,Tim Hughes-Florida-2060
1755,Nana Sexton,CB,18,20,40,0.815,0.645,0.900,0.738,0.338,0.695,0.403,0.145,0.221,Oklahoma,,,,,,,,,#N/A,,Nana Sexton-Oklahoma-2060
1756,John Alexander,CB,18,20,37,0.873,0.059,0.424,0.368,0.093,0.464,0.708,0.065,0.299,Washington,,,,,,,,,#N/A,,John Alexander-Washington-2060
1757,Isaac Cody,LB,18,16,31,0.626,0.733,0.554,0.106,0.027,0.139,0.851,0.336,0.272,Texas,,,,,,,,,#N/A,,Isaac Cody-Texas-2060
1758,Myles Veasley,LB,18,16,35,0.714,0.195,0.044,0.268,0.433,0.624,0.423,0.048,0.138,Texas,,,,,,,,,#N/A,,Myles Veasley-Texas-2060
1759,Dave Owen,OL,18,17,35,0.125,0.601,0.216,0.994,0.455,0.732,0.208,0.152,0.172,Hawaii,,,Coach: Would like to see the coach sign an extension during his time at the school,,,,,,#N/A,,Dave Owen-Hawaii-2060
1760,Ross Ford,OL,18,17,33,0.724,0.881,0.346,0.259,0.145,0.559,0.400,0.135,0.178,Georgia,West Virginia,,,,,,,,#N/A,,Ross Ford-Georgia-2060
1761,Alex Potter,K,18,25,44,0.373,0.538,0.290,0.637,0.801,0.489,0.008,0.913,0.205,Delaware,,,Campus: Wants to live in a major city,,,,,,#N/A,,Alex Potter-Delaware-2060
1762,Shae Nichols,CB,18,20,37,0.477,0.232,0.300,0.603,0.729,0.074,0.126,0.489,0.052,Indiana,,,,,,,,,#N/A,,Shae Nichols-Indiana-2060
1763,Colin Bradberry,CB,18,20,38,0.005,0.669,0.303,0.742,0.203,0.429,0.623,0.349,0.429,Florida,,,,,,,,,#N/A,,Colin Bradberry-Florida-2060
1764,Cole Studivant,QB,18,18,41,0.499,0.463,0.897,0.805,0.246,0.784,0.442,0.986,0.126,North Carolina,,,Campus: Wants to go to college in a smaller town,,,,,,#N/A,,Cole Studivant-North Carolina-2060
1765,John Brown,RB,18,18,32,0.535,0.163,0.839,0.167,0.409,0.000,0.236,0.325,0.183,Arizona,,,,,,,,,#N/A,,John Brown-Arizona-2060
1766,Cameron Drager,LB,18,16,34,0.789,0.156,0.956,0.591,0.761,0.357,0.184,0.469,0.212,Texas,,,Playing Time: Would prefer to go somewhere he can start every season.,,,,,,#N/A,,Cameron Drager-Texas-2060
1767,Andre Gradkowski,LB,18,16,33,0.846,0.803,0.508,0.594,0.061,0.941,0.682,0.646,0.101,Michigan,,,,,,,,,#N/A,,Andre Gradkowski-Michigan-2060
1768,Kevin Sullivan,K,18,25,41,0.736,0.099,0.509,0.959,0.551,0.971,0.605,0.728,0.558,Mississippi,,,Prestige: Would like to play in a bowl game every year,,,,,,#N/A,,Kevin Sullivan-Mississippi-2060
1769,Viliami Gaither,K,18,25,43,0.812,0.816,0.533,0.737,0.958,0.334,0.601,0.589,0.481,Missouri,,,ProPotential: Wants to play for a coach who has produced a lot of pros at his position.,,,,,,#N/A,,Viliami Gaither-Missouri-2060
1770,Kyle Freeman,K,18,25,44,0.944,0.779,0.437,0.522,0.624,0.790,0.370,0.051,0.523,Utah,,,"Location: Has family in Kansas, and wants them to see one of his games.",,,,,,#N/A,,Kyle Freeman-Utah-2060
1771,Thomas Whittaker,S,18,16,36,0.315,0.219,0.471,0.556,0.253,0.982,0.131,0.466,0.226,North Carolina,,,,,,,,,#N/A,,Thomas Whittaker-North Carolina-2060
1772,Javonte McDonald,RB,18,18,31,0.348,0.837,0.696,0.047,0.453,0.258,0.165,0.384,0.545,Colorado,Montana,,,,,,,,#N/A,,Javonte McDonald-Colorado-2060
1773,Kevin Davis,DL,18,17,40,0.490,0.678,0.850,0.706,0.806,0.828,0.253,0.864,0.184,Virginia,South Florida,,,,,,,,#N/A,,Kevin Davis-Virginia-2060
1774,Allan Upchurch,LB,18,16,35,0.764,0.689,0.792,0.641,0.544,0.762,0.067,0.440,0.758,California,,,,,,,,,#N/A,,Allan Upchurch-California-2060
1775,Rob Head,K,18,25,44,0.312,0.979,0.245,0.192,0.874,0.905,0.993,0.906,0.125,North Dakota,,,Education: Wants to study abroad in Spain,,,,,,#N/A,,Rob Head-North Dakota-2060
1776,Darius Lewis,K,18,25,44,0.217,0.729,0.402,0.227,0.545,0.016,0.610,0.645,0.210,California,,,,,,,,,#N/A,,Darius Lewis-California-2060
1777,Liam Boyce,QB,18,18,38,0.361,0.037,0.692,0.381,0.993,0.763,0.948,0.041,0.833,Alaska,,,ProPotential: Is a fan of the Saints,,,,,,#N/A,,Liam Boyce-Alaska-2060
1778,Ben Hickman,S,18,16,35,0.926,0.174,0.205,0.883,0.775,0.556,0.588,0.137,0.536,Maryland,,,Location: Wants to attend a flagship university,,,,,,#N/A,,Ben Hickman-Maryland-2060
1779,Matt Merritt,K,18,25,43,0.842,0.927,0.547,0.050,0.648,0.601,0.079,0.902,0.991,California,,,Tradition: Wants to play in front of lots of fans,,,,,,#N/A,,Matt Merritt-California-2060
1780,Travis Johnson,DL,18,17,39,0.068,0.967,0.585,0.194,0.957,0.933,0.267,0.258,0.332,California,,,,,,,,,#N/A,,Travis Johnson-California-2060
1781,A.J. Edwards,LB,18,16,35,0.454,0.143,0.718,0.738,0.319,0.868,0.998,0.109,0.753,Ohio,,,Education: Wants to study abroad in Japan,,,,,,#N/A,,A.J. Edwards-Ohio-2060
1782,Marshall Hines,K,18,25,44,0.496,0.264,0.869,0.459,0.676,0.608,0.130,0.062,0.062,Ohio,,,,,,,,,#N/A,,Marshall Hines-Ohio-2060
1783,Drew Smith,K,18,25,44,0.022,0.243,0.737,0.050,0.580,0.149,0.097,0.731,0.829,South Carolina,,,,,,,,,#N/A,,Drew Smith-South Carolina-2060
1784,Zack Nicks,DL,18,17,39,0.658,0.813,0.761,0.527,0.024,0.767,0.064,0.560,0.091,Iowa,,,,,,,,,#N/A,,Zack Nicks-Iowa-2060
1785,David McCallum,TE,18,15,29,0.873,0.531,0.756,0.676,0.353,0.045,0.933,0.154,0.562,Ohio,,,Education: Wants to major in business,,,,,,#N/A,,David McCallum-Ohio-2060
1786,Matt Morgan,LB,18,16,32,0.448,0.993,0.445,0.070,0.404,0.345,0.163,0.262,0.323,California,,,,,,,,,#N/A,,Matt Morgan-California-2060
1787,Chance Middleton,P,18,25,41,0.601,0.807,0.426,0.333,0.502,0.991,0.402,0.254,0.146,Maryland,,,,,,,,,#N/A,,Chance Middleton-Maryland-2060
1788,Curtis Talbert,P,18,25,41,0.562,0.848,0.439,0.434,0.801,0.540,0.792,0.189,0.735,Arizona,,,,,,,,,#N/A,,Curtis Talbert-Arizona-2060
1789,Marquel Carter,QB,18,18,42,0.332,0.545,0.589,0.746,0.999,0.652,0.979,0.176,0.852,Florida,,,"ProPotential: Would like to be drafted in the top four rounds, if possible.",,,,,,#N/A,,Marquel Carter-Florida-2060
1790,Michael Johnson,QB,18,18,38,0.842,0.264,0.072,0.262,0.481,0.152,0.171,0.109,0.071,Maryland,,,,,,,,,#N/A,,Michael Johnson-Maryland-2060
1791,James Miller,WR,18,18,37,0.044,0.807,0.974,0.549,0.816,0.440,0.914,0.188,0.703,Mississippi,,,Playing Time: Would prefer to go somewhere he can start every season.,,,,,,#N/A,,James Miller-Mississippi-2060
1792,Tony Garrett,P,18,25,42,0.752,0.319,0.889,0.056,0.228,0.787,0.531,0.449,0.610,Florida,,,,,,,,,#N/A,,Tony Garrett-Florida-2060
1793,Ricky Young,P,18,25,41,0.285,0.519,0.106,0.122,0.680,0.745,0.750,0.544,0.517,Michigan,Indiana,,,,,,,,#N/A,,Ricky Young-Michigan-2060
1794,Sonny Gallagher,TE,18,15,28,0.618,0.092,0.442,0.693,0.563,0.483,0.540,0.785,0.852,Mississippi,Penn State,,,,,,,,#N/A,,Sonny Gallagher-Mississippi-2060
1795,Wes Barmore,TE,18,15,31,0.445,0.549,0.511,0.918,0.495,0.728,0.153,0.358,0.013,Michigan,,,Coach: Wants to be assured that his coach won't cut him.,,,,,,#N/A,,Wes Barmore-Michigan-2060
1796,Joe Williams,P,18,25,45,0.951,0.092,0.506,0.857,0.878,0.751,0.589,0.302,0.446,Virginia,,,Location: Wants to attend a flagship university,,,,,,#N/A,,Joe Williams-Virginia-2060
1797,David Robinson,P,18,25,44,0.910,0.631,0.106,0.626,0.642,0.568,0.483,0.860,0.773,Michigan,,,Location: Wants to play in a similar climate to his home state.,,,,,,#N/A,,David Robinson-Michigan-2060
1798,Kyle Scott,P,18,25,43,0.440,0.360,0.748,0.912,0.106,0.586,0.018,0.252,0.527,Ohio,,,Coach: Wants to play for the same coach his entire career.,,,,,,#N/A,,Kyle Scott-Ohio-2060
1799,Eric Demps,WR,18,18,36,0.278,0.221,0.555,0.471,0.797,0.419,0.909,0.313,0.215,Tennessee,,,Education: Wants to major in geology,,,,,,#N/A,,Eric Demps-Tennessee-2060
1800,Terrance Bennett,S,18,16,37,0.271,0.989,0.094,0.138,0.050,0.356,0.193,0.543,0.999,South Carolina,,,Tradition: Wants to hear about your school's past star players,,,,,,#N/A,,Terrance Bennett-South Carolina-2060
1801,Brayden Wood,CB,18,19,39,0.599,0.746,0.846,0.005,0.368,0.241,0.475,0.178,0.458,Virginia,,,,,,,,,#N/A,,Brayden Wood-Virginia-2060
1802,Joe Scott,CB,18,19,35,0.858,0.644,0.429,0.570,0.251,0.834,0.665,0.837,0.246,Louisiana,Southern Methodist,,,,,,,,#N/A,,Joe Scott-Louisiana-2060
1803,Tre Hollowell,CB,18,19,38,0.274,0.432,0.715,0.762,0.963,0.941,0.563,0.895,0.402,California,,,ProPotential: Wants to play for a coach who has produced a lot of pros at his position.,,,,,,#N/A,,Tre Hollowell-California-2060
1804,Ricky Walker,CB,18,19,39,0.939,0.107,0.766,0.120,0.680,0.115,0.412,0.236,0.146,Massachusetts,,,Location: Doesn't want to go outside his home region.,,,,,,#N/A,,Ricky Walker-Massachusetts-2060
1805,Chris Knight,CB,18,19,39,0.996,0.651,0.755,0.299,0.573,0.031,0.371,0.030,0.827,Washington D.C.,,,Location: Doesn't want to go outside his home region.,,,,,,#N/A,,Chris Knight-Washington D.C.-2060
1806,Greg Lattin,WR,18,18,37,0.105,0.121,0.483,0.862,0.194,0.205,0.361,0.997,0.574,Pennsylvania,,,Campus: Would prefer to attend a school with a larger student body population,,,,,,#N/A,,Greg Lattin-Pennsylvania-2060
1807,Steven Dean,K,18,24,44,0.502,0.728,0.464,0.988,0.605,0.194,0.663,0.395,0.495,New York,,,Coach: Wants to be assured that his coach won't cut him.,,,,,,#N/A,,Steven Dean-New York-2060
1808,Kofi Sowards,CB,18,19,39,0.042,0.035,0.778,0.623,0.938,0.125,0.230,0.129,0.338,California,Georgia State,,ProPotential: Would prefer to be redshirted if not a projected draft pick.,,,,,,#N/A,,Kofi Sowards-California-2060
1809,Daren Stone,CB,18,19,39,0.102,0.990,0.611,0.042,0.838,0.798,0.375,0.467,0.674,Maryland,,,,,,,,,#N/A,,Daren Stone-Maryland-2060
1810,Kelvin Bachman,CB,18,19,36,0.230,0.022,0.816,0.380,0.488,0.986,1.000,0.869,0.531,California,,,Education: Wants to major in business,,,,,,#N/A,,Kelvin Bachman-California-2060
1811,Aaron Butler,RB,18,17,33,0.094,0.903,0.479,0.913,0.407,0.684,0.957,0.649,0.250,Texas,,,Education: Wants to study abroad in Portugal,,,,,,#N/A,,Aaron Butler-Texas-2060
1812,Charles Henry,OL,18,16,33,0.060,0.770,0.574,0.835,0.609,0.720,0.502,0.378,0.841,North Carolina,,,,,,,,,#N/A,,Charles Henry-North Carolina-2060
1813,Sam King,CB,18,19,38,0.413,0.817,0.873,0.260,0.449,0.238,0.475,0.370,0.276,Massachusetts,,,,,,,,,#N/A,,Sam King-Massachusetts-2060
1814,Richard McMillan,CB,18,19,36,0.888,0.638,0.484,0.527,0.234,0.432,0.250,0.689,0.636,Georgia,Nebraska,,,,,,,,#N/A,,Richard McMillan-Georgia-2060
1815,Calvin Witt,K,18,24,40,0.896,0.880,0.566,0.197,0.215,0.395,0.722,0.050,0.072,Washington,,,,,,,,,#N/A,,Calvin Witt-Washington-2060
1816,Edwin Moore,K,18,24,42,0.643,0.517,0.474,0.299,0.386,0.370,0.543,0.586,0.578,Louisiana,,,,,,,,,#N/A,,Edwin Moore-Louisiana-2060
1817,Bron Lindsey,OL,18,16,35,0.595,0.178,0.792,0.718,0.676,0.295,0.266,0.627,0.378,Missouri,,,,,,,,,#N/A,,Bron Lindsey-Missouri-2060
1818,Willie Rich,CB,18,19,36,0.051,0.402,0.963,0.044,0.859,0.702,0.328,0.246,0.647,Georgia,,,Playing Time: Would prefer to go somewhere he can start every season.,,,,,,#N/A,,Willie Rich-Georgia-2060
1819,Javon Miller,CB,18,19,37,0.746,0.095,0.782,0.722,0.613,0.640,0.894,0.763,0.876,Wyoming,,,,,,,,,#N/A,,Javon Miller-Wyoming-2060
1820,Darwin Hamilton,CB,18,19,36,0.522,0.512,0.976,0.810,0.935,0.915,0.430,0.857,0.476,South Carolina,,,Playing Time: Would prefer to play for a G5 school if it means being of greater significance to the team.,,,,,,#N/A,,Darwin Hamilton-South Carolina-2060
1821,Jorge Porter,CB,18,19,35,0.715,0.311,0.390,0.609,0.316,0.704,0.058,0.367,0.117,Michigan,,,,,,,,,#N/A,,Jorge Porter-Michigan-2060
1822,Javon Bell,P,18,24,41,0.088,0.145,0.523,0.263,0.251,0.073,0.587,0.125,0.596,Wisconsin,,,,,,,,,#N/A,,Javon Bell-Wisconsin-2060
1823,Alex Sobol,P,18,24,42,0.995,0.849,0.954,0.323,0.570,0.509,0.195,0.560,0.355,New Jersey,,,Location: Wants to play in a similar climate to his home state.,,,,,,#N/A,,Alex Sobol-New Jersey-2060
1824,Terry Durham,K,18,24,40,0.641,0.437,0.362,0.558,0.205,0.315,0.732,0.283,0.165,Tennessee,,,,,,,,,#N/A,,Terry Durham-Tennessee-2060
1825,Frank Lane,K,18,24,42,0.633,0.067,0.379,0.966,0.992,0.952,0.486,0.342,0.606,Illinois,,,"ProPotential: Would like to be drafted in the top four rounds, if possible.",,,,,,#N/A,,Frank Lane-Illinois-2060
1826,Jack Crofoot,K,18,24,41,0.176,0.230,0.612,0.163,0.330,0.140,0.835,0.587,0.870,Louisiana,,,,,,,,,#N/A,,Jack Crofoot-Louisiana-2060
1827,Noah Mumford,RB,18,17,30,0.369,0.830,0.425,0.857,0.828,0.081,0.179,0.605,0.677,Iowa,,,,,,,,,#N/A,,Noah Mumford-Iowa-2060
1828,Tremayne Marsh,RB,18,17,33,0.630,0.018,0.374,0.524,0.760,0.642,0.242,0.063,0.531,Texas,,,,,,,,,#N/A,,Tremayne Marsh-Texas-2060
1829,Austin Bethea,LB,18,15,30,0.759,0.953,0.630,0.357,0.436,0.080,0.012,0.722,0.609,Oklahoma,,,Winning: Wants to experience at least one season with double-digit wins.,,,,,,#N/A,,Austin Bethea-Oklahoma-2060
1830,Logan McClellan,QB,18,17,40,0.730,0.912,0.689,0.403,0.755,0.426,0.218,0.610,0.561,Virginia,,,,,,,,,#N/A,,Logan McClellan-Virginia-2060
1831,Jon McMillan,OL,18,16,35,0.240,0.066,0.540,0.913,0.277,0.511,0.889,0.213,0.801,Arkansas,,,Coach: Wants to play for a coach who is known to keep promises.,,,,,,#N/A,,Jon McMillan-Arkansas-2060
1832,Phillip Ennis,P,18,24,40,0.499,0.902,0.055,0.831,0.070,0.189,0.484,0.215,0.114,Mississippi,,,Winning: Doesn't want to experience a losing season during his career.,,,,,,#N/A,,Phillip Ennis-Mississippi-2060
1833,Alex Glover,LB,18,15,29,0.017,0.728,0.851,0.094,0.646,0.659,0.309,0.014,0.652,New Mexico,,,,,,,,,#N/A,,Alex Glover-New Mexico-2060
1834,Peter Kramer,LB,18,15,29,0.631,0.909,0.314,0.075,0.364,0.581,0.177,0.793,0.046,Texas,,,,,,,,,#N/A,,Peter Kramer-Texas-2060
1835,Jonathan Whitehead,P,18,24,40,0.915,0.889,0.069,0.584,0.677,0.245,0.603,0.062,0.316,California,,,"Location: Has family in South Dakota, and wants them to see one of his games.",,,,,,#N/A,,Jonathan Whitehead-California-2060
1836,Colton Reed,P,18,24,44,0.000,0.979,0.436,0.460,0.578,0.208,0.199,0.685,0.590,Alabama,,,,,,,,,#N/A,,Colton Reed-Alabama-2060
1837,Shawn Dawe,P,18,24,43,0.505,0.865,0.718,0.016,0.633,0.951,0.746,0.569,0.671,Louisiana,,,,,,,,,#N/A,,Shawn Dawe-Louisiana-2060
1838,Tim Molina,P,18,24,44,0.323,0.898,0.399,0.034,0.096,0.146,0.473,0.504,0.742,Florida,Georgetown,,,,,,,,#N/A,,Tim Molina-Florida-2060
1839,Andre Long,P,18,24,44,0.597,0.123,0.489,0.629,0.739,0.080,0.950,0.598,0.960,North Carolina,,,Tradition: Wants to hear about your school's past star players,,,,,,#N/A,,Andre Long-North Carolina-2060
1840,Clifford Jones,QB,18,17,39,0.469,0.891,0.680,0.543,0.063,0.969,0.782,0.507,0.614,Florida,,,Prestige: Wants to win a conference championship,,,,,,#N/A,,Clifford Jones-Florida-2060
1841,Lorne Johnson,QB,18,17,36,0.063,0.292,0.819,0.126,0.214,0.747,0.855,0.127,0.272,Vermont,,,,,,,,,#N/A,,Lorne Johnson-Vermont-2060
1842,Isaac Vickers,DL,18,16,37,0.494,0.354,0.464,0.337,0.623,0.691,0.512,0.953,0.325,Kentucky,,,Campus: Wants to go to college in a smaller town,,,,,,#N/A,,Isaac Vickers-Kentucky-2060
1843,Jarad Gregory,K,18,23,40,0.278,0.574,0.806,0.039,0.771,0.526,0.563,0.399,0.732,Alabama,,,,,,,,,#N/A,,Jarad Gregory-Alabama-2060
1844,Antonio Cornette,K,18,23,41,0.040,0.591,0.425,0.178,0.287,0.552,0.619,0.528,0.087,New Jersey,,,,,,,,,#N/A,,Antonio Cornette-New Jersey-2060
1845,Jake Davis,K,18,23,42,0.675,0.735,0.435,0.792,0.156,0.609,0.950,0.187,0.522,Texas,,,Education: Wants to study abroad in Italy,,,,,,#N/A,,Jake Davis-Texas-2060
1846,Will Cowgill,K,18,23,39,0.910,0.919,0.407,0.460,0.641,0.960,0.245,0.590,0.249,Illinois,,,Prestige: Would like to win as many bowl games as possible during his career,,,,,,#N/A,,Will Cowgill-Illinois-2060
1847,Devante Smith,K,18,23,41,0.907,0.083,0.410,0.495,0.780,0.934,0.291,0.091,0.840,Utah,,,Prestige: Would like to play in a bowl game every year,,,,,,#N/A,,Devante Smith-Utah-2060
1848,Miles Haines,K,18,23,43,0.094,0.467,0.553,0.589,0.167,0.009,0.600,0.170,0.544,Delaware,,,,,,,,,#N/A,,Miles Haines-Delaware-2060
1849,Jeremy Berry,K,18,23,42,0.377,0.695,0.345,0.967,0.818,0.305,0.813,0.527,0.174,Maryland,,,Coach: Would like to see the coach sign an extension during his time at the school,,,,,,#N/A,,Jeremy Berry-Maryland-2060
1850,Johnny Baldwin,K,18,23,41,0.189,0.281,0.775,0.721,0.786,0.558,0.720,0.566,0.269,Missouri,,,,,,,,,#N/A,,Johnny Baldwin-Missouri-2060
1851,Jimmy Brown,CB,18,18,36,0.866,0.869,0.238,0.463,0.188,0.154,0.920,0.988,0.535,New Hampshire,,,Campus: Wants to live in a major city,,,,,,#N/A,,Jimmy Brown-New Hampshire-2060
1852,Henry Evans,WR,18,17,34,0.429,0.734,0.343,0.260,0.733,0.336,0.649,0.606,0.716,Texas,,,,,,,,,#N/A,,Henry Evans-Texas-2060
1853,Montrell Hirsch,K,18,23,39,0.162,0.527,0.560,0.890,0.325,0.001,0.675,0.100,0.205,New Jersey,,,,,,,,,#N/A,,Montrell Hirsch-New Jersey-2060
1854,Greg Quinn,K,18,23,42,0.707,0.348,0.774,0.547,0.440,0.644,0.970,0.829,0.821,New York,,,Education: Wants to study abroad in Argentina,,,,,,#N/A,,Greg Quinn-New York-2060
1855,Chris Hanson,K,18,23,39,0.935,0.609,0.406,0.679,0.092,0.079,0.299,0.001,0.282,California,,,Location: Wants to play alongside other players from his home state,,,,,,#N/A,,Chris Hanson-California-2060
1856,Sam Copeland,K,18,23,42,0.155,0.480,0.961,0.587,0.960,0.975,0.986,0.726,0.461,Louisiana,Tennessee,,Education: Wants to study abroad in Canada,,,,,,#N/A,,Sam Copeland-Louisiana-2060
1857,Rodrick Mason,K,18,23,42,0.166,0.379,0.145,0.047,0.212,0.393,0.560,0.637,0.536,California,,,,,,,,,#N/A,,Rodrick Mason-California-2060
1858,Josiah Nicola,K,18,23,43,0.605,0.377,0.296,0.015,0.282,0.001,0.285,0.776,0.526,California,,,,,,,,,#N/A,,Josiah Nicola-California-2060
1859,Ralph Stupar,K,18,23,41,0.664,0.713,0.342,0.626,0.276,0.265,0.740,0.547,0.592,North Carolina,,,,,,,,,#N/A,,Ralph Stupar-North Carolina-2060
1860,Nick Williams,K,18,23,43,0.553,0.038,0.565,0.497,0.159,0.412,0.956,0.277,0.230,Texas,,,Education: Wants to major in sports science,,,,,,#N/A,,Nick Williams-Texas-2060
1861,Jaylin Strong,LB,18,15,33,0.294,0.737,0.037,0.724,0.457,0.346,0.432,0.735,0.860,Nevada,,,,,,,,,#N/A,,Jaylin Strong-Nevada-2060
1862,J.D. Hinck,K,18,23,40,0.862,0.585,0.026,0.384,0.277,0.870,0.087,0.310,0.789,Washington,,,,,,,,,#N/A,,J.D. Hinck-Washington-2060
1863,David Grasso,K,18,23,43,0.287,0.584,0.368,0.170,0.068,0.992,0.575,0.093,0.283,Georgia,,,Prestige: Would like to win as many bowl games as possible during his career,,,,,,#N/A,,David Grasso-Georgia-2060
1864,Steven Finau,K,18,23,43,0.154,0.094,0.868,0.413,0.962,0.807,0.703,0.595,0.933,Alabama,,,ProPotential: Would prefer to be redshirted if not a projected draft pick.,,,,,,#N/A,,Steven Finau-Alabama-2060
1865,Phillip Friend,K,18,23,39,0.313,0.186,0.110,0.363,0.736,0.733,0.466,0.903,0.571,Ohio,,,Campus: Wants to get involved in student organizations,,,,,,#N/A,,Phillip Friend-Ohio-2060
1866,Tray Davis,K,18,23,42,0.693,0.698,0.330,0.212,0.960,0.926,0.550,0.555,0.464,Alabama,,,ProPotential: Wants to play for a school that has produced a lot of pros at his position.,,,,,,#N/A,,Tray Davis-Alabama-2060
1867,Dylan Schreiner,WR,18,17,37,0.118,0.180,0.616,0.909,0.461,0.521,0.788,0.702,0.893,Georgia,,,Coach: Wants to play for a coach with a personal connection to their school,,,,,,#N/A,,Dylan Schreiner-Georgia-2060
1868,Zach Borchardt,K,18,23,40,0.135,0.262,0.861,0.960,0.136,0.494,0.662,0.416,0.576,Ohio,,,Coach: Wants to play for the same coach his entire career.,,,,,,#N/A,,Zach Borchardt-Ohio-2060
1869,J.J. Brunner,K,18,23,39,0.356,0.539,0.527,0.074,0.825,0.130,0.229,0.030,0.884,California,,,,,,,,,#N/A,,J.J. Brunner-California-2060
1870,Jermaine Warren,K,18,23,43,0.125,0.811,0.965,0.952,0.279,0.808,0.839,0.465,0.795,Maryland,,,Playing Time: Wants the chance to win a national award,,,,,,#N/A,,Jermaine Warren-Maryland-2060
1871,J.J. Johnson,K,18,23,42,0.648,0.113,0.162,0.950,0.829,0.033,0.714,0.470,0.470,Texas,,,Coach: Would like to see the coach sign an extension during his time at the school,,,,,,#N/A,,J.J. Johnson-Texas-2060
1872,Jake Ross,K,18,23,42,0.700,0.697,0.551,0.769,0.359,0.614,0.829,0.367,0.309,Georgia,,,,,,,,,#N/A,,Jake Ross-Georgia-2060
1873,Kendrick Thomas,K,18,23,41,0.746,0.908,0.839,0.066,0.028,0.748,0.471,0.994,0.378,Texas,,,Campus: Would prefer to attend a school with a dry climate,,,,,,#N/A,,Kendrick Thomas-Texas-2060
1874,Anthony Simon,K,18,23,39,0.457,0.964,0.827,0.903,0.981,0.712,0.337,0.036,0.423,Kentucky,,,ProPotential: Is a fan of the Packers,,,,,,#N/A,,Anthony Simon-Kentucky-2060
1875,Art Lewis,K,18,23,40,0.405,0.604,0.254,0.765,0.017,0.700,0.905,0.985,0.984,Tennessee,,,Campus: Would prefer to attend a school with a cold climate,,,,,,#N/A,,Art Lewis-Tennessee-2060
1876,Landon Evans,K,18,23,41,0.514,0.680,0.972,0.819,0.831,0.095,0.031,0.870,0.629,Missouri,,,Playing Time: Does not want to have to compete with higher-ranked recruits.,,,,,,#N/A,,Landon Evans-Missouri-2060
1877,Jacoby Rivas,P,18,23,41,0.986,0.418,0.149,0.469,0.656,0.452,0.768,0.685,0.353,Tennessee,,,Location: Wants to play alongside other players from his home state,,,,,,#N/A,,Jacoby Rivas-Tennessee-2060
1878,Tory Brito,P,18,23,40,0.448,0.776,0.875,0.748,0.484,0.617,0.509,0.875,0.056,Florida,,,,,,,,,#N/A,,Tory Brito-Florida-2060
1879,Troyce Streeter,P,18,23,39,0.034,0.088,0.550,0.491,0.519,0.622,0.377,0.034,0.150,Ohio,,,,,,,,,#N/A,,Troyce Streeter-Ohio-2060
1880,Jean Kargbo,P,18,23,39,0.377,0.003,0.463,0.792,0.095,0.726,0.981,0.329,0.264,West Virginia,,,Education: Wants to study abroad in Senegal,,,,,,#N/A,,Jean Kargbo-West Virginia-2060
1881,Tre Sims,K,18,23,42,0.831,0.217,0.115,0.020,0.625,0.034,0.249,0.560,0.593,Texas,,,,,,,,,#N/A,,Tre Sims-Texas-2060
1882,Jamal Hamilton,K,18,23,39,0.502,0.594,0.129,0.927,0.482,0.896,0.134,0.421,0.506,Maryland,,,Coach: Wants to hear about the coach's passion for their school,,,,,,#N/A,,Jamal Hamilton-Maryland-2060
1883,Mark Stevens,K,18,23,42,0.897,0.928,0.365,0.541,0.968,0.902,0.651,0.624,0.563,Texas,,,ProPotential: Wants to play for a school that has produced a lot of pros at his position.,,,,,,#N/A,,Mark Stevens-Texas-2060
1884,Jack Ealey,K,18,23,41,0.317,0.427,0.148,0.050,0.713,0.042,0.706,0.723,0.959,Pennsylvania,,,Tradition: Wants to play in front of lots of fans,,,,,,#N/A,,Jack Ealey-Pennsylvania-2060
1885,Lee Colburn,K,18,23,43,0.322,0.147,0.503,0.324,0.422,0.955,0.211,0.926,0.342,New Jersey,,,,,,,,,#N/A,,Lee Colburn-New Jersey-2060
1886,Ahmad Johnson,K,18,23,39,0.828,0.623,0.069,0.552,0.037,0.191,0.438,0.211,0.221,Michigan,,,,,,,,,#N/A,,Ahmad Johnson-Michigan-2060
1887,Will Townsend,P,18,23,40,0.992,0.707,0.014,0.697,0.185,0.957,0.158,0.990,0.641,Washington D.C.,,,Location: Wants to play as many games in his home state as possible.,,,,,,#N/A,,Will Townsend-Washington D.C.-2060
1888,Gordon Mallett,P,18,23,39,0.949,0.431,0.864,0.953,0.525,0.329,0.074,0.891,0.728,Michigan,,,Coach: Wants to be assured that his coach won't cut him.,,,,,,#N/A,,Gordon Mallett-Michigan-2060
1889,Travis Claitt,P,18,23,40,0.810,0.956,0.538,0.976,0.820,0.608,0.511,0.565,0.588,Connecticut,,,Coach: Wants to hear about the coach's passion for their school,,,,,,#N/A,,Travis Claitt-Connecticut-2060
1890,Chris Bates,P,18,23,41,0.538,0.636,0.139,0.614,0.779,0.645,0.344,0.176,0.062,Florida,,,,,,,,,#N/A,,Chris Bates-Florida-2060
1891,Thomas Kelly,P,18,23,41,0.894,0.817,0.484,0.871,0.582,0.290,0.839,0.700,0.031,Florida,,,,,,,,,#N/A,,Thomas Kelly-Florida-2060
1892,Nathaniel Miranda,P,18,23,41,0.479,0.983,0.308,0.409,0.036,0.148,0.525,0.105,0.380,Virginia,,,Winning: Doesn't want to experience a losing season during his career.,,,,,,#N/A,,Nathaniel Miranda-Virginia-2060
1893,Adam Green,OL,18,15,31,0.039,0.192,0.261,0.636,0.929,0.799,0.231,0.979,0.002,Illinois,,,Campus: Wants to know food options near campus,,,,,,#N/A,,Adam Green-Illinois-2060
1894,C.J. Bryan,P,18,23,41,0.898,0.010,0.021,0.779,0.914,0.807,0.419,0.156,0.084,Louisiana,,,ProPotential: Is a fan of the Rams,,,,,,#N/A,,C.J. Bryan-Louisiana-2060
1895,Steven Quick,P,18,23,39,0.946,0.625,0.829,0.626,0.805,0.317,0.007,0.126,0.820,Maryland,,,Location: Wants to play in a similar climate to his home state.,,,,,,#N/A,,Steven Quick-Maryland-2060
1896,Jerron Little,P,18,23,40,0.007,0.060,0.993,0.756,0.133,0.365,0.772,0.786,0.046,Florida,,,Playing Time: Wants to be the starter by his junior year at the latest.,,,,,,#N/A,,Jerron Little-Florida-2060
1897,Austin Smith,P,18,23,39,0.529,0.001,0.729,0.285,0.416,0.539,0.283,0.486,0.227,New Jersey,,,,,,,,,#N/A,,Austin Smith-New Jersey-2060
1898,Brian Bertrand,P,18,23,43,0.515,0.951,0.279,0.166,0.154,0.790,0.295,0.432,0.269,"Quebec, Canada",,,,,,,,,#N/A,,"Brian Bertrand-Quebec, Canada-2060"
1899,Dakota Strimple,P,18,23,41,0.945,0.316,0.873,0.121,0.135,0.530,0.841,0.542,0.082,North Dakota,,,Location: Wants to attend a flagship university,,,,,,#N/A,,Dakota Strimple-North Dakota-2060
1900,Barrett Mills,P,18,23,43,0.840,0.241,0.743,0.286,0.711,0.846,0.215,0.555,0.240,South Carolina,,,,,,,,,#N/A,,Barrett Mills-South Carolina-2060
1901,Alex Reed,P,18,23,39,0.647,0.898,0.914,0.252,0.950,0.414,0.277,0.634,0.557,Kentucky,,,ProPotential: Is a fan of the Rams,,,,,,#N/A,,Alex Reed-Kentucky-2060
1902,Clarence McNeal,P,18,23,43,0.068,0.026,0.543,0.101,0.343,0.538,0.330,0.349,0.705,North Carolina,,,,,,,,,#N/A,,Clarence McNeal-North Carolina-2060
1903,Chris Stewart,P,18,23,39,0.123,0.629,0.039,0.588,0.278,0.235,0.199,0.844,0.078,Massachusetts,,,,,,,,,#N/A,,Chris Stewart-Massachusetts-2060
1904,Charles Conrad,P,18,23,42,0.385,0.732,0.825,0.982,0.010,0.664,0.040,0.158,0.456,Hawaii,,,Coach: Wants to play for a successful coach.,,,,,,#N/A,,Charles Conrad-Hawaii-2060
1905,Dan Smith,P,18,23,43,0.960,0.175,0.822,0.301,0.250,0.813,0.210,0.920,0.428,Georgia,,,"Location: Has family in Alabama, and wants them to see one of his games.",,,,,,#N/A,,Dan Smith-Georgia-2060
1906,Perry Potts,P,18,23,42,0.282,0.297,0.822,0.014,0.512,0.406,0.001,0.804,0.488,Maryland,,,,,,,,,#N/A,,Perry Potts-Maryland-2060
1907,Todd Trujillo,P,18,23,39,0.306,0.089,0.384,0.610,0.901,0.324,0.788,0.440,0.637,Mississippi,,,ProPotential: Is a fan of the Chargers,,,,,,#N/A,,Todd Trujillo-Mississippi-2060
1908,Andrew Clark,P,18,23,40,0.794,0.855,0.495,0.347,0.393,0.849,0.470,0.190,0.680,Georgia,,,,,,,,,#N/A,,Andrew Clark-Georgia-2060
1909,Elliot Gillespie,P,18,23,43,0.679,0.065,0.485,0.009,0.422,0.990,0.251,0.586,0.561,South Carolina,,,,,,,,,#N/A,,Elliot Gillespie-South Carolina-2060
1910,Bingo Taylor,P,18,23,39,0.258,0.652,0.742,0.297,0.329,0.567,0.075,0.676,0.716,South Carolina,,,,,,,,,#N/A,,Bingo Taylor-South Carolina-2060
1911,Jason Wingate,QB,18,16,36,0.759,0.013,0.199,0.473,0.450,0.070,0.116,0.145,0.126,California,,,,,,,,,#N/A,,Jason Wingate-California-2060
1912,Marcellous Henry,RB,18,16,28,0.971,0.127,0.693,0.493,0.087,0.477,0.466,0.945,0.243,Texas,,,Location: Wants to play as many games in his home state as possible.,,,,,,#N/A,,Marcellous Henry-Texas-2060
1913,Justin Kelley,K,18,22,38,0.280,0.934,0.160,0.892,0.617,0.513,0.209,0.373,0.037,Virginia,,,,,,,,,#N/A,,Justin Kelley-Virginia-2060
1914,Drew Borg,K,18,22,40,0.946,0.178,0.455,0.197,0.434,0.202,0.890,0.055,0.283,Wisconsin,,,"Location: Has family in Washington D.C., and wants them to see one of his games.",,,,,,#N/A,,Drew Borg-Wisconsin-2060
1915,Clayton Washington,K,18,22,41,0.373,0.528,0.866,0.570,0.541,0.720,0.061,0.036,0.690,Texas,,,,,,,,,#N/A,,Clayton Washington-Texas-2060
1916,Anthony Robinson,K,18,22,40,0.712,0.799,0.855,0.059,0.907,0.168,0.235,0.196,0.335,California,,,ProPotential: Wants to play for a school that has produced a lot of pros at his position.,,,,,,#N/A,,Anthony Robinson-California-2060
1917,Evan Mueller,K,18,22,40,0.656,0.742,0.273,0.279,0.445,0.942,0.029,0.435,0.074,Georgia,,,,,,,,,#N/A,,Evan Mueller-Georgia-2060
1918,Brad Glaser,K,18,22,40,0.479,0.786,0.715,0.501,0.937,0.779,0.213,0.486,0.852,Kentucky,,,ProPotential: Wants to play for a school that has produced a lot of pros at his position.,,,,,,#N/A,,Brad Glaser-Kentucky-2060
1919,Alex Webb,K,18,22,41,0.523,0.057,0.013,0.409,0.488,0.765,0.344,0.072,0.345,Arkansas,,,,,,,,,#N/A,,Alex Webb-Arkansas-2060
1920,Jeremy Cook,K,18,22,37,0.735,0.862,0.318,0.840,0.328,0.856,0.254,0.153,0.169,Arizona,,,,,,,,,#N/A,,Jeremy Cook-Arizona-2060
1921,Michael Carlson,P,18,22,41,0.500,0.801,0.416,0.706,0.971,0.679,0.041,0.279,0.768,Vermont,,,ProPotential: Would prefer to be redshirted if not a projected draft pick.,,,,,,#N/A,,Michael Carlson-Vermont-2060
1922,Dennis Simard,P,18,22,42,0.337,0.601,0.171,0.101,0.429,0.227,0.972,0.303,0.280,"Quebec, Canada",,,Education: Wants to major in linguistics,,,,,,#N/A,,"Dennis Simard-Quebec, Canada-2060"
1923,Anwar Green,P,18,22,40,0.147,0.267,0.383,0.076,0.346,0.082,0.676,0.982,0.898,Texas,,,Campus: Wants the campus to be near forests,,,,,,#N/A,,Anwar Green-Texas-2060
1924,Tim McNair,P,18,22,39,0.105,0.344,0.617,0.508,0.334,0.039,0.201,0.372,0.195,Georgia,,,,,,,,,#N/A,,Tim McNair-Georgia-2060
1925,Joe Gipson,P,18,22,38,0.945,0.346,0.942,0.691,0.591,0.812,0.531,0.534,0.621,Colorado,,,Location: Wants to play as close to his home state as possible.,,,,,,#N/A,,Joe Gipson-Colorado-2060
1926,Donnell Hobby,P,18,22,38,0.839,0.071,0.213,0.306,0.257,0.264,0.853,0.524,0.990,Kentucky,,,Tradition: Wants to play on primetime TV,,,,,,#N/A,,Donnell Hobby-Kentucky-2060
1927,Elmer Bowman,P,18,22,41,0.345,0.261,0.261,0.081,0.163,0.834,0.829,0.300,0.611,Texas,,,,,,,,,#N/A,,Elmer Bowman-Texas-2060
1928,Matt Sullen,P,18,22,39,0.085,0.943,0.017,0.183,0.370,0.586,0.045,0.931,0.011,California,,,,,,,,,#N/A,,Matt Sullen-California-2060
1929,Patrick Williams,P,18,22,42,0.899,0.766,0.546,0.120,0.537,0.434,0.606,0.515,0.217,Kansas,,,,,,,,,#N/A,,Patrick Williams-Kansas-2060
1930,Dwayne Christensen,K,18,22,39,0.227,0.101,0.823,0.098,0.392,0.635,0.171,0.712,0.269,Texas,,,,,,,,,#N/A,,Dwayne Christensen-Texas-2060
1931,Charles Murray,K,18,22,39,0.039,0.871,0.747,0.422,0.027,0.903,0.467,0.719,0.950,Arizona,Western Michigan,,Tradition: Wants to hear about your school's unique traditions,,,,,,#N/A,,Charles Murray-Arizona-2060
1932,Keshawn Ealey,K,18,22,41,0.763,0.874,0.010,0.117,0.377,0.579,0.814,0.751,0.602,Louisiana,,,,,,,,,#N/A,,Keshawn Ealey-Louisiana-2060
1933,Derrick Andrews,LB,18,14,32,0.899,0.462,0.526,0.090,0.288,0.335,0.268,0.075,0.067,Vermont,,,,,,,,,#N/A,,Derrick Andrews-Vermont-2060
1934,Matt Simone,LB,18,14,28,0.718,0.030,0.747,0.412,0.198,0.602,0.659,0.674,0.226,Kansas,,,,,,,,,#N/A,,Matt Simone-Kansas-2060
1935,Chris Oliphant,P,18,22,39,0.098,0.267,0.625,0.336,0.874,0.849,0.105,0.872,0.808,Alabama,,,,,,,,,#N/A,,Chris Oliphant-Alabama-2060
1936,Robby Craig,P,18,22,42,0.900,0.131,0.143,0.282,0.320,0.587,0.993,0.550,0.323,Texas,,,Education: Wants to study abroad in Japan,,,,,,#N/A,,Robby Craig-Texas-2060
1937,Gus Ward,P,18,22,39,0.779,0.121,0.301,0.020,0.705,0.233,0.045,0.974,0.193,"Alberta, Canada",Bowling Green,,Campus: Wants to live in a major city,,,,,,#N/A,,"Gus Ward-Alberta, Canada-2060"
1938,Chaz Anglin,P,18,22,40,0.232,0.682,0.962,0.927,0.587,0.526,0.792,0.855,0.210,South Carolina,,,Playing Time: Wants to be the starter by his junior year at the latest.,,,,,,#N/A,,Chaz Anglin-South Carolina-2060
1939,Jason Simon,P,18,22,42,0.598,0.766,0.114,0.652,0.977,0.864,0.178,0.471,0.064,Colorado,,,ProPotential: Is a fan of the Browns,,,,,,#N/A,,Jason Simon-Colorado-2060
1940,Darius McCauley,P,18,22,40,0.322,0.252,0.457,0.149,0.843,0.246,0.320,0.546,0.613,Louisiana,,,,,,,,,#N/A,,Darius McCauley-Louisiana-2060
1941,Elijah Bentley,K,18,21,37,0.909,0.907,0.171,0.992,0.260,0.640,0.567,0.075,0.786,Hawaii,,,Coach: Wants to play for a successful coach.,,,,,,#N/A,,Elijah Bentley-Hawaii-2060
1942,Matt Bellamy,K,18,21,39,0.174,0.280,0.860,0.749,0.527,0.070,0.087,0.808,0.790,Ohio,Boise State,,,,,,,,#N/A,,Matt Bellamy-Ohio-2060
1943,Mathew Jones,K,18,21,37,0.823,0.602,0.304,0.891,0.460,0.977,0.852,0.288,0.439,New Jersey,,,Prestige: Wants to help increase a team's prestige,,,,,,#N/A,,Mathew Jones-New Jersey-2060
1944,Jalen Lemar,K,18,21,38,0.825,0.039,0.029,0.554,0.694,0.003,0.737,0.689,0.759,Pennsylvania,,,,,,,,,#N/A,,Jalen Lemar-Pennsylvania-2060
1945,Dominic Baker,K,18,21,37,0.277,0.470,0.209,0.823,0.349,0.324,0.945,0.953,0.879,Florida,,,Campus: Would prefer to attend a school with a larger student body population,,,,,,#N/A,,Dominic Baker-Florida-2060
1946,Ernest Tate,K,18,21,38,0.542,0.540,0.781,0.872,0.662,0.107,0.345,0.194,0.054,Wisconsin,,,,,,,,,#N/A,,Ernest Tate-Wisconsin-2060
1947,Jalen Wright,K,18,21,40,0.965,0.663,0.652,0.231,0.221,0.787,0.849,0.798,0.156,Maryland,Ohio,,Location: Wants to play as many games in his home state as possible.,,,,,,#N/A,,Jalen Wright-Maryland-2060
1948,Kenny Townsend,K,18,21,40,0.010,0.667,0.590,0.134,0.335,0.408,0.649,0.919,0.179,Georgia,,,Campus: Wants to hear about sponsorship opportunities around campus,,,,,,#N/A,,Kenny Townsend-Georgia-2060
1949,Jeremi Reid,P,18,21,36,0.231,0.914,0.665,0.089,0.308,0.810,0.910,0.186,0.758,South Carolina,,,,,,,,,#N/A,,Jeremi Reid-South Carolina-2060
1950,Michael Branin,P,18,21,40,0.858,0.802,0.528,0.279,0.813,0.137,0.169,0.317,0.812,Indiana,,,,,,,,,#N/A,,Michael Branin-Indiana-2060
1951,Devin St. Clair,P,18,21,37,0.431,0.670,0.547,0.271,0.131,0.342,0.272,0.433,0.064,Alabama,,,,,,,,,#N/A,,Devin St. Clair-Alabama-2060
1952,Tanner Robinson,P,18,21,38,0.693,0.023,0.973,0.450,0.710,0.398,0.192,0.631,0.555,Alabama,,,Playing Time: Wants to be the starter by his junior year at the latest.,,,,,,#N/A,,Tanner Robinson-Alabama-2060
1953,Austin Traylor,K,18,21,38,0.250,0.863,0.237,0.406,0.424,0.774,0.235,0.411,0.581,Florida,,,,,,,,,#N/A,,Austin Traylor-Florida-2060
1954,Kenny Fletcher,K,18,21,38,0.901,0.710,0.286,0.046,0.497,0.684,0.205,0.368,0.537,Washington,,,"Location: Has family in Maine, and wants them to see one of his games.",,,,,,#N/A,,Kenny Fletcher-Washington-2060
1955,Fred Beadles,RB,18,15,28,0.128,0.028,0.530,0.073,0.464,0.411,0.133,0.321,0.514,Virginia,,,,,,,,,#N/A,,Fred Beadles-Virginia-2060
1956,Dominique Okafor,P,18,21,38,0.513,0.152,0.156,0.582,0.516,0.593,0.151,0.337,0.895,Florida,,,,,,,,,#N/A,,Dominique Okafor-Florida-2060
1957,Jeff Long,P,18,21,36,0.743,0.531,0.089,0.579,0.902,0.272,0.081,0.472,0.456,Maryland,,,ProPotential: Would prefer to be redshirted if not a projected draft pick.,,,,,,#N/A,,Jeff Long-Maryland-2060
1958,Gary Venable,P,18,21,38,0.970,0.544,0.926,0.919,0.184,0.885,0.471,0.142,0.248,New Hampshire,,,Location: Wants to attend a flagship university,,,,,,#N/A,,Gary Venable-New Hampshire-2060
1959,Stuart Woods,P,18,21,37,0.085,0.653,0.481,0.297,0.075,0.246,0.055,0.045,0.469,North Dakota,Buffalo,,,,,,,,#N/A,,Stuart Woods-North Dakota-2060
1960,George Fitzgerald,P,18,21,39,0.160,0.192,0.054,0.671,0.412,0.762,0.311,0.269,0.022,South Carolina,,,,,,,,,#N/A,,George Fitzgerald-South Carolina-2060
1961,Joe Plante,P,18,21,38,0.487,0.296,0.569,0.849,0.509,0.657,0.572,0.376,0.052,Georgia,,,,,,,,,#N/A,,Joe Plante-Georgia-2060
1962,Brian Blake,K,18,20,36,0.486,0.993,0.019,0.363,0.911,0.233,0.820,0.232,0.362,Florida,,,,,,,,,#N/A,,Brian Blake-Florida-2060
1963,Nate Baker,K,18,20,36,0.289,0.385,0.737,0.402,0.968,0.144,0.404,0.444,0.025,Texas,,,ProPotential: Is a fan of the Cowboys,,,,,,#N/A,,Nate Baker-Texas-2060
1964,Taye Turner,K,18,20,36,0.212,0.225,0.748,0.625,0.532,0.236,0.489,0.505,0.265,Illinois,,,,,,,,,#N/A,,Taye Turner-Illinois-2060
1965,Quinton Adolph,K,18,20,37,0.988,0.586,0.143,0.362,0.365,0.747,0.061,0.574,0.682,Connecticut,,,Location: Wants to play as close to his home state as possible.,,,,,,#N/A,,Quinton Adolph-Connecticut-2060
1966,L.A. Clanton,K,18,20,38,0.038,0.847,0.019,0.258,0.060,0.233,0.052,0.363,0.480,Rhode Island,,,,,,,,,#N/A,,L.A. Clanton-Rhode Island-2060
1967,Dominique Stutts,K,18,20,39,0.695,0.220,0.854,0.747,0.569,0.550,0.924,0.725,0.787,Virginia,,,Education: Wants to major in business,,,,,,#N/A,,Dominique Stutts-Virginia-2060
1968,Brent Pinson,K,18,20,35,0.898,0.097,0.813,0.949,0.353,0.266,0.237,0.045,0.150,Virginia,,,Coach: Wants to play for a successful coach.,,,,,,#N/A,,Brent Pinson-Virginia-2060
1969,Nick Ulmer,K,18,20,38,0.746,0.040,0.191,0.151,0.127,0.248,0.290,0.032,0.663,North Carolina,,,,,,,,,#N/A,,Nick Ulmer-North Carolina-2060
1970,Will Neal,K,18,20,35,0.604,0.818,0.955,0.003,0.525,0.554,0.449,0.825,0.423,Maryland,,,Playing Time: Wants to be the starter by his junior year at the latest.,,,,,,#N/A,,Will Neal-Maryland-2060
1971,Lene Teofilo,P,18,20,36,0.909,0.478,0.480,0.166,0.156,0.191,0.808,0.189,0.290,American Samoa,,,"Location: Has family in New Jersey, and wants them to see one of his games.",,,,,,#N/A,,Lene Teofilo-American Samoa-2060
1972,Larry Sheppard,P,18,20,35,0.244,0.326,0.504,0.456,0.436,0.990,0.210,0.152,0.717,Idaho,,,,,,,,,#N/A,,Larry Sheppard-Idaho-2060
1973,Trumaine Washington,P,18,20,37,0.138,0.808,0.974,0.379,0.642,0.714,0.862,0.921,0.695,Arkansas,,,Playing Time: Wants to be the starter by his junior year at the latest.,,,,,,#N/A,,Trumaine Washington-Arkansas-2060
1974,Thad Briggs,P,18,20,35,0.574,0.455,0.713,0.038,0.276,0.092,0.531,0.671,0.394,Pennsylvania,,,,,,,,,#N/A,,Thad Briggs-Pennsylvania-2060
1975,Steve Hairston,P,18,20,38,0.221,0.211,0.592,0.017,0.646,0.727,0.024,0.683,0.992,Alabama,,,Tradition: Wants to play in front of lots of fans,,,,,,#N/A,,Steve Hairston-Alabama-2060
1976,Mo Showers,K,18,20,35,0.959,0.913,0.076,0.434,0.798,0.959,0.495,0.193,0.653,Maryland,,,Location: Wants to play alongside other players from his home state,,,,,,#N/A,,Mo Showers-Maryland-2060
1977,Al Ricks,K,18,20,35,0.370,0.521,0.222,0.331,0.018,0.328,0.235,0.277,0.913,Ohio,,,Tradition: Wants to hear about your school's fan support,,,,,,#N/A,,Al Ricks-Ohio-2060
1978,Isaac Chung,K,18,20,37,0.362,0.906,0.393,0.442,0.300,0.275,0.647,0.735,0.987,West Virginia,,,,,,,,,#N/A,,Isaac Chung-West Virginia-2060
1979,Eric Meyer,K,18,20,39,0.255,0.582,0.175,0.977,0.172,0.736,0.614,0.486,0.177,New Mexico,,,Coach: Wants to be assured that his coach won't cut him.,,,,,,#N/A,,Eric Meyer-New Mexico-2060
1980,Joey Elliott,K,18,20,37,0.119,0.015,0.197,0.707,0.732,0.914,0.788,0.144,0.845,Georgia,,,,,,,,,#N/A,,Joey Elliott-Georgia-2060
1981,Bob Enos,P,18,20,39,0.769,0.968,0.561,0.643,0.902,0.637,0.748,0.892,0.293,Oklahoma,,,,,,,,,#N/A,,Bob Enos-Oklahoma-2060
1982,Brian Sanders,P,18,20,37,0.861,0.112,0.529,0.561,0.235,0.830,0.613,0.283,0.954,Florida,,,Tradition: Wants to hear about your school's fan support,,,,,,#N/A,,Brian Sanders-Florida-2060
1983,Jack Fulmer,P,18,20,36,0.728,0.713,0.280,0.895,0.644,0.390,0.653,0.716,0.476,New Hampshire,,,,,,,,,#N/A,,Jack Fulmer-New Hampshire-2060
1984,Brandon Williams,P,18,20,37,0.142,0.187,0.470,0.899,0.678,0.838,0.141,0.924,0.082,Utah,New Mexico,,Campus: Would prefer to attend a school with a cold climate,,,,,,#N/A,,Brandon Williams-Utah-2060
1985,K.C. Bell,P,18,20,39,0.492,0.732,0.185,0.580,0.711,0.937,0.033,0.787,0.042,Arizona,,,Prestige: Wants to play for a team that's dominated their conference,,,,,,#N/A,,K.C. Bell-Arizona-2060
1986,Jason Nixon,P,18,20,39,0.719,0.857,0.970,0.357,0.549,0.186,0.976,0.527,0.987,Ohio,,,Tradition: Wants to play in important rivalry games,,,,,,#N/A,,Jason Nixon-Ohio-2060
1987,Lyn Golden,P,18,20,38,0.504,0.497,0.264,0.799,0.816,0.075,0.511,0.508,0.645,Texas,,,,,,,,,#N/A,,Lyn Golden-Texas-2060
1988,Dean McDonald,P,18,20,38,0.863,0.101,0.361,0.128,0.360,0.111,0.171,0.708,0.594,Washington,,,,,,,,,#N/A,,Dean McDonald-Washington-2060
1989,Ramon Jones,P,18,20,35,0.562,0.109,0.987,0.730,0.489,0.401,0.517,0.099,0.704,Nevada,,,Playing Time: Wants to see consistent playing time every season.,,,,,,#N/A,,Ramon Jones-Nevada-2060
1990,Trevor Thompson,P,18,20,38,0.438,0.992,0.026,0.489,0.033,0.673,0.658,0.123,0.570,Florida,,,Winning: Wants to experience at least one season with double-digit wins.,,,,,,#N/A,,Trevor Thompson-Florida-2060
1991,Devin Mitchell,P,18,20,39,0.369,0.169,0.953,0.785,0.201,0.322,0.087,0.123,0.625,Hawaii,,,Playing Time: Would prefer to play for a less successful team if it means being of greater significance to the team.,,,,,,#N/A,,Devin Mitchell-Hawaii-2060
1992,Shaquille Bush,P,18,20,38,0.464,0.467,0.397,0.308,0.770,0.005,0.027,0.431,0.826,Texas,,,,,,,,,#N/A,,Shaquille Bush-Texas-2060
1993,Craig Garrett,P,18,20,37,0.080,0.388,0.666,0.356,0.034,0.186,0.638,0.862,0.735,Missouri,,,,,,,,,#N/A,,Craig Garrett-Missouri-2060
1994,Lamont Watkins,P,18,20,35,0.593,0.056,0.113,0.985,0.454,0.676,0.651,0.185,0.845,South Carolina,,,Coach: Would like to see the coach sign an extension during his time at the school,,,,,,#N/A,,Lamont Watkins-South Carolina-2060
1995,Nathan Heller,CB,18,15,34,0.732,0.015,0.390,0.859,0.549,0.862,0.717,0.915,0.892,Texas,,,Campus: Would prefer to attend a school with a smaller student body population,,,,,,#N/A,,Nathan Heller-Texas-2060
1996,Tony Rowe,CB,18,15,32,0.912,0.156,0.384,0.213,0.744,0.622,0.116,0.749,0.355,Texas,,,Location: Wants to play as many games in his home state as possible.,,,,,,#N/A,,Tony Rowe-Texas-2060
1997,Robert Woolridge,K,18,19,34,0.309,0.248,0.148,0.782,0.969,0.706,0.815,0.190,0.427,Texas,,,ProPotential: Would prefer to be redshirted if not a projected draft pick.,,,,,,#N/A,,Robert Woolridge-Texas-2060
1998,JD Shelby,K,18,19,37,0.049,0.480,0.446,0.708,0.693,0.932,0.160,0.331,0.788,Louisiana,Louisville,,Prestige: Wants to win a conference championship,,,,,,#N/A,,JD Shelby-Louisiana-2060
1999,Nile Smith,K,18,19,37,0.768,0.455,0.832,0.984,0.511,0.295,0.514,0.539,0.619,New York,,,Coach: Wants to play for a successful coach.,,,,,,#N/A,,Nile Smith-New York-2060
2000,Durell Lane,K,18,19,35,0.091,0.374,0.520,0.465,0.814,0.823,0.590,0.837,0.116,California,,,,,,,,,#N/A,,Durell Lane-California-2060
2001,Will Vaughn,K,18,19,38,0.324,0.308,0.040,0.610,0.449,0.965,0.191,0.607,0.195,Missouri,,,,,,,,,#N/A,,Will Vaughn-Missouri-2060
2002,Louie Williams,K,18,19,35,0.910,0.512,0.558,0.737,0.366,0.276,0.116,0.764,0.477,Nebraska,,,Location: Wants to play as many games in his home state as possible.,,,,,,#N/A,,Louie Williams-Nebraska-2060
2003,Darrell Sanchez,K,18,19,37,0.345,0.884,0.657,0.504,0.519,0.886,0.043,0.089,0.145,Georgia,,,,,,,,,#N/A,,Darrell Sanchez-Georgia-2060
2004,James Koch,K,18,19,36,0.223,0.104,0.703,0.638,0.730,0.657,0.845,0.527,0.210,Oregon,Mississippi State,,,,,,,,#N/A,,James Koch-Oregon-2060
2005,Mark Sanders,K,18,19,34,0.874,0.119,0.733,0.292,0.280,0.362,0.635,0.842,0.397,California,,,,,,,,,#N/A,,Mark Sanders-California-2060
2006,Zach Sobolewski,K,18,19,34,0.089,0.043,0.303,0.211,0.916,0.167,0.214,0.409,0.091,Illinois,,,ProPotential: Has dreams of eventually becoming a first-round pick.,,,,,,#N/A,,Zach Sobolewski-Illinois-2060
2007,Nick Mosley,K,18,19,37,0.458,0.063,0.871,0.859,0.912,0.216,0.313,0.915,0.863,Arizona,,,Campus: Would prefer to attend a school with a smaller student body population,,,,,,#N/A,,Nick Mosley-Arizona-2060
2008,Sammy Brown,K,18,19,38,0.319,0.935,0.039,0.773,0.556,0.290,0.830,0.471,0.367,Nebraska,,,,,,,,,#N/A,,Sammy Brown-Nebraska-2060
2009,Quinton Sims,P,18,19,34,0.119,0.738,0.207,0.521,0.329,0.643,0.537,0.212,0.059,California,,,,,,,,,#N/A,,Quinton Sims-California-2060
2010,Zach Wright,P,18,19,37,0.778,0.517,0.754,0.140,0.436,0.548,0.750,0.687,0.398,Maryland,,,,,,,,,#N/A,,Zach Wright-Maryland-2060
2011,Noah Jernigan,P,18,19,37,0.774,0.571,0.002,0.973,0.787,0.030,0.275,0.713,0.667,Florida,,,,,,,,,#N/A,,Noah Jernigan-Florida-2060
2012,Alex Barrett,P,18,19,34,0.336,0.816,0.540,0.650,0.528,0.461,0.819,0.188,0.783,Texas,,,,,,,,,#N/A,,Alex Barrett-Texas-2060
2013,Peter Reed,P,18,19,34,0.949,0.817,0.525,0.220,0.228,0.742,0.480,0.846,0.106,Texas,,,Location: Doesn't want to go outside his home region.,,,,,,#N/A,,Peter Reed-Texas-2060
2014,Sean Muniz,P,18,19,37,0.853,0.211,0.892,0.186,0.033,0.680,0.331,0.595,0.843,Virginia,,,,,,,,,#N/A,,Sean Muniz-Virginia-2060
2015,Zack Johnson,P,18,19,36,0.347,0.813,0.252,0.022,0.116,0.378,0.199,0.097,0.766,Michigan,,,,,,,,,#N/A,,Zack Johnson-Michigan-2060
2016,Robert Ford,P,18,19,36,0.451,0.250,0.281,0.351,0.918,0.049,0.376,0.099,0.473,Florida,,,"ProPotential: Would like to be drafted in the top four rounds, if possible.",,,,,,#N/A,,Robert Ford-Florida-2060
2017,Stacy Hawkins,P,18,19,36,0.648,0.590,0.545,0.428,0.557,0.124,0.946,0.383,0.944,Florida,,,Education: Wants to major in sociology,,,,,,#N/A,,Stacy Hawkins-Florida-2060
2018,Mike Walls,P,18,19,37,0.181,0.256,0.276,0.435,0.354,0.840,0.186,0.381,0.078,Mississippi,,,,,,,,,#N/A,,Mike Walls-Mississippi-2060
2019,Byron Irvin,P,18,19,38,0.498,0.336,0.911,0.307,0.203,0.328,0.514,0.295,0.789,South Carolina,,,Playing Time: Wants the chance to win a national award,,,,,,#N/A,,Byron Irvin-South Carolina-2060
2020,Donovan Parke,QB,18,13,34,0.345,0.923,0.804,0.778,0.995,0.403,0.650,0.911,0.428,Texas,,,ProPotential: Has dreams of eventually becoming a first-round pick.,,,,,,#N/A,,Donovan Parke-Texas-2060
2021,Rodney Peoples,K,18,18,32,0.782,0.444,0.352,0.211,0.857,0.827,0.856,0.451,0.560,California,,,,,,,,,#N/A,,Rodney Peoples-California-2060
2022,Luke Franklin,K,18,18,32,0.098,0.904,0.935,0.752,0.041,0.972,0.198,0.246,0.663,Montana,,,Prestige: Wants to help increase a team's prestige,,,,,,#N/A,,Luke Franklin-Montana-2060
2023,Tori Trotter,P,18,18,34,0.377,0.753,0.212,0.845,0.651,0.859,0.981,0.756,0.797,Ohio,,,Education: Wants to go to a private school,,,,,,#N/A,,Tori Trotter-Ohio-2060
2024,Larry Uluave,P,18,18,34,0.678,0.800,0.414,0.996,0.798,0.750,0.819,0.985,0.885,Tennessee,,,Coach: Wants to play for a coach with a personal connection to their school,,,,,,#N/A,,Larry Uluave-Tennessee-2060
2025,Matthew Jones,K,18,18,34,0.328,0.829,0.502,0.855,0.094,0.836,0.866,0.200,0.591,Wyoming,,,,,,,,,#N/A,,Matthew Jones-Wyoming-2060
2026,Andrew Jones,K,18,18,34,0.864,0.732,0.577,0.371,0.226,0.651,0.973,0.190,0.968,Texas,,,Education: Wants to go to a private school,,,,,,#N/A,,Andrew Jones-Texas-2060
2027,Brian Williams,K,18,18,35,0.712,0.428,0.003,0.875,0.620,0.272,0.346,0.485,0.038,Maryland,,,,,,,,,#N/A,,Brian Williams-Maryland-2060
2028,Trent Hensley,K,18,18,33,0.018,0.264,0.111,0.502,0.861,0.083,0.440,0.673,0.723,Kentucky,Northwestern,,,,,,,,#N/A,,Trent Hensley-Kentucky-2060
2029,Domonique Stone-Davis,K,18,18,34,0.208,0.093,0.249,0.966,0.417,0.607,0.047,0.372,0.192,Georgia,,,Coach: Wants to play for a coach with a personal connection to their school,,,,,,#N/A,,Domonique Stone-Davis-Georgia-2060
2030,Gunner Golden,P,18,18,37,0.719,0.623,0.837,0.027,0.900,0.015,0.227,0.330,0.766,Ohio,,,,,,,,,#N/A,,Gunner Golden-Ohio-2060
2031,Austin Martin,P,18,18,37,0.845,0.147,0.817,0.925,0.329,0.350,0.930,0.611,0.010,Georgia,,,Education: Wants to major in business,,,,,,#N/A,,Austin Martin-Georgia-2060
2032,Aaron Forrest,K,18,17,33,0.296,0.967,0.292,0.776,0.185,0.676,0.702,0.923,0.573,Maryland,,,,,,,,,#N/A,,Aaron Forrest-Maryland-2060
2033,Jeremy Salmon,K,18,17,34,0.604,0.460,0.527,0.792,0.361,0.514,0.768,0.943,0.900,Arizona,,,Campus: Wants to attend a school with a beautiful campus,,,,,,#N/A,,Jeremy Salmon-Arizona-2060
2034,Davante Giordano,K,18,17,31,0.305,0.659,0.680,0.038,0.893,0.611,0.534,0.764,0.850,Kansas,,,,,,,,,#N/A,,Davante Giordano-Kansas-2060
2035,Cannon McCormick,K,18,17,32,0.209,0.420,0.222,0.234,0.386,0.795,0.986,0.272,0.676,Missouri,,,Education: Wants to major in economics,,,,,,#N/A,,Cannon McCormick-Missouri-2060
2036,Ian Tafua,K,18,17,35,0.522,0.680,0.038,0.757,0.749,0.535,0.097,0.882,0.497,Georgia,,,,,,,,,#N/A,,Ian Tafua-Georgia-2060
2037,Nicholas Turner,K,18,17,35,0.651,0.779,0.645,0.034,0.960,0.771,0.359,0.127,0.123,South Carolina,,,ProPotential: Wants to play for a coach who has produced a lot of pros at his position.,,,,,,#N/A,,Nicholas Turner-South Carolina-2060
2038,Jake Judkins,K,18,17,35,0.565,0.253,0.283,0.486,0.494,0.505,0.987,0.321,0.051,California,,,Education: Wants to go to a public school,,,,,,#N/A,,Jake Judkins-California-2060
2039,Joe Carr,K,18,17,33,0.045,0.729,0.572,0.333,0.815,0.945,0.028,0.192,0.488,California,,,,,,,,,#N/A,,Joe Carr-California-2060
2040,Adrian Taylor,P,18,17,35,0.874,0.582,0.739,0.224,0.599,0.855,0.838,0.596,0.236,Florida,,,,,,,,,#N/A,,Adrian Taylor-Florida-2060
2041,Chris Collins,P,18,17,31,0.363,0.857,0.283,0.636,0.598,0.870,0.401,0.662,0.318,Georgia,,,,,,,,,#N/A,,Chris Collins-Georgia-2060
2042,Jason McMillin,P,18,17,32,0.954,0.179,0.668,0.791,0.200,0.335,0.665,0.357,0.423,Louisiana,,,Location: Wants to play as many games in his home state as possible.,,,,,,#N/A,,Jason McMillin-Louisiana-2060
2043,Michael Walker,P,18,17,32,0.283,0.971,0.649,0.296,0.310,0.573,0.746,0.423,0.209,Florida,Arkansas,,,,,,,,#N/A,,Michael Walker-Florida-2060
2044,Maurice Knight,P,18,17,34,0.485,0.087,0.063,0.389,0.075,0.849,0.386,0.384,0.858,Nevada,,,,,,,,,#N/A,,Maurice Knight-Nevada-2060
2045,Stan Reyes,P,18,17,33,0.949,0.158,0.648,0.577,0.798,0.943,0.282,0.605,0.389,Indiana,,,"Location: Has family in Ohio, and wants them to see one of his games.",,,,,,#N/A,,Stan Reyes-Indiana-2060
2046,Matt Carter,K,18,16,32,0.697,0.480,0.138,0.783,0.921,0.444,0.876,0.073,0.976,Oklahoma,,,Tradition: Wants to play for a team with a long football history,,,,,,#N/A,,Matt Carter-Oklahoma-2060
2047,T.J. Alexander,K,18,16,32,0.207,0.614,0.997,0.753,0.599,0.687,0.579,0.605,0.381,South Carolina,,,Playing Time: Wants the chance to win a national award,,,,,,#N/A,,T.J. Alexander-South Carolina-2060
2048,Michael Hill,P,18,16,33,0.205,0.569,0.792,0.414,0.053,0.074,0.871,0.922,0.330,Missouri,,,Campus: Would prefer to attend a school with a larger student body population,,,,,,#N/A,,Michael Hill-Missouri-2060
2049,Brent Hawkins,P,18,16,32,0.965,0.404,0.332,0.472,0.561,0.498,0.030,0.541,0.377,Arizona,,,"Location: Has family in Montana, and wants them to see one of his games.",,,,,,#N/A,,Brent Hawkins-Arizona-2060
2050,Justin Harris,K,18,15,29,0.129,0.544,0.057,0.585,0.030,0.650,0.028,0.730,0.289,Florida,Troy,,,,,,,,#N/A,,Justin Harris-Florida-2060
2051,Austin Brewster,K,18,11,25,0.736,0.559,0.178,0.024,0.539,0.561,0.485,0.753,0.703,Michigan,,,,,,,,,#N/A,,Austin Brewster-Michigan-2060
,,,,,,,,,,,,,,,,,,,,,,,,#N/A,,--2060
,,,,,,,,,,,,,,,,,,,,,,,,#N/A,,--2060
,,,,,,,,,,,,,,,,,,,,,,,,#N/A,,--2060
,,,,,,,,,,,,,,,,,,,,,,,,#N/A,,--2060
,,,,,,,,,,,,,,,,,,,,,,,,#N/A,,--2060
,,,,,,,,,,,,,,,,,,,,,,,,#N/A,,--2060
,,,,,,,,,,,,,,,,,,,,,,,,#N/A,,--2060
,,,,,,,,,,,,,,,,,,,,,,,,#N/A,,--2060
,,,,,,,,,,,,,,,,,,,,,,,,#N/A,,--2060
,,,,,,,,,,,,,,,,,,,,,,,,#N/A,,--2060
,,,,,,,,,,,,,,,,,,,,,,,,#N/A,,--2060
,,,,,,,,,,,,,,,,,,,,,,,,#N/A,,--2060
,,,,,,,,,,,,,,,,,,,,,,,,#N/A,,--2060
,,,,,,,,,,,,,,,,,,,,,,,,#N/A,,--2060
,,,,,,,,,,,,,,,,,,,,,,,,#N/A,,--2060
,,,,,,,,,,,,,,,,,,,,,,,,#N/A,,--2060
,,,,,,,,,,,,,,,,,,,,,,,,#N/A,,--2060
,,,,,,,,,,,,,,,,,,,,,,,,#N/A,,--2060
,,,,,,,,,,,,,,,,,,,,,,,,#N/A,,--2060
,,,,,,,,,,,,,,,,,,,,,,,,#N/A,,--2060
,,,,,,,,,,,,,,,,,,,,,,,,#N/A,,--2060
,,,,,,,,,,,,,,,,,,,,,,,,#N/A,,--2060
,,,,,,,,,,,,,,,,,,,,,,,,#N/A,,--2060
,,,,,,,,,,,,,,,,,,,,,,,,#N/A,,--2060
,,,,,,,,,,,,,,,,,,,,,,,,#N/A,,--2060
,,,,,,,,,,,,,,,,,,,,,,,,#N/A,,--2060
,,,,,,,,,,,,,,,,,,,,,,,,#N/A,,--2060
,,,,,,,,,,,,,,,,,,,,,,,,#N/A,,--2060
,,,,,,,,,,,,,,,,,,,,,,,,#N/A,,--2060
,,,,,,,,,,,,,,,,,,,,,,,,#N/A,,--2060
,,,,,,,,,,,,,,,,,,,,,,,,#N/A,,--2060
,,,,,,,,,,,,,,,,,,,,,,,,#N/A,,--2060
,,,,,,,,,,,,,,,,,,,,,,,,#N/A,,--2060
,,,,,,,,,,,,,,,,,,,,,,,,#N/A,,--2060
,,,,,,,,,,,,,,,,,,,,,,,,#N/A,,--2060
,,,,,,,,,,,,,,,,,,,,,,,,#N/A,,--2060
,,,,,,,,,,,,,,,,,,,,,,,,#N/A,,--2060
,,,,,,,,,,,,,,,,,,,,,,,,#N/A,,--2060
,,,,,,,,,,,,,,,,,,,,,,,,#N/A,,--2060
,,,,,,,,,,,,,,,,,,,,,,,,#N/A,,--2060
,,,,,,,,,,,,,,,,,,,,,,,,#N/A,,--2060
,,,,,,,,,,,,,,,,,,,,,,,,#N/A,,--2060
,,,,,,,,,,,,,,,,,,,,,,,,#N/A,,--2060
,,,,,,,,,,,,,,,,,,,,,,,,#N/A,,--2060
,,,,,,,,,,,,,,,,,,,,,,,,,,--2060
,,,,,,,,,,,,,,,,,,,,,,,,,,--2060
,,,,,,,,,,,,,,,,,,,,,,,,,,--2060
,,,,,,,,,,,,,,,,,,,,,,,,,,--2060
,,,,,,,,,,,,,,,,,,,,,,,,,,--2060
,,,,,,,,,,,,,,,,,,,,,,,,,,--2060
,,,,,,,,,,,,,,,,,,,,,,,,,,--2060
,,,,,,,,,,,,,,,,,,,,,,,,,,--2060
,,,,,,,,,,,,,,,,,,,,,,,,,,--2060
,,,,,,,,,,,,,,,,,,,,,,,,,,--2060
,,,,,,,,,,,,,,,,,,,,,,,,,,--2060
,,,,,,,,,,,,,,,,,,,,,,,,,,--2060
,,,,,,,,,,,,,,,,,,,,,,,,,,--2060
,,,,,,,,,,,,,,,,,,,,,,,,,,--2060
,,,,,,,,,,,,,,,,,,,,,,,,,,--2060
,,,,,,,,,,,,,,,,,,,,,,,,,,--2060
,,,,,,,,,,,,,,,,,,,,,,,,,,--2060
,,,,,,,,,,,,,,,,,,,,,,,,,,--2060
,,,,,,,,,,,,,,,,,,,,,,,,,,--2060
,,,,,,,,,,,,,,,,,,,,,,,,,,--2060
,,,,,,,,,,,,,,,,,,,,,,,,,,--2060
,,,,,,,,,,,,,,,,,,,,,,,,,,--2060
,,,,,,,,,,,,,,,,,,,,,,,,,,--2060
,,,,,,,,,,,,,,,,,,,,,,,,,,--2060
,,,,,,,,,,,,,,,,,,,,,,,,,,--2060
,,,,,,,,,,,,,,,,,,,,,,,,,,--2060
,,,,,,,,,,,,,,,,,,,,,,,,,,--2060
,,,,,,,,,,,,,,,,,,,,,,,,,,--2060
,,,,,,,,,,,,,,,,,,,,,,,,,,--2060
,,,,,,,,,,,,,,,,,,,,,,,,,,--2060
,,,,,,,,,,,,,,,,,,,,,,,,,,--2060
,,,,,,,,,,,,,,,,,,,,,,,,,,--2060
,,,,,,,,,,,,,,,,,,,,,,,,,,--2060
,,,,,,,,,,,,,,,,,,,,,,,,,,--2060
,,,,,,,,,,,,,,,,,,,,,,,,,,--2060
,,,,,,,,,,,,,,,,,,,,,,,,,,--2060
,,,,,,,,,,,,,,,,,,,,,,,,,,--2060
,,,,,,,,,,,,,,,,,,,,,,,,,,--2060
,,,,,,,,,,,,,,,,,,,,,,,,,,--2060
,,,,,,,,,,,,,,,,,,,,,,,,,,--2060
,,,,,,,,,,,,,,,,,,,,,,,,,,--2060
,,,,,,,,,,,,,,,,,,,,,,,,,,--2060
,,,,,,,,,,,,,,,,,,,,,,,,,,--2060
,,,,,,,,,,,,,,,,,,,,,,,,,,--2060
,,,,,,,,,,,,,,,,,,,,,,,,,,--2060
,,,,,,,,,,,,,,,,,,,,,,,,,,--2060
,,,,,,,,,,,,,,,,,,,,,,,,,,--2060
,,,,,,,,,,,,,,,,,,,,,,,,,,--2060
,,,,,,,,,,,,,,,,,,,,,,,,,,--2060
,,,,,,,,,,,,,,,,,,,,,,,,,,--2060
,,,,,,,,,,,,,,,,,,,,,,,,,,--2060
,,,,,,,,,,,,,,,,,,,,,,,,,,--2060
,,,,,,,,,,,,,,,,,,,,,,,,,,--2060
,,,,,,,,,,,,,,,,,,,,,,,,,,--2060
,,,,,,,,,,,,,,,,,,,,,,,,,,--2060
,,,,,,,,,,,,,,,,,,,,,,,,,,--2060
,,,,,,,,,,,,,,,,,,,,,,,,,,--2060
,,,,,,,,,,,,,,,,,,,,,,,,,,--2060
,,,,,,,,,,,,,,,,,,,,,,,,,,--2060
,,,,,,,,,,,,,,,,,,,,,,,,,,--2060
,,,,,,,,,,,,,,,,,,,,,,,,,,--2060
,,,,,,,,,,,,,,,,,,,,,,,,,,--2060
,,,,,,,,,,,,,,,,,,,,,,,,,,--2060
,,,,,,,,,,,,,,,,,,,,,,,,,,--2060
,,,,,,,,,,,,,,,,,,,,,,,,,,--2060
,,,,,,,,,,,,,,,,,,,,,,,,,,--2060
,,,,,,,,,,,,,,,,,,,,,,,,,,--2060
,,,,,,,,,,,,,,,,,,,,,,,,,,--2060
,,,,,,,,,,,,,,,,,,,,,,,,,,--2060
,,,,,,,,,,,,,,,,,,,,,,,,,,--2060
,,,,,,,,,,,,,,,,,,,,,,,,,,--2060
,,,,,,,,,,,,,,,,,,,,,,,,,,--2060
,,,,,,,,,,,,,,,,,,,,,,,,,,--2060
,,,,,,,,,,,,,,,,,,,,,,,,,,--2060
,,,,,,,,,,,,,,,,,,,,,,,,,,--2060
,,,,,,,,,,,,,,,,,,,,,,,,,,--2060
,,,,,,,,,,,,,,,,,,,,,,,,,,--2060
,,,,,,,,,,,,,,,,,,,,,,,,,,--2060
,,,,,,,,,,,,,,,,,,,,,,,,,,--2060
,,,,,,,,,,,,,,,,,,,,,,,,,,--2060
,,,,,,,,,,,,,,,,,,,,,,,,,,--2060
,,,,,,,,,,,,,,,,,,,,,,,,,,--2060
,,,,,,,,,,,,,,,,,,,,,,,,,,--2060
,,,,,,,,,,,,,,,,,,,,,,,,,,--2060
,,,,,,,,,,,,,,,,,,,,,,,,,,--2060
,,,,,,,,,,,,,,,,,,,,,,,,,,--2060
,,,,,,,,,,,,,,,,,,,,,,,,,,--2060
,,,,,,,,,,,,,,,,,,,,,,,,,,--2060
,,,,,,,,,,,,,,,,,,,,,,,,,,--2060
,,,,,,,,,,,,,,,,,,,,,,,,,,--2060
,,,,,,,,,,,,,,,,,,,,,,,,,,--2060
,,,,,,,,,,,,,,,,,,,,,,,,,,--2060
,,,,,,,,,,,,,,,,,,,,,,,,,,--2060
,,,,,,,,,,,,,,,,,,,,,,,,,,--2060
,,,,,,,,,,,,,,,,,,,,,,,,,,--2060
,,,,,,,,,,,,,,,,,,,,,,,,,,--2060
,,,,,,,,,,,,,,,,,,,,,,,,,,--2060
,,,,,,,,,,,,,,,,,,,,,,,,,,--2060
,,,,,,,,,,,,,,,,,,,,,,,,,,--2060
,,,,,,,,,,,,,,,,,,,,,,,,,,--2060
,,,,,,,,,,,,,,,,,,,,,,,,,,--2060
,,,,,,,,,,,,,,,,,,,,,,,,,,--2060
,,,,,,,,,,,,,,,,,,,,,,,,,,--2060
,,,,,,,,,,,,,,,,,,,,,,,,,,--2060
,,,,,,,,,,,,,,,,,,,,,,,,,,--2060
,,,,,,,,,,,,,,,,,,,,,,,,,,--2060
,,,,,,,,,,,,,,,,,,,,,,,,,,--2060
,,,,,,,,,,,,,,,,,,,,,,,,,,--2060
,,,,,,,,,,,,,,,,,,,,,,,,,,--2060
,,,,,,,,,,,,,,,,,,,,,,,,,,--2060
,,,,,,,,,,,,,,,,,,,,,,,,,,--2060
,,,,,,,,,,,,,,,,,,,,,,,,,,--2060
,,,,,,,,,,,,,,,,,,,,,,,,,,--2060
,,,,,,,,,,,,,,,,,,,,,,,,,,--2060
,,,,,,,,,,,,,,,,,,,,,,,,,,--2060
,,,,,,,,,,,,,,,,,,,,,,,,,,--2060
,,,,,,,,,,,,,,,,,,,,,,,,,,--2060
,,,,,,,,,,,,,,,,,,,,,,,,,,--2060
,,,,,,,,,,,,,,,,,,,,,,,,,,--2060
,,,,,,,,,,,,,,,,,,,,,,,,,,--2060
,,,,,,,,,,,,,,,,,,,,,,,,,,--2060
,,,,,,,,,,,,,,,,,,,,,,,,,,--2060
,,,,,,,,,,,,,,,,,,,,,,,,,,--2060
,,,,,,,,,,,,,,,,,,,,,,,,,,--2060
,,,,,,,,,,,,,,,,,,,,,,,,,,--2060
,,,,,,,,,,,,,,,,,,,,,,,,,,--2060
,,,,,,,,,,,,,,,,,,,,,,,,,,--2060
,,,,,,,,,,,,,,,,,,,,,,,,,,--2060
,,,,,,,,,,,,,,,,,,,,,,,,,,--2060
,,,,,,,,,,,,,,,,,,,,,,,,,,--2060
,,,,,,,,,,,,,,,,,,,,,,,,,,--2060
,,,,,,,,,,,,,,,,,,,,,,,,,,--2060
,,,,,,,,,,,,,,,,,,,,,,,,,,--2060
,,,,,,,,,,,,,,,,,,,,,,,,,,--2060
,,,,,,,,,,,,,,,,,,,,,,,,,,--2060
,,,,,,,,,,,,,,,,,,,,,,,,,,--2060
,,,,,,,,,,,,,,,,,,,,,,,,,,--2060
,,,,,,,,,,,,,,,,,,,,,,,,,,--2060
,,,,,,,,,,,,,,,,,,,,,,,,,,--2060
,,,,,,,,,,,,,,,,,,,,,,,,,,--2060
,,,,,,,,,,,,,,,,,,,,,,,,,,--2060
,,,,,,,,,,,,,,,,,,,,,,,,,,--2060
,,,,,,,,,,,,,,,,,,,,,,,,,,--2060
,,,,,,,,,,,,,,,,,,,,,,,,,,--2060
,,,,,,,,,,,,,,,,,,,,,,,,,,--2060
,,,,,,,,,,,,,,,,,,,,,,,,,,--2060
,,,,,,,,,,,,,,,,,,,,,,,,,,--2060
,,,,,,,,,,,,,,,,,,,,,,,,,,--2060
,,,,,,,,,,,,,,,,,,,,,,,,,,--2060
,,,,,,,,,,,,,,,,,,,,,,,,,,--2060
,,,,,,,,,,,,,,,,,,,,,,,,,,--2060
,,,,,,,,,,,,,,,,,,,,,,,,,,--2060
,,,,,,,,,,,,,,,,,,,,,,,,,,--2060
,,,,,,,,,,,,,,,,,,,,,,,,,,--2060
,,,,,,,,,,,,,,,,,,,,,,,,,,--2060
,,,,,,,,,,,,,,,,,,,,,,,,,,--2060
,,,,,,,,,,,,,,,,,,,,,,,,,,--2060
,,,,,,,,,,,,,,,,,,,,,,,,,,--2060
,,,,,,,,,,,,,,,,,,,,,,,,,,--2060
,,,,,,,,,,,,,,,,,,,,,,,,,,--2060
,,,,,,,,,,,,,,,,,,,,,,,,,,--2060
,,,,,,,,,,,,,,,,,,,,,,,,,,--2060
,,,,,,,,,,,,,,,,,,,,,,,,,,--2060
,,,,,,,,,,,,,,,,,,,,,,,,,,--2060
,,,,,,,,,,,,,,,,,,,,,,,,,,--2060
,,,,,,,,,,,,,,,,,,,,,,,,,,--2060
,,,,,,,,,,,,,,,,,,,,,,,,,,--2060
,,,,,,,,,,,,,,,,,,,,,,,,,,--2060
,,,,,,,,,,,,,,,,,,,,,,,,,,--2060
,,,,,,,,,,,,,,,,,,,,,,,,,,--2060
,,,,,,,,,,,,,,,,,,,,,,,,,,--2060
,,,,,,,,,,,,,,,,,,,,,,,,,,--2060
,,,,,,,,,,,,,,,,,,,,,,,,,,--2060
,,,,,,,,,,,,,,,,,,,,,,,,,,--2060
,,,,,,,,,,,,,,,,,,,,,,,,,,--2060
,,,,,,,,,,,,,,,,,,,,,,,,,,--2060
,,,,,,,,,,,,,,,,,,,,,,,,,,--2060
,,,,,,,,,,,,,,,,,,,,,,,,,,--2060
,,,,,,,,,,,,,,,,,,,,,,,,,,--2060
,,,,,,,,,,,,,,,,,,,,,,,,,,--2060
,,,,,,,,,,,,,,,,,,,,,,,,,,--2060
,,,,,,,,,,,,,,,,,,,,,,,,,,--2060
,,,,,,,,,,,,,,,,,,,,,,,,,,--2060
,,,,,,,,,,,,,,,,,,,,,,,,,,--2060
,,,,,,,,,,,,,,,,,,,,,,,,,,--2060
,,,,,,,,,,,,,,,,,,,,,,,,,,--2060
,,,,,,,,,,,,,,,,,,,,,,,,,,--2060
,,,,,,,,,,,,,,,,,,,,,,,,,,--2060
,,,,,,,,,,,,,,,,,,,,,,,,,,--2060
,,,,,,,,,,,,,,,,,,,,,,,,,,--2060
,,,,,,,,,,,,,,,,,,,,,,,,,,--2060
,,,,,,,,,,,,,,,,,,,,,,,,,,--2060
,,,,,,,,,,,,,,,,,,,,,,,,,,--2060
,,,,,,,,,,,,,,,,,,,,,,,,,,--2060
,,,,,,,,,,,,,,,,,,,,,,,,,,--2060
,,,,,,,,,,,,,,,,,,,,,,,,,,--2060
,,,,,,,,,,,,,,,,,,,,,,,,,,--2060
,,,,,,,,,,,,,,,,,,,,,,,,,,--2060
,,,,,,,,,,,,,,,,,,,,,,,,,,--2060
,,,,,,,,,,,,,,,,,,,,,,,,,,--2060
,,,,,,,,,,,,,,,,,,,,,,,,,,--2060
,,,,,,,,,,,,,,,,,,,,,,,,,,--2060
,,,,,,,,,,,,,,,,,,,,,,,,,,--2060
,,,,,,,,,,,,,,,,,,,,,,,,,,--2060
,,,,,,,,,,,,,,,,,,,,,,,,,,--2060
,,,,,,,,,,,,,,,,,,,,,,,,,,--2060
,,,,,,,,,,,,,,,,,,,,,,,,,,--2060
,,,,,,,,,,,,,,,,,,,,,,,,,,--2060
,,,,,,,,,,,,,,,,,,,,,,,,,,--2060
,,,,,,,,,,,,,,,,,,,,,,,,,,--2060
,,,,,,,,,,,,,,,,,,,,,,,,,,--2060
,,,,,,,,,,,,,,,,,,,,,,,,,,--2060
,,,,,,,,,,,,,,,,,,,,,,,,,,--2060
,,,,,,,,,,,,,,,,,,,,,,,,,,--2060
,,,,,,,,,,,,,,,,,,,,,,,,,,--2060
,,,,,,,,,,,,,,,,,,,,,,,,,,--2060
,,,,,,,,,,,,,,,,,,,,,,,,,,--2060
,,,,,,,,,,,,,,,,,,,,,,,,,,--2060
,,,,,,,,,,,,,,,,,,,,,,,,,,--2060
,,,,,,,,,,,,,,,,,,,,,,,,,,--2060
,,,,,,,,,,,,,,,,,,,,,,,,,,--2060
,,,,,,,,,,,,,,,,,,,,,,,,,,--2060
,,,,,,,,,,,,,,,,,,,,,,,,,,--2060
,,,,,,,,,,,,,,,,,,,,,,,,,,--2060
,,,,,,,,,,,,,,,,,,,,,,,,,,--2060
,,,,,,,,,,,,,,,,,,,,,,,,,,--2060
,,,,,,,,,,,,,,,,,,,,,,,,,,--2060
,,,,,,,,,,,,,,,,,,,,,,,,,,--2060
,,,,,,,,,,,,,,,,,,,,,,,,,,--2060
,,,,,,,,,,,,,,,,,,,,,,,,,,--2060
,,,,,,,,,,,,,,,,,,,,,,,,,,--2060
,,,,,,,,,,,,,,,,,,,,,,,,,,--2060
,,,,,,,,,,,,,,,,,,,,,,,,,,--2060
,,,,,,,,,,,,,,,,,,,,,,,,,,--2060
,,,,,,,,,,,,,,,,,,,,,,,,,,--2060
,,,,,,,,,,,,,,,,,,,,,,,,,,--2060
,,,,,,,,,,,,,,,,,,,,,,,,,,--2060
,,,,,,,,,,,,,,,,,,,,,,,,,,--2060
,,,,,,,,,,,,,,,,,,,,,,,,,,--2060
,,,,,,,,,,,,,,,,,,,,,,,,,,--2060
,,,,,,,,,,,,,,,,,,,,,,,,,,--2060
,,,,,,,,,,,,,,,,,,,,,,,,,,--2060
,,,,,,,,,,,,,,,,,,,,,,,,,,--2060
,,,,,,,,,,,,,,,,,,,,,,,,,,--2060
,,,,,,,,,,,,,,,,,,,,,,,,,,--2060
,,,,,,,,,,,,,,,,,,,,,,,,,,--2060
,,,,,,,,,,,,,,,,,,,,,,,,,,--2060
,,,,,,,,,,,,,,,,,,,,,,,,,,--2060
,,,,,,,,,,,,,,,,,,,,,,,,,,--2060
,,,,,,,,,,,,,,,,,,,,,,,,,,--2060
,,,,,,,,,,,,,,,,,,,,,,,,,,--2060
,,,,,,,,,,,,,,,,,,,,,,,,,,--2060
,,,,,,,,,,,,,,,,,,,,,,,,,,--2060
,,,,,,,,,,,,,,,,,,,,,,,,,,--2060
,,,,,,,,,,,,,,,,,,,,,,,,,,--2060
,,,,,,,,,,,,,,,,,,,,,,,,,,--2060
,,,,,,,,,,,,,,,,,,,,,,,,,,--2060
,,,,,,,,,,,,,,,,,,,,,,,,,,--2060
,,,,,,,,,,,,,,,,,,,,,,,,,,--2060
,,,,,,,,,,,,,,,,,,,,,,,,,,--2060
,,,,,,,,,,,,,,,,,,,,,,,,,,--2060
,,,,,,,,,,,,,,,,,,,,,,,,,,--2060
,,,,,,,,,,,,,,,,,,,,,,,,,,--2060
,,,,,,,,,,,,,,,,,,,,,,,,,,--2060
,,,,,,,,,,,,,,,,,,,,,,,,,,--2060
,,,,,,,,,,,,,,,,,,,,,,,,,,--2060
,,,,,,,,,,,,,,,,,,,,,,,,,,--2060
,,,,,,,,,,,,,,,,,,,,,,,,,,--2060
,,,,,,,,,,,,,,,,,,,,,,,,,,--2060
,,,,,,,,,,,,,,,,,,,,,,,,,,--2060
,,,,,,,,,,,,,,,,,,,,,,,,,,--2060
,,,,,,,,,,,,,,,,,,,,,,,,,,--2060
,,,,,,,,,,,,,,,,,,,,,,,,,,--2060
,,,,,,,,,,,,,,,,,,,,,,,,,,--2060
,,,,,,,,,,,,,,,,,,,,,,,,,,--2060
,,,,,,,,,,,,,,,,,,,,,,,,,,--2060
,,,,,,,,,,,,,,,,,,,,,,,,,,--2060
,,,,,,,,,,,,,,,,,,,,,,,,,,--2060
,,,,,,,,,,,,,,,,,,,,,,,,,,--2060
,,,,,,,,,,,,,,,,,,,,,,,,,,--2060
,,,,,,,,,,,,,,,,,,,,,,,,,,--2060
,,,,,,,,,,,,,,,,,,,,,,,,,,--2060
,,,,,,,,,,,,,,,,,,,,,,,,,,--2060
,,,,,,,,,,,,,,,,,,,,,,,,,,--2060
,,,,,,,,,,,,,,,,,,,,,,,,,,--2060
,,,,,,,,,,,,,,,,,,,,,,,,,,--2060
,,,,,,,,,,,,,,,,,,,,,,,,,,--2060
,,,,,,,,,,,,,,,,,,,,,,,,,,--2060
,,,,,,,,,,,,,,,,,,,,,,,,,,--2060
,,,,,,,,,,,,,,,,,,,,,,,,,,--2060
,,,,,,,,,,,,,,,,,,,,,,,,,,--2060
,,,,,,,,,,,,,,,,,,,,,,,,,,--2060
,,,,,,,,,,,,,,,,,,,,,,,,,,--2060
,,,,,,,,,,,,,,,,,,,,,,,,,,--2060
,,,,,,,,,,,,,,,,,,,,,,,,,,--2060
,,,,,,,,,,,,,,,,,,,,,,,,,,--2060
,,,,,,,,,,,,,,,,,,,,,,,,,,--2060
,,,,,,,,,,,,,,,,,,,,,,,,,,--2060
,,,,,,,,,,,,,,,,,,,,,,,,,,--2060
,,,,,,,,,,,,,,,,,,,,,,,,,,--2060
,,,,,,,,,,,,,,,,,,,,,,,,,,--2060
,,,,,,,,,,,,,,,,,,,,,,,,,,--2060
,,,,,,,,,,,,,,,,,,,,,,,,,,--2060
,,,,,,,,,,,,,,,,,,,,,,,,,,--2060
,,,,,,,,,,,,,,,,,,,,,,,,,,--2060
,,,,,,,,,,,,,,,,,,,,,,,,,,--2060
,,,,,,,,,,,,,,,,,,,,,,,,,,--2060
,,,,,,,,,,,,,,,,,,,,,,,,,,--2060
,,,,,,,,,,,,,,,,,,,,,,,,,,--2060
,,,,,,,,,,,,,,,,,,,,,,,,,,--2060
,,,,,,,,,,,,,,,,,,,,,,,,,,--2060
,,,,,,,,,,,,,,,,,,,,,,,,,,--2060
,,,,,,,,,,,,,,,,,,,,,,,,,,--2060
,,,,,,,,,,,,,,,,,,,,,,,,,,--2060
,,,,,,,,,,,,,,,,,,,,,,,,,,--2060
,,,,,,,,,,,,,,,,,,,,,,,,,,--2060
,,,,,,,,,,,,,,,,,,,,,,,,,,--2060
,,,,,,,,,,,,,,,,,,,,,,,,,,--2060
,,,,,,,,,,,,,,,,,,,,,,,,,,--2060
,,,,,,,,,,,,,,,,,,,,,,,,,,--2060
,,,,,,,,,,,,,,,,,,,,,,,,,,--2060
,,,,,,,,,,,,,,,,,,,,,,,,,,--2060
,,,,,,,,,,,,,,,,,,,,,,,,,,--2060
,,,,,,,,,,,,,,,,,,,,,,,,,,--2060
,,,,,,,,,,,,,,,,,,,,,,,,,,--2060
,,,,,,,,,,,,,,,,,,,,,,,,,,--2060
,,,,,,,,,,,,,,,,,,,,,,,,,,--2060
,,,,,,,,,,,,,,,,,,,,,,,,,,--2060
,,,,,,,,,,,,,,,,,,,,,,,,,,--2060
,,,,,,,,,,,,,,,,,,,,,,,,,,--2060
,,,,,,,,,,,,,,,,,,,,,,,,,,--2060
,,,,,,,,,,,,,,,,,,,,,,,,,,--2060
,,,,,,,,,,,,,,,,,,,,,,,,,,--2060
,,,,,,,,,,,,,,,,,,,,,,,,,,--2060
,,,,,,,,,,,,,,,,,,,,,,,,,,--2060
,,,,,,,,,,,,,,,,,,,,,,,,,,--2060
,,,,,,,,,,,,,,,,,,,,,,,,,,--2060
,,,,,,,,,,,,,,,,,,,,,,,,,,--2060
,,,,,,,,,,,,,,,,,,,,,,,,,,--2060
,,,,,,,,,,,,,,,,,,,,,,,,,,--2060
,,,,,,,,,,,,,,,,,,,,,,,,,,--2060
,,,,,,,,,,,,,,,,,,,,,,,,,,--2060
,,,,,,,,,,,,,,,,,,,,,,,,,,--2060
,,,,,,,,,,,,,,,,,,,,,,,,,,--2060
,,,,,,,,,,,,,,,,,,,,,,,,,,--2060
,,,,,,,,,,,,,,,,,,,,,,,,,,--2060
,,,,,,,,,,,,,,,,,,,,,,,,,,--2060
,,,,,,,,,,,,,,,,,,,,,,,,,,--2060
,,,,,,,,,,,,,,,,,,,,,,,,,,--2060
,,,,,,,,,,,,,,,,,,,,,,,,,,--2060
,,,,,,,,,,,,,,,,,,,,,,,,,,--2060
,,,,,,,,,,,,,,,,,,,,,,,,,,--2060
,,,,,,,,,,,,,,,,,,,,,,,,,,--2060
,,,,,,,,,,,,,,,,,,,,,,,,,,--2060
,,,,,,,,,,,,,,,,,,,,,,,,,,--2060
,,,,,,,,,,,,,,,,,,,,,,,,,,--2060
,,,,,,,,,,,,,,,,,,,,,,,,,,--2060
,,,,,,,,,,,,,,,,,,,,,,,,,,--2060
,,,,,,,,,,,,,,,,,,,,,,,,,,--2060
,,,,,,,,,,,,,,,,,,,,,,,,,,--2060
,,,,,,,,,,,,,,,,,,,,,,,,,,--2060
,,,,,,,,,,,,,,,,,,,,,,,,,,--2060
,,,,,,,,,,,,,,,,,,,,,,,,,,--2060
,,,,,,,,,,,,,,,,,,,,,,,,,,--2060
,,,,,,,,,,,,,,,,,,,,,,,,,,--2060
,,,,,,,,,,,,,,,,,,,,,,,,,,--2060
,,,,,,,,,,,,,,,,,,,,,,,,,,--2060
,,,,,,,,,,,,,,,,,,,,,,,,,,--2060
,,,,,,,,,,,,,,,,,,,,,,,,,,--2060
,,,,,,,,,,,,,,,,,,,,,,,,,,--2060
,,,,,,,,,,,,,,,,,,,,,,,,,,--2060
,,,,,,,,,,,,,,,,,,,,,,,,,,--2060
,,,,,,,,,,,,,,,,,,,,,,,,,,--2060
,,,,,,,,,,,,,,,,,,,,,,,,,,--2060
,,,,,,,,,,,,,,,,,,,,,,,,,,--2060
,,,,,,,,,,,,,,,,,,,,,,,,,,--2060
,,,,,,,,,,,,,,,,,,,,,,,,,,--2060
,,,,,,,,,,,,,,,,,,,,,,,,,,--2060
,,,,,,,,,,,,,,,,,,,,,,,,,,--2060
,,,,,,,,,,,,,,,,,,,,,,,,,,--2060
,,,,,,,,,,,,,,,,,,,,,,,,,,--2060
,,,,,,,,,,,,,,,,,,,,,,,,,,--2060
,,,,,,,,,,,,,,,,,,,,,,,,,,--2060
,,,,,,,,,,,,,,,,,,,,,,,,,,--2060
,,,,,,,,,,,,,,,,,,,,,,,,,,--2060
,,,,,,,,,,,,,,,,,,,,,,,,,,--2060
,,,,,,,,,,,,,,,,,,,,,,,,,,--2060
,,,,,,,,,,,,,,,,,,,,,,,,,,--2060
,,,,,,,,,,,,,,,,,,,,,,,,,,--2060
,,,,,,,,,,,,,,,,,,,,,,,,,,--2060
,,,,,,,,,,,,,,,,,,,,,,,,,,--2060
,,,,,,,,,,,,,,,,,,,,,,,,,,--2060
,,,,,,,,,,,,,,,,,,,,,,,,,,--2060
,,,,,,,,,,,,,,,,,,,,,,,,,,--2060
,,,,,,,,,,,,,,,,,,,,,,,,,,--2060
,,,,,,,,,,,,,,,,,,,,,,,,,,--2060
,,,,,,,,,,,,,,,,,,,,,,,,,,--2060
,,,,,,,,,,,,,,,,,,,,,,,,,,--2060
,,,,,,,,,,,,,,,,,,,,,,,,,,--2060
,,,,,,,,,,,,,,,,,,,,,,,,,,--2060
,,,,,,,,,,,,,,,,,,,,,,,,,,--2060
,,,,,,,,,,,,,,,,,,,,,,,,,,--2060
,,,,,,,,,,,,,,,,,,,,,,,,,,--2060
,,,,,,,,,,,,,,,,,,,,,,,,,,--2060
,,,,,,,,,,,,,,,,,,,,,,,,,,--2060
,,,,,,,,,,,,,,,,,,,,,,,,,,--2060
,,,,,,,,,,,,,,,,,,,,,,,,,,--2060
,,,,,,,,,,,,,,,,,,,,,,,,,,--2060
,,,,,,,,,,,,,,,,,,,,,,,,,,--2060
,,,,,,,,,,,,,,,,,,,,,,,,,,--2060
,,,,,,,,,,,,,,,,,,,,,,,,,,--2060
,,,,,,,,,,,,,,,,,,,,,,,,,,--2060
,,,,,,,,,,,,,,,,,,,,,,,,,,--2060
,,,,,,,,,,,,,,,,,,,,,,,,,,--2060
,,,,,,,,,,,,,,,,,,,,,,,,,,--2060
,,,,,,,,,,,,,,,,,,,,,,,,,,--2060
,,,,,,,,,,,,,,,,,,,,,,,,,,--2060
,,,,,,,,,,,,,,,,,,,,,,,,,,--2060
,,,,,,,,,,,,,,,,,,,,,,,,,,--2060
,,,,,,,,,,,,,,,,,,,,,,,,,,--2060
,,,,,,,,,,,,,,,,,,,,,,,,,,--2060
,,,,,,,,,,,,,,,,,,,,,,,,,,--2060
,,,,,,,,,,,,,,,,,,,,,,,,,,--2060
,,,,,,,,,,,,,,,,,,,,,,,,,,--2060
,,,,,,,,,,,,,,,,,,,,,,,,,,--2060
,,,,,,,,,,,,,,,,,,,,,,,,,,--2060
,,,,,,,,,,,,,,,,,,,,,,,,,,--2060
,,,,,,,,,,,,,,,,,,,,,,,,,,--2060
,,,,,,,,,,,,,,,,,,,,,,,,,,--2060
,,,,,,,,,,,,,,,,,,,,,,,,,,--2060
,,,,,,,,,,,,,,,,,,,,,,,,,,--2060
,,,,,,,,,,,,,,,,,,,,,,,,,,--2060
,,,,,,,,,,,,,,,,,,,,,,,,,,--2060
,,,,,,,,,,,,,,,,,,,,,,,,,,--2060
,,,,,,,,,,,,,,,,,,,,,,,,,,--2060
,,,,,,,,,,,,,,,,,,,,,,,,,,--2060
,,,,,,,,,,,,,,,,,,,,,,,,,,--2060
,,,,,,,,,,,,,,,,,,,,,,,,,,--2060
,,,,,,,,,,,,,,,,,,,,,,,,,,--2060
,,,,,,,,,,,,,,,,,,,,,,,,,,--2060
,,,,,,,,,,,,,,,,,,,,,,,,,,--2060
,,,,,,,,,,,,,,,,,,,,,,,,,,--2060
,,,,,,,,,,,,,,,,,,,,,,,,,,--2060
,,,,,,,,,,,,,,,,,,,,,,,,,,--2060
,,,,,,,,,,,,,,,,,,,,,,,,,,--2060
,,,,,,,,,,,,,,,,,,,,,,,,,,--2060
,,,,,,,,,,,,,,,,,,,,,,,,,,--2060
,,,,,,,,,,,,,,,,,,,,,,,,,,--2060
,,,,,,,,,,,,,,,,,,,,,,,,,,--2060
,,,,,,,,,,,,,,,,,,,,,,,,,,--2060
,,,,,,,,,,,,,,,,,,,,,,,,,,--2060
,,,,,,,,,,,,,,,,,,,,,,,,,,--2060
,,,,,,,,,,,,,,,,,,,,,,,,,,--2060
,,,,,,,,,,,,,,,,,,,,,,,,,,--2060
,,,,,,,,,,,,,,,,,,,,,,,,,,--2060
,,,,,,,,,,,,,,,,,,,,,,,,,,--2060
,,,,,,,,,,,,,,,,,,,,,,,,,,--2060
,,,,,,,,,,,,,,,,,,,,,,,,,,--2060
,,,,,,,,,,,,,,,,,,,,,,,,,,--2060
,,,,,,,,,,,,,,,,,,,,,,,,,,--2060
,,,,,,,,,,,,,,,,,,,,,,,,,,--2060
,,,,,,,,,,,,,,,,,,,,,,,,,,--2060
,,,,,,,,,,,,,,,,,,,,,,,,,,--2060
,,,,,,,,,,,,,,,,,,,,,,,,,,--2060
,,,,,,,,,,,,,,,,,,,,,,,,,,--2060
,,,,,,,,,,,,,,,,,,,,,,,,,,--2060
,,,,,,,,,,,,,,,,,,,,,,,,,,--2060
,,,,,,,,,,,,,,,,,,,,,,,,,,--2060
,,,,,,,,,,,,,,,,,,,,,,,,,,--2060
,,,,,,,,,,,,,,,,,,,,,,,,,,--2060
,,,,,,,,,,,,,,,,,,,,,,,,,,--2060
,,,,,,,,,,,,,,,,,,,,,,,,,,--2060
,,,,,,,,,,,,,,,,,,,,,,,,,,--2060
,,,,,,,,,,,,,,,,,,,,,,,,,,--2060
,,,,,,,,,,,,,,,,,,,,,,,,,,--2060
,,,,,,,,,,,,,,,,,,,,,,,,,,--2060
,,,,,,,,,,,,,,,,,,,,,,,,,,--2060
,,,,,,,,,,,,,,,,,,,,,,,,,,--2060
,,,,,,,,,,,,,,,,,,,,,,,,,,--2060
,,,,,,,,,,,,,,,,,,,,,,,,,,--2060
,,,,,,,,,,,,,,,,,,,,,,,,,,--2060
,,,,,,,,,,,,,,,,,,,,,,,,,,--2060
,,,,,,,,,,,,,,,,,,,,,,,,,,--2060
,,,,,,,,,,,,,,,,,,,,,,,,,,--2060
,,,,,,,,,,,,,,,,,,,,,,,,,,--2060
,,,,,,,,,,,,,,,,,,,,,,,,,,--2060
,,,,,,,,,,,,,,,,,,,,,,,,,,--2060
,,,,,,,,,,,,,,,,,,,,,,,,,,--2060
,,,,,,,,,,,,,,,,,,,,,,,,,,--2060
,,,,,,,,,,,,,,,,,,,,,,,,,,--2060
,,,,,,,,,,,,,,,,,,,,,,,,,,--2060
,,,,,,,,,,,,,,,,,,,,,,,,,,--2060
,,,,,,,,,,,,,,,,,,,,,,,,,,--2060
,,,,,,,,,,,,,,,,,,,,,,,,,,--2060
,,,,,,,,,,,,,,,,,,,,,,,,,,--2060
,,,,,,,,,,,,,,,,,,,,,,,,,,--2060
,,,,,,,,,,,,,,,,,,,,,,,,,,--2060
,,,,,,,,,,,,,,,,,,,,,,,,,,--2060
,,,,,,,,,,,,,,,,,,,,,,,,,,--2060
,,,,,,,,,,,,,,,,,,,,,,,,,,--2060
,,,,,,,,,,,,,,,,,,,,,,,,,,--2060
,,,,,,,,,,,,,,,,,,,,,,,,,,--2060
,,,,,,,,,,,,,,,,,,,,,,,,,,--2060
,,,,,,,,,,,,,,,,,,,,,,,,,,--2060
,,,,,,,,,,,,,,,,,,,,,,,,,,--2060
,,,,,,,,,,,,,,,,,,,,,,,,,,--2060
,,,,,,,,,,,,,,,,,,,,,,,,,,--2060
,,,,,,,,,,,,,,,,,,,,,,,,,,--2060
,,,,,,,,,,,,,,,,,,,,,,,,,,--2060
,,,,,,,,,,,,,,,,,,,,,,,,,,--2060
,,,,,,,,,,,,,,,,,,,,,,,,,,--2060
,,,,,,,,,,,,,,,,,,,,,,,,,,--2060
,,,,,,,,,,,,,,,,,,,,,,,,,,--2060
,,,,,,,,,,,,,,,,,,,,,,,,,,--2060
,,,,,,,,,,,,,,,,,,,,,,,,,,--2060
,,,,,,,,,,,,,,,,,,,,,,,,,,--2060
,,,,,,,,,,,,,,,,,,,,,,,,,,--2060
,,,,,,,,,,,,,,,,,,,,,,,,,,--2060
,,,,,,,,,,,,,,,,,,,,,,,,,,--2060
,,,,,,,,,,,,,,,,,,,,,,,,,,--2060
,,,,,,,,,,,,,,,,,,,,,,,,,,--2060
,,,,,,,,,,,,,,,,,,,,,,,,,,--2060
,,,,,,,,,,,,,,,,,,,,,,,,,,--2060
,,,,,,,,,,,,,,,,,,,,,,,,,,--2060
,,,,,,,,,,,,,,,,,,,,,,,,,,--2060
,,,,,,,,,,,,,,,,,,,,,,,,,,--2060
,,,,,,,,,,,,,,,,,,,,,,,,,,--2060
,,,,,,,,,,,,,,,,,,,,,,,,,,--2060
,,,,,,,,,,,,,,,,,,,,,,,,,,--2060
,,,,,,,,,,,,,,,,,,,,,,,,,,--2060
,,,,,,,,,,,,,,,,,,,,,,,,,,--2060
,,,,,,,,,,,,,,,,,,,,,,,,,,--2060
,,,,,,,,,,,,,,,,,,,,,,,,,,--2060
,,,,,,,,,,,,,,,,,,,,,,,,,,--2060
,,,,,,,,,,,,,,,,,,,,,,,,,,--2060
,,,,,,,,,,,,,,,,,,,,,,,,,,--2060
,,,,,,,,,,,,,,,,,,,,,,,,,,--2060
,,,,,,,,,,,,,,,,,,,,,,,,,,--2060
,,,,,,,,,,,,,,,,,,,,,,,,,,--2060
,,,,,,,,,,,,,,,,,,,,,,,,,,--2060
,,,,,,,,,,,,,,,,,,,,,,,,,,--2060
,,,,,,,,,,,,,,,,,,,,,,,,,,--2060
,,,,,,,,,,,,,,,,,,,,,,,,,,--2060
,,,,,,,,,,,,,,,,,,,,,,,,,,--2060
,,,,,,,,,,,,,,,,,,,,,,,,,,--2060
,,,,,,,,,,,,,,,,,,,,,,,,,,--2060
,,,,,,,,,,,,,,,,,,,,,,,,,,--2060
,,,,,,,,,,,,,,,,,,,,,,,,,,--2060
,,,,,,,,,,,,,,,,,,,,,,,,,,--2060
,,,,,,,,,,,,,,,,,,,,,,,,,,--2060
,,,,,,,,,,,,,,,,,,,,,,,,,,--2060
,,,,,,,,,,,,,,,,,,,,,,,,,,--2060
,,,,,,,,,,,,,,,,,,,,,,,,,,--2060
,,,,,,,,,,,,,,,,,,,,,,,,,,--2060
,,,,,,,,,,,,,,,,,,,,,,,,,,--2060
,,,,,,,,,,,,,,,,,,,,,,,,,,--2060
,,,,,,,,,,,,,,,,,,,,,,,,,,--2060
,,,,,,,,,,,,,,,,,,,,,,,,,,--2060
,,,,,,,,,,,,,,,,,,,,,,,,,,--2060
,,,,,,,,,,,,,,,,,,,,,,,,,,--2060
,,,,,,,,,,,,,,,,,,,,,,,,,,--2060
,,,,,,,,,,,,,,,,,,,,,,,,,,--2060
,,,,,,,,,,,,,,,,,,,,,,,,,,--2060
,,,,,,,,,,,,,,,,,,,,,,,,,,--2060
,,,,,,,,,,,,,,,,,,,,,,,,,,--2060
,,,,,,,,,,,,,,,,,,,,,,,,,,--2060
,,,,,,,,,,,,,,,,,,,,,,,,,,--2060
,,,,,,,,,,,,,,,,,,,,,,,,,,--2060
,,,,,,,,,,,,,,,,,,,,,,,,,,--2060
,,,,,,,,,,,,,,,,,,,,,,,,,,--2060
,,,,,,,,,,,,,,,,,,,,,,,,,,--2060
,,,,,,,,,,,,,,,,,,,,,,,,,,--2060
,,,,,,,,,,,,,,,,,,,,,,,,,,--2060
,,,,,,,,,,,,,,,,,,,,,,,,,,--2060
,,,,,,,,,,,,,,,,,,,,,,,,,,--2060
,,,,,,,,,,,,,,,,,,,,,,,,,,--2060
,,,,,,,,,,,,,,,,,,,,,,,,,,--2060
,,,,,,,,,,,,,,,,,,,,,,,,,,--2060
,,,,,,,,,,,,,,,,,,,,,,,,,,--2060
,,,,,,,,,,,,,,,,,,,,,,,,,,--2060
,,,,,,,,,,,,,,,,,,,,,,,,,,--2060
,,,,,,,,,,,,,,,,,,,,,,,,,,--2060
,,,,,,,,,,,,,,,,,,,,,,,,,,--2060
,,,,,,,,,,,,,,,,,,,,,,,,,,--2060
,,,,,,,,,,,,,,,,,,,,,,,,,,--2060
,,,,,,,,,,,,,,,,,,,,,,,,,,--2060
,,,,,,,,,,,,,,,,,,,,,,,,,,--2060
,,,,,,,,,,,,,,,,,,,,,,,,,,--2060
,,,,,,,,,,,,,,,,,,,,,,,,,,--2060
,,,,,,,,,,,,,,,,,,,,,,,,,,--2060
,,,,,,,,,,,,,,,,,,,,,,,,,,--2060
,,,,,,,,,,,,,,,,,,,,,,,,,,--2060
,,,,,,,,,,,,,,,,,,,,,,,,,,--2060
,,,,,,,,,,,,,,,,,,,,,,,,,,--2060
,,,,,,,,,,,,,,,,,,,,,,,,,,--2060
,,,,,,,,,,,,,,,,,,,,,,,,,,--2060
,,,,,,,,,,,,,,,,,,,,,,,,,,--2060
,,,,,,,,,,,,,,,,,,,,,,,,,,--2060
,,,,,,,,,,,,,,,,,,,,,,,,,,--2060
,,,,,,,,,,,,,,,,,,,,,,,,,,--2060
,,,,,,,,,,,,,,,,,,,,,,,,,,--2060
,,,,,,,,,,,,,,,,,,,,,,,,,,--2060
,,,,,,,,,,,,,,,,,,,,,,,,,,--2060
,,,,,,,,,,,,,,,,,,,,,,,,,,--2060
,,,,,,,,,,,,,,,,,,,,,,,,,,--2060
,,,,,,,,,,,,,,,,,,,,,,,,,,--2060
,,,,,,,,,,,,,,,,,,,,,,,,,,--2060
,,,,,,,,,,,,,,,,,,,,,,,,,,--2060
,,,,,,,,,,,,,,,,,,,,,,,,,,--2060
,,,,,,,,,,,,,,,,,,,,,,,,,,--2060
,,,,,,,,,,,,,,,,,,,,,,,,,,--2060
,,,,,,,,,,,,,,,,,,,,,,,,,,--2060
,,,,,,,,,,,,,,,,,,,,,,,,,,--2060
,,,,,,,,,,,,,,,,,,,,,,,,,,--2060
,,,,,,,,,,,,,,,,,,,,,,,,,,--2060
,,,,,,,,,,,,,,,,,,,,,,,,,,--2060
,,,,,,,,,,,,,,,,,,,,,,,,,,--2060
,,,,,,,,,,,,,,,,,,,,,,,,,,--2060
,,,,,,,,,,,,,,,,,,,,,,,,,,--2060
,,,,,,,,,,,,,,,,,,,,,,,,,,--2060
,,,,,,,,,,,,,,,,,,,,,,,,,,--2060
,,,,,,,,,,,,,,,,,,,,,,,,,,--2060
,,,,,,,,,,,,,,,,,,,,,,,,,,--2060
,,,,,,,,,,,,,,,,,,,,,,,,,,--2060
,,,,,,,,,,,,,,,,,,,,,,,,,,--2060
,,,,,,,,,,,,,,,,,,,,,,,,,,--2060
,,,,,,,,,,,,,,,,,,,,,,,,,,--2060
,,,,,,,,,,,,,,,,,,,,,,,,,,--2060
,,,,,,,,,,,,,,,,,,,,,,,,,,--2060
,,,,,,,,,,,,,,,,,,,,,,,,,,--2060
,,,,,,,,,,,,,,,,,,,,,,,,,,--2060
,,,,,,,,,,,,,,,,,,,,,,,,,,--2060
,,,,,,,,,,,,,,,,,,,,,,,,,,--2060
,,,,,,,,,,,,,,,,,,,,,,,,,,--2060
,,,,,,,,,,,,,,,,,,,,,,,,,,--2060
,,,,,,,,,,,,,,,,,,,,,,,,,,--2060
,,,,,,,,,,,,,,,,,,,,,,,,,,--2060
,,,,,,,,,,,,,,,,,,,,,,,,,,--2060
,,,,,,,,,,,,,,,,,,,,,,,,,,--2060
,,,,,,,,,,,,,,,,,,,,,,,,,,--2060
,,,,,,,,,,,,,,,,,,,,,,,,,,--2060
,,,,,,,,,,,,,,,,,,,,,,,,,,--2060
,,,,,,,,,,,,,,,,,,,,,,,,,,--2060
,,,,,,,,,,,,,,,,,,,,,,,,,,--2060
,,,,,,,,,,,,,,,,,,,,,,,,,,--2060
,,,,,,,,,,,,,,,,,,,,,,,,,,--2060
,,,,,,,,,,,,,,,,,,,,,,,,,,--2060
,,,,,,,,,,,,,,,,,,,,,,,,,,--2060
,,,,,,,,,,,,,,,,,,,,,,,,,,--2060
,,,,,,,,,,,,,,,,,,,,,,,,,,--2060
,,,,,,,,,,,,,,,,,,,,,,,,,,--2060
,,,,,,,,,,,,,,,,,,,,,,,,,,--2060
,,,,,,,,,,,,,,,,,,,,,,,,,,--2060
,,,,,,,,,,,,,,,,,,,,,,,,,,--2060
,,,,,,,,,,,,,,,,,,,,,,,,,,--2060
,,,,,,,,,,,,,,,,,,,,,,,,,,--2060
,,,,,,,,,,,,,,,,,,,,,,,,,,--2060
,,,,,,,,,,,,,,,,,,,,,,,,,,--2060
,,,,,,,,,,,,,,,,,,,,,,,,,,--2060
,,,,,,,,,,,,,,,,,,,,,,,,,,--2060
,,,,,,,,,,,,,,,,,,,,,,,,,,--2060
,,,,,,,,,,,,,,,,,,,,,,,,,,--2060
,,,,,,,,,,,,,,,,,,,,,,,,,,--2060
,,,,,,,,,,,,,,,,,,,,,,,,,,--2060
,,,,,,,,,,,,,,,,,,,,,,,,,,--2060
,,,,,,,,,,,,,,,,,,,,,,,,,,--2060
,,,,,,,,,,,,,,,,,,,,,,,,,,--2060
,,,,,,,,,,,,,,,,,,,,,,,,,,--2060
,,,,,,,,,,,,,,,,,,,,,,,,,,--2060
,,,,,,,,,,,,,,,,,,,,,,,,,,--2060
,,,,,,,,,,,,,,,,,,,,,,,,,,--2060
,,,,,,,,,,,,,,,,,,,,,,,,,,--2060
,,,,,,,,,,,,,,,,,,,,,,,,,,--2060
,,,,,,,,,,,,,,,,,,,,,,,,,,--2060
,,,,,,,,,,,,,,,,,,,,,,,,,,--2060
,,,,,,,,,,,,,,,,,,,,,,,,,,--2060
,,,,,,,,,,,,,,,,,,,,,,,,,,--2060
,,,,,,,,,,,,,,,,,,,,,,,,,,--2060
,,,,,,,,,,,,,,,,,,,,,,,,,,--2060
,,,,,,,,,,,,,,,,,,,,,,,,,,--2060
,,,,,,,,,,,,,,,,,,,,,,,,,,--2060
,,,,,,,,,,,,,,,,,,,,,,,,,,--2060
,,,,,,,,,,,,,,,,,,,,,,,,,,--2060
,,,,,,,,,,,,,,,,,,,,,,,,,,--2060
,,,,,,,,,,,,,,,,,,,,,,,,,,--2060
,,,,,,,,,,,,,,,,,,,,,,,,,,--2060
,,,,,,,,,,,,,,,,,,,,,,,,,,--2060
,,,,,,,,,,,,,,,,,,,,,,,,,,--2060
,,,,,,,,,,,,,,,,,,,,,,,,,,--2060
,,,,,,,,,,,,,,,,,,,,,,,,,,--2060
,,,,,,,,,,,,,,,,,,,,,,,,,,--2060
,,,,,,,,,,,,,,,,,,,,,,,,,,--2060
,,,,,,,,,,,,,,,,,,,,,,,,,,--2060
,,,,,,,,,,,,,,,,,,,,,,,,,,--2060
,,,,,,,,,,,,,,,,,,,,,,,,,,--2060
,,,,,,,,,,,,,,,,,,,,,,,,,,--2060
,,,,,,,,,,,,,,,,,,,,,,,,,,--2060
,,,,,,,,,,,,,,,,,,,,,,,,,,--2060
,,,,,,,,,,,,,,,,,,,,,,,,,,--2060
,,,,,,,,,,,,,,,,,,,,,,,,,,--2060
,,,,,,,,,,,,,,,,,,,,,,,,,,--2060
,,,,,,,,,,,,,,,,,,,,,,,,,,--2060
,,,,,,,,,,,,,,,,,,,,,,,,,,--2060
,,,,,,,,,,,,,,,,,,,,,,,,,,--2060
,,,,,,,,,,,,,,,,,,,,,,,,,,--2060
,,,,,,,,,,,,,,,,,,,,,,,,,,--2060
,,,,,,,,,,,,,,,,,,,,,,,,,,--2060
,,,,,,,,,,,,,,,,,,,,,,,,,,--2060
,,,,,,,,,,,,,,,,,,,,,,,,,,--2060
,,,,,,,,,,,,,,,,,,,,,,,,,,--2060
,,,,,,,,,,,,,,,,,,,,,,,,,,--2060
,,,,,,,,,,,,,,,,,,,,,,,,,,--2060
,,,,,,,,,,,,,,,,,,,,,,,,,,--2060
,,,,,,,,,,,,,,,,,,,,,,,,,,--2060
,,,,,,,,,,,,,,,,,,,,,,,,,,--2060
,,,,,,,,,,,,,,,,,,,,,,,,,,--2060
,,,,,,,,,,,,,,,,,,,,,,,,,,--2060
,,,,,,,,,,,,,,,,,,,,,,,,,,--2060
,,,,,,,,,,,,,,,,,,,,,,,,,,--2060
,,,,,,,,,,,,,,,,,,,,,,,,,,--2060
,,,,,,,,,,,,,,,,,,,,,,,,,,--2060
,,,,,,,,,,,,,,,,,,,,,,,,,,--2060
,,,,,,,,,,,,,,,,,,,,,,,,,,--2060
,,,,,,,,,,,,,,,,,,,,,,,,,,--2060
,,,,,,,,,,,,,,,,,,,,,,,,,,--2060
,,,,,,,,,,,,,,,,,,,,,,,,,,--2060
,,,,,,,,,,,,,,,,,,,,,,,,,,--2060
,,,,,,,,,,,,,,,,,,,,,,,,,,--2060
,,,,,,,,,,,,,,,,,,,,,,,,,,--2060
,,,,,,,,,,,,,,,,,,,,,,,,,,--2060
,,,,,,,,,,,,,,,,,,,,,,,,,,--2060
,,,,,,,,,,,,,,,,,,,,,,,,,,--2060
,,,,,,,,,,,,,,,,,,,,,,,,,,--2060
,,,,,,,,,,,,,,,,,,,,,,,,,,--2060
,,,,,,,,,,,,,,,,,,,,,,,,,,--2060
,,,,,,,,,,,,,,,,,,,,,,,,,,--2060
,,,,,,,,,,,,,,,,,,,,,,,,,,--2060
,,,,,,,,,,,,,,,,,,,,,,,,,,--2060
,,,,,,,,,,,,,,,,,,,,,,,,,,--2060
,,,,,,,,,,,,,,,,,,,,,,,,,,--2060
,,,,,,,,,,,,,,,,,,,,,,,,,,--2060
,,,,,,,,,,,,,,,,,,,,,,,,,,--2060
,,,,,,,,,,,,,,,,,,,,,,,,,,--2060
,,,,,,,,,,,,,,,,,,,,,,,,,,--2060
,,,,,,,,,,,,,,,,,,,,,,,,,,--2060
,,,,,,,,,,,,,,,,,,,,,,,,,,--2060
,,,,,,,,,,,,,,,,,,,,,,,,,,--2060
,,,,,,,,,,,,,,,,,,,,,,,,,,--2060
,,,,,,,,,,,,,,,,,,,,,,,,,,--2060
,,,,,,,,,,,,,,,,,,,,,,,,,,--2060
,,,,,,,,,,,,,,,,,,,,,,,,,,--2060
,,,,,,,,,,,,,,,,,,,,,,,,,,--2060
,,,,,,,,,,,,,,,,,,,,,,,,,,--2060
,,,,,,,,,,,,,,,,,,,,,,,,,,--2060
,,,,,,,,,,,,,,,,,,,,,,,,,,--2060
,,,,,,,,,,,,,,,,,,,,,,,,,,--2060
,,,,,,,,,,,,,,,,,,,,,,,,,,--2060
,,,,,,,,,,,,,,,,,,,,,,,,,,--2060
,,,,,,,,,,,,,,,,,,,,,,,,,,--2060
,,,,,,,,,,,,,,,,,,,,,,,,,,--2060
,,,,,,,,,,,,,,,,,,,,,,,,,,--2060
,,,,,,,,,,,,,,,,,,,,,,,,,,--2060
,,,,,,,,,,,,,,,,,,,,,,,,,,--2060
,,,,,,,,,,,,,,,,,,,,,,,,,,--2060
,,,,,,,,,,,,,,,,,,,,,,,,,,--2060
,,,,,,,,,,,,,,,,,,,,,,,,,,--2060
,,,,,,,,,,,,,,,,,,,,,,,,,,--2060
,,,,,,,,,,,,,,,,,,,,,,,,,,--2060
,,,,,,,,,,,,,,,,,,,,,,,,,,--2060
,,,,,,,,,,,,,,,,,,,,,,,,,,--2060
,,,,,,,,,,,,,,,,,,,,,,,,,,--2060
,,,,,,,,,,,,,,,,,,,,,,,,,,--2060
,,,,,,,,,,,,,,,,,,,,,,,,,,--2060
,,,,,,,,,,,,,,,,,,,,,,,,,,--2060
,,,,,,,,,,,,,,,,,,,,,,,,,,--2060
,,,,,,,,,,,,,,,,,,,,,,,,,,--2060
,,,,,,,,,,,,,,,,,,,,,,,,,,--2060
,,,,,,,,,,,,,,,,,,,,,,,,,,--2060
,,,,,,,,,,,,,,,,,,,,,,,,,,--2060
,,,,,,,,,,,,,,,,,,,,,,,,,,--2060
,,,,,,,,,,,,,,,,,,,,,,,,,,--2060
,,,,,,,,,,,,,,,,,,,,,,,,,,--2060
,,,,,,,,,,,,,,,,,,,,,,,,,,--2060
,,,,,,,,,,,,,,,,,,,,,,,,,,--2060
,,,,,,,,,,,,,,,,,,,,,,,,,,--2060
,,,,,,,,,,,,,,,,,,,,,,,,,,--2060
,,,,,,,,,,,,,,,,,,,,,,,,,,--2060
,,,,,,,,,,,,,,,,,,,,,,,,,,--2060
,,,,,,,,,,,,,,,,,,,,,,,,,,--2060
,,,,,,,,,,,,,,,,,,,,,,,,,,--2060
,,,,,,,,,,,,,,,,,,,,,,,,,,--2060
,,,,,,,,,,,,,,,,,,,,,,,,,,--2060
,,,,,,,,,,,,,,,,,,,,,,,,,,--2060
,,,,,,,,,,,,,,,,,,,,,,,,,,--2060
,,,,,,,,,,,,,,,,,,,,,,,,,,--2060
,,,,,,,,,,,,,,,,,,,,,,,,,,--2060
,,,,,,,,,,,,,,,,,,,,,,,,,,--2060
,,,,,,,,,,,,,,,,,,,,,,,,,,--2060
,,,,,,,,,,,,,,,,,,,,,,,,,,--2060
,,,,,,,,,,,,,,,,,,,,,,,,,,--2060
,,,,,,,,,,,,,,,,,,,,,,,,,,--2060
,,,,,,,,,,,,,,,,,,,,,,,,,,--2060
,,,,,,,,,,,,,,,,,,,,,,,,,,--2060
,,,,,,,,,,,,,,,,,,,,,,,,,,--2060
,,,,,,,,,,,,,,,,,,,,,,,,,,--2060
,,,,,,,,,,,,,,,,,,,,,,,,,,--2060
,,,,,,,,,,,,,,,,,,,,,,,,,,--2060
,,,,,,,,,,,,,,,,,,,,,,,,,,--2060
,,,,,,,,,,,,,,,,,,,,,,,,,,--2060
,,,,,,,,,,,,,,,,,,,,,,,,,,--2060
,,,,,,,,,,,,,,,,,,,,,,,,,,--2060
,,,,,,,,,,,,,,,,,,,,,,,,,,--2060
,,,,,,,,,,,,,,,,,,,,,,,,,,--2060
,,,,,,,,,,,,,,,,,,,,,,,,,,--2060
,,,,,,,,,,,,,,,,,,,,,,,,,,--2060
,,,,,,,,,,,,,,,,,,,,,,,,,,--2060
,,,,,,,,,,,,,,,,,,,,,,,,,,--2060
,,,,,,,,,,,,,,,,,,,,,,,,,,--2060
,,,,,,,,,,,,,,,,,,,,,,,,,,--2060
,,,,,,,,,,,,,,,,,,,,,,,,,,--2060
,,,,,,,,,,,,,,,,,,,,,,,,,,--2060
,,,,,,,,,,,,,,,,,,,,,,,,,,--2060
,,,,,,,,,,,,,,,,,,,,,,,,,,--2060
,,,,,,,,,,,,,,,,,,,,,,,,,,--2060
,,,,,,,,,,,,,,,,,,,,,,,,,,--2060
,,,,,,,,,,,,,,,,,,,,,,,,,,--2060
,,,,,,,,,,,,,,,,,,,,,,,,,,--2060
,,,,,,,,,,,,,,,,,,,,,,,,,,--2060
,,,,,,,,,,,,,,,,,,,,,,,,,,--2060
,,,,,,,,,,,,,,,,,,,,,,,,,,--2060
,,,,,,,,,,,,,,,,,,,,,,,,,,--2060
,,,,,,,,,,,,,,,,,,,,,,,,,,--2060
,,,,,,,,,,,,,,,,,,,,,,,,,,--2060
,,,,,,,,,,,,,,,,,,,,,,,,,,--2060
,,,,,,,,,,,,,,,,,,,,,,,,,,--2060
,,,,,,,,,,,,,,,,,,,,,,,,,,--2060
,,,,,,,,,,,,,,,,,,,,,,,,,,--2060
,,,,,,,,,,,,,,,,,,,,,,,,,,--2060
,,,,,,,,,,,,,,,,,,,,,,,,,,--2060
,,,,,,,,,,,,,,,,,,,,,,,,,,--2060
,,,,,,,,,,,,,,,,,,,,,,,,,,--2060
,,,,,,,,,,,,,,,,,,,,,,,,,,--2060
,,,,,,,,,,,,,,,,,,,,,,,,,,--2060
,,,,,,,,,,,,,,,,,,,,,,,,,,--2060
,,,,,,,,,,,,,,,,,,,,,,,,,,--2060
,,,,,,,,,,,,,,,,,,,,,,,,,,--2060
,,,,,,,,,,,,,,,,,,,,,,,,,,--2060
,,,,,,,,,,,,,,,,,,,,,,,,,,--2060
,,,,,,,,,,,,,,,,,,,,,,,,,,--2060
,,,,,,,,,,,,,,,,,,,,,,,,,,--2060
,,,,,,,,,,,,,,,,,,,,,,,,,,--2060
,,,,,,,,,,,,,,,,,,,,,,,,,,--2060
,,,,,,,,,,,,,,,,,,,,,,,,,,--2060
,,,,,,,,,,,,,,,,,,,,,,,,,,--2060
,,,,,,,,,,,,,,,,,,,,,,,,,,--2060
,,,,,,,,,,,,,,,,,,,,,,,,,,--2060
,,,,,,,,,,,,,,,,,,,,,,,,,,--2060
,,,,,,,,,,,,,,,,,,,,,,,,,,--2060
,,,,,,,,,,,,,,,,,,,,,,,,,,--2060
,,,,,,,,,,,,,,,,,,,,,,,,,,--2060
,,,,,,,,,,,,,,,,,,,,,,,,,,--2060
,,,,,,,,,,,,,,,,,,,,,,,,,,--2060
,,,,,,,,,,,,,,,,,,,,,,,,,,--2060
,,,,,,,,,,,,,,,,,,,,,,,,,,--2060
,,,,,,,,,,,,,,,,,,,,,,,,,,--2060
,,,,,,,,,,,,,,,,,,,,,,,,,,--2060
,,,,,,,,,,,,,,,,,,,,,,,,,,--2060
,,,,,,,,,,,,,,,,,,,,,,,,,,--2060
,,,,,,,,,,,,,,,,,,,,,,,,,,--2060
,,,,,,,,,,,,,,,,,,,,,,,,,,--2060
,,,,,,,,,,,,,,,,,,,,,,,,,,--2060
,,,,,,,,,,,,,,,,,,,,,,,,,,--2060
,,,,,,,,,,,,,,,,,,,,,,,,,,--2060
,,,,,,,,,,,,,,,,,,,,,,,,,,--2060
,,,,,,,,,,,,,,,,,,,,,,,,,,--2060
,,,,,,,,,,,,,,,,,,,,,,,,,,--2060
,,,,,,,,,,,,,,,,,,,,,,,,,,--2060
,,,,,,,,,,,,,,,,,,,,,,,,,,--2060
,,,,,,,,,,,,,,,,,,,,,,,,,,--2060
,,,,,,,,,,,,,,,,,,,,,,,,,,--2060
,,,,,,,,,,,,,,,,,,,,,,,,,,--2060
,,,,,,,,,,,,,,,,,,,,,,,,,,--2060
,,,,,,,,,,,,,,,,,,,,,,,,,,--2060
,,,,,,,,,,,,,,,,,,,,,,,,,,--2060
,,,,,,,,,,,,,,,,,,,,,,,,,,--2060
,,,,,,,,,,,,,,,,,,,,,,,,,,--2060
,,,,,,,,,,,,,,,,,,,,,,,,,,--2060
,,,,,,,,,,,,,,,,,,,,,,,,,,--2060
,,,,,,,,,,,,,,,,,,,,,,,,,,--2060
,,,,,,,,,,,,,,,,,,,,,,,,,,--2060
,,,,,,,,,,,,,,,,,,,,,,,,,,--2060
,,,,,,,,,,,,,,,,,,,,,,,,,,--2060
,,,,,,,,,,,,,,,,,,,,,,,,,,--2060
,,,,,,,,,,,,,,,,,,,,,,,,,,--2060
,,,,,,,,,,,,,,,,,,,,,,,,,,--2060
,,,,,,,,,,,,,,,,,,,,,,,,,,--2060
,,,,,,,,,,,,,,,,,,,,,,,,,,--2060
,,,,,,,,,,,,,,,,,,,,,,,,,,--2060
,,,,,,,,,,,,,,,,,,,,,,,,,,--2060
,,,,,,,,,,,,,,,,,,,,,,,,,,--2060
,,,,,,,,,,,,,,,,,,,,,,,,,,--2060
,,,,,,,,,,,,,,,,,,,,,,,,,,--2060
,,,,,,,,,,,,,,,,,,,,,,,,,,--2060
,,,,,,,,,,,,,,,,,,,,,,,,,,--2060
,,,,,,,,,,,,,,,,,,,,,,,,,,--2060
,,,,,,,,,,,,,,,,,,,,,,,,,,--2060
,,,,,,,,,,,,,,,,,,,,,,,,,,--2060
,,,,,,,,,,,,,,,,,,,,,,,,,,--2060
,,,,,,,,,,,,,,,,,,,,,,,,,,--2060
,,,,,,,,,,,,,,,,,,,,,,,,,,--2060
,,,,,,,,,,,,,,,,,,,,,,,,,,--2060
,,,,,,,,,,,,,,,,,,,,,,,,,,--2060
,,,,,,,,,,,,,,,,,,,,,,,,,,--2060
,,,,,,,,,,,,,,,,,,,,,,,,,,--2060
,,,,,,,,,,,,,,,,,,,,,,,,,,--2060
,,,,,,,,,,,,,,,,,,,,,,,,,,--2060
,,,,,,,,,,,,,,,,,,,,,,,,,,--2060
,,,,,,,,,,,,,,,,,,,,,,,,,,--2060
,,,,,,,,,,,,,,,,,,,,,,,,,,--2060
,,,,,,,,,,,,,,,,,,,,,,,,,,--2060
,,,,,,,,,,,,,,,,,,,,,,,,,,--2060
,,,,,,,,,,,,,,,,,,,,,,,,,,--2060
,,,,,,,,,,,,,,,,,,,,,,,,,,--2060
,,,,,,,,,,,,,,,,,,,,,,,,,,--2060
,,,,,,,,,,,,,,,,,,,,,,,,,,--2060
,,,,,,,,,,,,,,,,,,,,,,,,,,--2060
,,,,,,,,,,,,,,,,,,,,,,,,,,--2060
,,,,,,,,,,,,,,,,,,,,,,,,,,--2060
,,,,,,,,,,,,,,,,,,,,,,,,,,--2060
,,,,,,,,,,,,,,,,,,,,,,,,,,--2060
,,,,,,,,,,,,,,,,,,,,,,,,,,--2060
,,,,,,,,,,,,,,,,,,,,,,,,,,--2060
,,,,,,,,,,,,,,,,,,,,,,,,,,--2060
,,,,,,,,,,,,,,,,,,,,,,,,,,--2060
,,,,,,,,,,,,,,,,,,,,,,,,,,--2060
,,,,,,,,,,,,,,,,,,,,,,,,,,--2060
,,,,,,,,,,,,,,,,,,,,,,,,,,--2060
,,,,,,,,,,,,,,,,,,,,,,,,,,--2060
,,,,,,,,,,,,,,,,,,,,,,,,,,--2060
,,,,,,,,,,,,,,,,,,,,,,,,,,--2060
,,,,,,,,,,,,,,,,,,,,,,,,,,--2060
,,,,,,,,,,,,,,,,,,,,,,,,,,--2060
,,,,,,,,,,,,,,,,,,,,,,,,,,--2060
,,,,,,,,,,,,,,,,,,,,,,,,,,--2060
,,,,,,,,,,,,,,,,,,,,,,,,,,--2060
,,,,,,,,,,,,,,,,,,,,,,,,,,--2060
,,,,,,,,,,,,,,,,,,,,,,,,,,--2060
,,,,,,,,,,,,,,,,,,,,,,,,,,--2060
,,,,,,,,,,,,,,,,,,,,,,,,,,--2060
,,,,,,,,,,,,,,,,,,,,,,,,,,--2060
,,,,,,,,,,,,,,,,,,,,,,,,,,--2060
,,,,,,,,,,,,,,,,,,,,,,,,,,--2060
,,,,,,,,,,,,,,,,,,,,,,,,,,--2060
,,,,,,,,,,,,,,,,,,,,,,,,,,--2060
,,,,,,,,,,,,,,,,,,,,,,,,,,--2060
,,,,,,,,,,,,,,,,,,,,,,,,,,--2060
,,,,,,,,,,,,,,,,,,,,,,,,,,--2060
,,,,,,,,,,,,,,,,,,,,,,,,,,--2060
,,,,,,,,,,,,,,,,,,,,,,,,,,--2060
,,,,,,,,,,,,,,,,,,,,,,,,,,--2060
,,,,,,,,,,,,,,,,,,,,,,,,,,--2060
,,,,,,,,,,,,,,,,,,,,,,,,,,--2060
,,,,,,,,,,,,,,,,,,,,,,,,,,--2060
,,,,,,,,,,,,,,,,,,,,,,,,,,--2060
,,,,,,,,,,,,,,,,,,,,,,,,,,--2060
,,,,,,,,,,,,,,,,,,,,,,,,,,--2060
,,,,,,,,,,,,,,,,,,,,,,,,,,--2060
,,,,,,,,,,,,,,,,,,,,,,,,,,--2060
,,,,,,,,,,,,,,,,,,,,,,,,,,--2060
,,,,,,,,,,,,,,,,,,,,,,,,,,--2060
,,,,,,,,,,,,,,,,,,,,,,,,,,--2060
,,,,,,,,,,,,,,,,,,,,,,,,,,--2060
,,,,,,,,,,,,,,,,,,,,,,,,,,--2060
,,,,,,,,,,,,,,,,,,,,,,,,,,--2060
,,,,,,,,,,,,,,,,,,,,,,,,,,--2060
,,,,,,,,,,,,,,,,,,,,,,,,,,--2060
,,,,,,,,,,,,,,,,,,,,,,,,,,--2060
,,,,,,,,,,,,,,,,,,,,,,,,,,--2060
,,,,,,,,,,,,,,,,,,,,,,,,,,--2060
,,,,,,,,,,,,,,,,,,,,,,,,,,--2060
,,,,,,,,,,,,,,,,,,,,,,,,,,--2060
,,,,,,,,,,,,,,,,,,,,,,,,,,--2060
,,,,,,,,,,,,,,,,,,,,,,,,,,--2060
,,,,,,,,,,,,,,,,,,,,,,,,,,--2060
,,,,,,,,,,,,,,,,,,,,,,,,,,--2060
,,,,,,,,,,,,,,,,,,,,,,,,,,--2060
,,,,,,,,,,,,,,,,,,,,,,,,,,--2060
,,,,,,,,,,,,,,,,,,,,,,,,,,--2060
,,,,,,,,,,,,,,,,,,,,,,,,,,--2060
,,,,,,,,,,,,,,,,,,,,,,,,,,--2060
,,,,,,,,,,,,,,,,,,,,,,,,,,--2060
,,,,,,,,,,,,,,,,,,,,,,,,,,--2060
,,,,,,,,,,,,,,,,,,,,,,,,,,--2060
,,,,,,,,,,,,,,,,,,,,,,,,,,--2060
,,,,,,,,,,,,,,,,,,,,,,,,,,--2060
,,,,,,,,,,,,,,,,,,,,,,,,,,--2060
,,,,,,,,,,,,,,,,,,,,,,,,,,--2060
,,,,,,,,,,,,,,,,,,,,,,,,,,--2060
,,,,,,,,,,,,,,,,,,,,,,,,,,--2060
,,,,,,,,,,,,,,,,,,,,,,,,,,--2060
,,,,,,,,,,,,,,,,,,,,,,,,,,--2060
,,,,,,,,,,,,,,,,,,,,,,,,,,--2060
,,,,,,,,,,,,,,,,,,,,,,,,,,--2060
,,,,,,,,,,,,,,,,,,,,,,,,,,--2060
,,,,,,,,,,,,,,,,,,,,,,,,,,--2060
,,,,,,,,,,,,,,,,,,,,,,,,,,--2060
,,,,,,,,,,,,,,,,,,,,,,,,,,--2060
,,,,,,,,,,,,,,,,,,,,,,,,,,--2060
,,,,,,,,,,,,,,,,,,,,,,,,,,--2060
,,,,,,,,,,,,,,,,,,,,,,,,,,--2060
,,,,,,,,,,,,,,,,,,,,,,,,,,--2060
,,,,,,,,,,,,,,,,,,,,,,,,,,--2060
,,,,,,,,,,,,,,,,,,,,,,,,,,--2060
,,,,,,,,,,,,,,,,,,,,,,,,,,--2060
,,,,,,,,,,,,,,,,,,,,,,,,,,--2060
,,,,,,,,,,,,,,,,,,,,,,,,,,--2060
,,,,,,,,,,,,,,,,,,,,,,,,,,--2060
,,,,,,,,,,,,,,,,,,,,,,,,,,--2060
,,,,,,,,,,,,,,,,,,,,,,,,,,--2060
,,,,,,,,,,,,,,,,,,,,,,,,,,--2060
,,,,,,,,,,,,,,,,,,,,,,,,,,--2060
,,,,,,,,,,,,,,,,,,,,,,,,,,--2060
,,,,,,,,,,,,,,,,,,,,,,,,,,--2060
,,,,,,,,,,,,,,,,,,,,,,,,,,--2060
,,,,,,,,,,,,,,,,,,,,,,,,,,--2060
,,,,,,,,,,,,,,,,,,,,,,,,,,--2060
,,,,,,,,,,,,,,,,,,,,,,,,,,--2060
,,,,,,,,,,,,,,,,,,,,,,,,,,--2060
,,,,,,,,,,,,,,,,,,,,,,,,,,--2060
,,,,,,,,,,,,,,,,,,,,,,,,,,--2060
,,,,,,,,,,,,,,,,,,,,,,,,,,--2060
,,,,,,,,,,,,,,,,,,,,,,,,,,--2060
,,,,,,,,,,,,,,,,,,,,,,,,,,--2060
,,,,,,,,,,,,,,,,,,,,,,,,,,--2060
,,,,,,,,,,,,,,,,,,,,,,,,,,--2060
,,,,,,,,,,,,,,,,,,,,,,,,,,--2060
,,,,,,,,,,,,,,,,,,,,,,,,,,--2060
,,,,,,,,,,,,,,,,,,,,,,,,,,--2060
,,,,,,,,,,,,,,,,,,,,,,,,,,--2060
,,,,,,,,,,,,,,,,,,,,,,,,,,--2060
,,,,,,,,,,,,,,,,,,,,,,,,,,--2060
,,,,,,,,,,,,,,,,,,,,,,,,,,--2060
,,,,,,,,,,,,,,,,,,,,,,,,,,--2060
,,,,,,,,,,,,,,,,,,,,,,,,,,--2060
,,,,,,,,,,,,,,,,,,,,,,,,,,--2060
,,,,,,,,,,,,,,,,,,,,,,,,,,--2060
,,,,,,,,,,,,,,,,,,,,,,,,,,--2060
,,,,,,,,,,,,,,,,,,,,,,,,,,--2060
,,,,,,,,,,,,,,,,,,,,,,,,,,--2060
,,,,,,,,,,,,,,,,,,,,,,,,,,--2060
,,,,,,,,,,,,,,,,,,,,,,,,,,--2060
,,,,,,,,,,,,,,,,,,,,,,,,,,--2060
,,,,,,,,,,,,,,,,,,,,,,,,,,--2060
,,,,,,,,,,,,,,,,,,,,,,,,,,--2060
,,,,,,,,,,,,,,,,,,,,,,,,,,--2060
,,,,,,,,,,,,,,,,,,,,,,,,,,--2060
,,,,,,,,,,,,,,,,,,,,,,,,,,--2060
,,,,,,,,,,,,,,,,,,,,,,,,,,--2060
,,,,,,,,,,,,,,,,,,,,,,,,,,--2060
,,,,,,,,,,,,,,,,,,,,,,,,,,--2060
,,,,,,,,,,,,,,,,,,,,,,,,,,--2060
,,,,,,,,,,,,,,,,,,,,,,,,,,--2060
,,,,,,,,,,,,,,,,,,,,,,,,,,--2060
,,,,,,,,,,,,,,,,,,,,,,,,,,--2060
,,,,,,,,,,,,,,,,,,,,,,,,,,--2060
,,,,,,,,,,,,,,,,,,,,,,,,,,--2060
,,,,,,,,,,,,,,,,,,,,,,,,,,--2060
,,,,,,,,,,,,,,,,,,,,,,,,,,--2060
,,,,,,,,,,,,,,,,,,,,,,,,,,--2060
,,,,,,,,,,,,,,,,,,,,,,,,,,--2060
,,,,,,,,,,,,,,,,,,,,,,,,,,--2060
,,,,,,,,,,,,,,,,,,,,,,,,,,--2060
,,,,,,,,,,,,,,,,,,,,,,,,,,--2060
,,,,,,,,,,,,,,,,,,,,,,,,,,--2060
,,,,,,,,,,,,,,,,,,,,,,,,,,--2060
,,,,,,,,,,,,,,,,,,,,,,,,,,--2060
,,,,,,,,,,,,,,,,,,,,,,,,,,--2060
,,,,,,,,,,,,,,,,,,,,,,,,,,--2060
,,,,,,,,,,,,,,,,,,,,,,,,,,--2060
,,,,,,,,,,,,,,,,,,,,,,,,,,--2060
,,,,,,,,,,,,,,,,,,,,,,,,,,--2060
,,,,,,,,,,,,,,,,,,,,,,,,,,--2060
,,,,,,,,,,,,,,,,,,,,,,,,,,--2060
,,,,,,,,,,,,,,,,,,,,,,,,,,--2060
,,,,,,,,,,,,,,,,,,,,,,,,,,--2060
,,,,,,,,,,,,,,,,,,,,,,,,,,--2060
,,,,,,,,,,,,,,,,,,,,,,,,,,--2060
,,,,,,,,,,,,,,,,,,,,,,,,,,--2060
,,,,,,,,,,,,,,,,,,,,,,,,,,--2060
,,,,,,,,,,,,,,,,,,,,,,,,,,--2060
,,,,,,,,,,,,,,,,,,,,,,,,,,--2060
,,,,,,,,,,,,,,,,,,,,,,,,,,--2060
,,,,,,,,,,,,,,,,,,,,,,,,,,--2060
,,,,,,,,,,,,,,,,,,,,,,,,,,--2060
,,,,,,,,,,,,,,,,,,,,,,,,,,--2060
,,,,,,,,,,,,,,,,,,,,,,,,,,--2060
,,,,,,,,,,,,,,,,,,,,,,,,,,--2060
,,,,,,,,,,,,,,,,,,,,,,,,,,--2060
,,,,,,,,,,,,,,,,,,,,,,,,,,--2060
,,,,,,,,,,,,,,,,,,,,,,,,,,--2060
,,,,,,,,,,,,,,,,,,,,,,,,,,--2060
,,,,,,,,,,,,,,,,,,,,,,,,,,--2060
,,,,,,,,,,,,,,,,,,,,,,,,,,--2060
,,,,,,,,,,,,,,,,,,,,,,,,,,--2060
,,,,,,,,,,,,,,,,,,,,,,,,,,--2060
,,,,,,,,,,,,,,,,,,,,,,,,,,--2060
,,,,,,,,,,,,,,,,,,,,,,,,,,--2060
,,,,,,,,,,,,,,,,,,,,,,,,,,--2060
,,,,,,,,,,,,,,,,,,,,,,,,,,--2060
,,,,,,,,,,,,,,,,,,,,,,,,,,--2060
,,,,,,,,,,,,,,,,,,,,,,,,,,--2060
,,,,,,,,,,,,,,,,,,,,,,,,,,--2060
,,,,,,,,,,,,,,,,,,,,,,,,,,--2060
,,,,,,,,,,,,,,,,,,,,,,,,,,--2060
,,,,,,,,,,,,,,,,,,,,,,,,,,--2060
,,,,,,,,,,,,,,,,,,,,,,,,,,--2060
,,,,,,,,,,,,,,,,,,,,,,,,,,--2060
,,,,,,,,,,,,,,,,,,,,,,,,,,--2060
,,,,,,,,,,,,,,,,,,,,,,,,,,--2060
,,,,,,,,,,,,,,,,,,,,,,,,,,--2060
,,,,,,,,,,,,,,,,,,,,,,,,,,--2060
,,,,,,,,,,,,,,,,,,,,,,,,,,--2060
,,,,,,,,,,,,,,,,,,,,,,,,,,--2060
,,,,,,,,,,,,,,,,,,,,,,,,,,--2060
,,,,,,,,,,,,,,,,,,,,,,,,,,--2060
,,,,,,,,,,,,,,,,,,,,,,,,,,--2060
,,,,,,,,,,,,,,,,,,,,,,,,,,--2060
,,,,,,,,,,,,,,,,,,,,,,,,,,--2060
,,,,,,,,,,,,,,,,,,,,,,,,,,--2060
,,,,,,,,,,,,,,,,,,,,,,,,,,--2060
,,,,,,,,,,,,,,,,,,,,,,,,,,--2060
,,,,,,,,,,,,,,,,,,,,,,,,,,--2060
,,,,,,,,,,,,,,,,,,,,,,,,,,--2060
,,,,,,,,,,,,,,,,,,,,,,,,,,--2060
,,,,,,,,,,,,,,,,,,,,,,,,,,--2060
,,,,,,,,,,,,,,,,,,,,,,,,,,--2060
,,,,,,,,,,,,,,,,,,,,,,,,,,--2060
,,,,,,,,,,,,,,,,,,,,,,,,,,--2060
,,,,,,,,,,,,,,,,,,,,,,,,,,--2060
,,,,,,,,,,,,,,,,,,,,,,,,,,--2060
,,,,,,,,,,,,,,,,,,,,,,,,,,--2060
,,,,,,,,,,,,,,,,,,,,,,,,,,--2060
,,,,,,,,,,,,,,,,,,,,,,,,,,--2060
,,,,,,,,,,,,,,,,,,,,,,,,,,--2060
,,,,,,,,,,,,,,,,,,,,,,,,,,--2060
,,,,,,,,,,,,,,,,,,,,,,,,,,--2060
,,,,,,,,,,,,,,,,,,,,,,,,,,--2060
,,,,,,,,,,,,,,,,,,,,,,,,,,--2060
,,,,,,,,,,,,,,,,,,,,,,,,,,--2060
,,,,,,,,,,,,,,,,,,,,,,,,,,--2060
,,,,,,,,,,,,,,,,,,,,,,,,,,--2060
,,,,,,,,,,,,,,,,,,,,,,,,,,--2060
,,,,,,,,,,,,,,,,,,,,,,,,,,--2060
,,,,,,,,,,,,,,,,,,,,,,,,,,--2060
,,,,,,,,,,,,,,,,,,,,,,,,,,--2060
,,,,,,,,,,,,,,,,,,,,,,,,,,--2060
,,,,,,,,,,,,,,,,,,,,,,,,,,--2060
,,,,,,,,,,,,,,,,,,,,,,,,,,--2060
,,,,,,,,,,,,,,,,,,,,,,,,,,--2060
,,,,,,,,,,,,,,,,,,,,,,,,,,--2060
,,,,,,,,,,,,,,,,,,,,,,,,,,--2060
,,,,,,,,,,,,,,,,,,,,,,,,,,--2060
,,,,,,,,,,,,,,,,,,,,,,,,,,--2060
,,,,,,,,,,,,,,,,,,,,,,,,,,--2060
,,,,,,,,,,,,,,,,,,,,,,,,,,--2060
,,,,,,,,,,,,,,,,,,,,,,,,,,--2060
,,,,,,,,,,,,,,,,,,,,,,,,,,--2060
,,,,,,,,,,,,,,,,,,,,,,,,,,--2060
,,,,,,,,,,,,,,,,,,,,,,,,,,--2060
,,,,,,,,,,,,,,,,,,,,,,,,,,--2060
,,,,,,,,,,,,,,,,,,,,,,,,,,--2060
,,,,,,,,,,,,,,,,,,,,,,,,,,--2060
,,,,,,,,,,,,,,,,,,,,,,,,,,--2060
,,,,,,,,,,,,,,,,,,,,,,,,,,--2060
,,,,,,,,,,,,,,,,,,,,,,,,,,--2060
,,,,,,,,,,,,,,,,,,,,,,,,,,--2060
,,,,,,,,,,,,,,,,,,,,,,,,,,--2060
,,,,,,,,,,,,,,,,,,,,,,,,,,--2060
,,,,,,,,,,,,,,,,,,,,,,,,,,--2060
,,,,,,,,,,,,,,,,,,,,,,,,,,--2060
,,,,,,,,,,,,,,,,,,,,,,,,,,--2060
,,,,,,,,,,,,,,,,,,,,,,,,,,--2060
,,,,,,,,,,,,,,,,,,,,,,,,,,--2060
,,,,,,,,,,,,,,,,,,,,,,,,,,--2060
,,,,,,,,,,,,,,,,,,,,,,,,,,--2060
,,,,,,,,,,,,,,,,,,,,,,,,,,--2060
,,,,,,,,,,,,,,,,,,,,,,,,,,--2060
,,,,,,,,,,,,,,,,,,,,,,,,,,--2060
,,,,,,,,,,,,,,,,,,,,,,,,,,--2060
,,,,,,,,,,,,,,,,,,,,,,,,,,--2060
,,,,,,,,,,,,,,,,,,,,,,,,,,--2060
,,,,,,,,,,,,,,,,,,,,,,,,,,--2060
,,,,,,,,,,,,,,,,,,,,,,,,,,--2060
,,,,,,,,,,,,,,,,,,,,,,,,,,--2060
,,,,,,,,,,,,,,,,,,,,,,,,,,--2060
,,,,,,,,,,,,,,,,,,,,,,,,,,--2060
,,,,,,,,,,,,,,,,,,,,,,,,,,--2060
,,,,,,,,,,,,,,,,,,,,,,,,,,--2060
,,,,,,,,,,,,,,,,,,,,,,,,,,--2060
,,,,,,,,,,,,,,,,,,,,,,,,,,--2060
,,,,,,,,,,,,,,,,,,,,,,,,,,--2060
,,,,,,,,,,,,,,,,,,,,,,,,,,--2060
,,,,,,,,,,,,,,,,,,,,,,,,,,--2060
,,,,,,,,,,,,,,,,,,,,,,,,,,--2060
,,,,,,,,,,,,,,,,,,,,,,,,,,--2060
,,,,,,,,,,,,,,,,,,,,,,,,,,--2060
,,,,,,,,,,,,,,,,,,,,,,,,,,--2060
,,,,,,,,,,,,,,,,,,,,,,,,,,--2060
,,,,,,,,,,,,,,,,,,,,,,,,,,--2060
,,,,,,,,,,,,,,,,,,,,,,,,,,--2060
,,,,,,,,,,,,,,,,,,,,,,,,,,--2060
,,,,,,,,,,,,,,,,,,,,,,,,,,--2060
,,,,,,,,,,,,,,,,,,,,,,,,,,--2060
,,,,,,,,,,,,,,,,,,,,,,,,,,--2060
,,,,,,,,,,,,,,,,,,,,,,,,,,--2060
,,,,,,,,,,,,,,,,,,,,,,,,,,--2060
,,,,,,,,,,,,,,,,,,,,,,,,,,--2060
,,,,,,,,,,,,,,,,,,,,,,,,,,--2060
,,,,,,,,,,,,,,,,,,,,,,,,,,--2060
,,,,,,,,,,,,,,,,,,,,,,,,,,--2060
,,,,,,,,,,,,,,,,,,,,,,,,,,--2060
,,,,,,,,,,,,,,,,,,,,,,,,,,--2060
,,,,,,,,,,,,,,,,,,,,,,,,,,--2060
,,,,,,,,,,,,,,,,,,,,,,,,,,--2060
,,,,,,,,,,,,,,,,,,,,,,,,,,--2060
,,,,,,,,,,,,,,,,,,,,,,,,,,--2060
,,,,,,,,,,,,,,,,,,,,,,,,,,--2060
,,,,,,,,,,,,,,,,,,,,,,,,,,--2060
,,,,,,,,,,,,,,,,,,,,,,,,,,--2060
,,,,,,,,,,,,,,,,,,,,,,,,,,--2060
,,,,,,,,,,,,,,,,,,,,,,,,,,--2060
,,,,,,,,,,,,,,,,,,,,,,,,,,--2060
,,,,,,,,,,,,,,,,,,,,,,,,,,--2060
,,,,,,,,,,,,,,,,,,,,,,,,,,--2060
,,,,,,,,,,,,,,,,,,,,,,,,,,--2060
,,,,,,,,,,,,,,,,,,,,,,,,,,--2060
,,,,,,,,,,,,,,,,,,,,,,,,,,--2060
,,,,,,,,,,,,,,,,,,,,,,,,,,--2060
,,,,,,,,,,,,,,,,,,,,,,,,,,--2060
,,,,,,,,,,,,,,,,,,,,,,,,,,--2060
,,,,,,,,,,,,,,,,,,,,,,,,,,--2060
,,,,,,,,,,,,,,,,,,,,,,,,,,--2060
,,,,,,,,,,,,,,,,,,,,,,,,,,--2060
,,,,,,,,,,,,,,,,,,,,,,,,,,--2060
,,,,,,,,,,,,,,,,,,,,,,,,,,--2060
,,,,,,,,,,,,,,,,,,,,,,,,,,--2060
,,,,,,,,,,,,,,,,,,,,,,,,,,--2060
,,,,,,,,,,,,,,,,,,,,,,,,,,--2060
,,,,,,,,,,,,,,,,,,,,,,,,,,--2060
,,,,,,,,,,,,,,,,,,,,,,,,,,--2060
,,,,,,,,,,,,,,,,,,,,,,,,,,--2060
,,,,,,,,,,,,,,,,,,,,,,,,,,--2060
,,,,,,,,,,,,,,,,,,,,,,,,,,--2060
,,,,,,,,,,,,,,,,,,,,,,,,,,--2060
,,,,,,,,,,,,,,,,,,,,,,,,,,--2060
,,,,,,,,,,,,,,,,,,,,,,,,,,--2060
,,,,,,,,,,,,,,,,,,,,,,,,,,--2060
,,,,,,,,,,,,,,,,,,,,,,,,,,--2060
,,,,,,,,,,,,,,,,,,,,,,,,,,--2060
,,,,,,,,,,,,,,,,,,,,,,,,,,--2060
,,,,,,,,,,,,,,,,,,,,,,,,,,--2060
,,,,,,,,,,,,,,,,,,,,,,,,,,--2060
,,,,,,,,,,,,,,,,,,,,,,,,,,--2060
,,,,,,,,,,,,,,,,,,,,,,,,,,--2060
,,,,,,,,,,,,,,,,,,,,,,,,,,--2060
,,,,,,,,,,,,,,,,,,,,,,,,,,--2060
,,,,,,,,,,,,,,,,,,,,,,,,,,--2060
,,,,,,,,,,,,,,,,,,,,,,,,,,--2060
,,,,,,,,,,,,,,,,,,,,,,,,,,--2060
,,,,,,,,,,,,,,,,,,,,,,,,,,--2060
,,,,,,,,,,,,,,,,,,,,,,,,,,--2060
,,,,,,,,,,,,,,,,,,,,,,,,,,--2060
,,,,,,,,,,,,,,,,,,,,,,,,,,--2060
,,,,,,,,,,,,,,,,,,,,,,,,,,--2060
,,,,,,,,,,,,,,,,,,,,,,,,,,--2060
,,,,,,,,,,,,,,,,,,,,,,,,,,--2060
,,,,,,,,,,,,,,,,,,,,,,,,,,--2060
,,,,,,,,,,,,,,,,,,,,,,,,,,--2060
,,,,,,,,,,,,,,,,,,,,,,,,,,--2060
,,,,,,,,,,,,,,,,,,,,,,,,,,--2060
,,,,,,,,,,,,,,,,,,,,,,,,,,--2060
,,,,,,,,,,,,,,,,,,,,,,,,,,--2060
,,,,,,,,,,,,,,,,,,,,,,,,,,--2060
,,,,,,,,,,,,,,,,,,,,,,,,,,--2060
,,,,,,,,,,,,,,,,,,,,,,,,,,--2060
,,,,,,,,,,,,,,,,,,,,,,,,,,--2060
,,,,,,,,,,,,,,,,,,,,,,,,,,--2060
,,,,,,,,,,,,,,,,,,,,,,,,,,--2060
,,,,,,,,,,,,,,,,,,,,,,,,,,--2060
,,,,,,,,,,,,,,,,,,,,,,,,,,--2060
,,,,,,,,,,,,,,,,,,,,,,,,,,--2060
,,,,,,,,,,,,,,,,,,,,,,,,,,--2060
,,,,,,,,,,,,,,,,,,,,,,,,,,--2060
,,,,,,,,,,,,,,,,,,,,,,,,,,--2060
,,,,,,,,,,,,,,,,,,,,,,,,,,--2060
,,,,,,,,,,,,,,,,,,,,,,,,,,--2060
,,,,,,,,,,,,,,,,,,,,,,,,,,--2060
,,,,,,,,,,,,,,,,,,,,,,,,,,--2060
,,,,,,,,,,,,,,,,,,,,,,,,,,--2060
,,,,,,,,,,,,,,,,,,,,,,,,,,--2060
,,,,,,,,,,,,,,,,,,,,,,,,,,--2060
,,,,,,,,,,,,,,,,,,,,,,,,,,--2060
,,,,,,,,,,,,,,,,,,,,,,,,,,--2060
,,,,,,,,,,,,,,,,,,,,,,,,,,--2060
,,,,,,,,,,,,,,,,,,,,,,,,,,--2060
,,,,,,,,,,,,,,,,,,,,,,,,,,--2060
,,,,,,,,,,,,,,,,,,,,,,,,,,--2060
,,,,,,,,,,,,,,,,,,,,,,,,,,--2060
,,,,,,,,,,,,,,,,,,,,,,,,,,--2060
,,,,,,,,,,,,,,,,,,,,,,,,,,--2060
,,,,,,,,,,,,,,,,,,,,,,,,,,--2060
,,,,,,,,,,,,,,,,,,,,,,,,,,--2060
,,,,,,,,,,,,,,,,,,,,,,,,,,--2060
,,,,,,,,,,,,,,,,,,,,,,,,,,--2060
,,,,,,,,,,,,,,,,,,,,,,,,,,--2060
,,,,,,,,,,,,,,,,,,,,,,,,,,--2060
,,,,,,,,,,,,,,,,,,,,,,,,,,--2060
,,,,,,,,,,,,,,,,,,,,,,,,,,--2060
,,,,,,,,,,,,,,,,,,,,,,,,,,--2060
,,,,,,,,,,,,,,,,,,,,,,,,,,--2060
,,,,,,,,,,,,,,,,,,,,,,,,,,--2060
,,,,,,,,,,,,,,,,,,,,,,,,,,--2060
,,,,,,,,,,,,,,,,,,,,,,,,,,--2060
,,,,,,,,,,,,,,,,,,,,,,,,,,--2060
,,,,,,,,,,,,,,,,,,,,,,,,,,--2060
,,,,,,,,,,,,,,,,,,,,,,,,,,--2060
,,,,,,,,,,,,,,,,,,,,,,,,,,--2060
,,,,,,,,,,,,,,,,,,,,,,,,,,--2060
,,,,,,,,,,,,,,,,,,,,,,,,,,--2060
,,,,,,,,,,,,,,,,,,,,,,,,,,--2060
,,,,,,,,,,,,,,,,,,,,,,,,,,--2060
,,,,,,,,,,,,,,,,,,,,,,,,,,--2060
,,,,,,,,,,,,,,,,,,,,,,,,,,--2060
,,,,,,,,,,,,,,,,,,,,,,,,,,--2060
,,,,,,,,,,,,,,,,,,,,,,,,,,--2060
,,,,,,,,,,,,,,,,,,,,,,,,,,--2060
,,,,,,,,,,,,,,,,,,,,,,,,,,--2060
,,,,,,,,,,,,,,,,,,,,,,,,,,--2060
,,,,,,,,,,,,,,,,,,,,,,,,,,--2060
,,,,,,,,,,,,,,,,,,,,,,,,,,--2060
,,,,,,,,,,,,,,,,,,,,,,,,,,--2060
,,,,,,,,,,,,,,,,,,,,,,,,,,--2060
,,,,,,,,,,,,,,,,,,,,,,,,,,--2060
,,,,,,,,,,,,,,,,,,,,,,,,,,--2060
,,,,,,,,,,,,,,,,,,,,,,,,,,--2060
,,,,,,,,,,,,,,,,,,,,,,,,,,--2060
,,,,,,,,,,,,,,,,,,,,,,,,,,--2060
,,,,,,,,,,,,,,,,,,,,,,,,,,--2060
,,,,,,,,,,,,,,,,,,,,,,,,,,--2060
,,,,,,,,,,,,,,,,,,,,,,,,,,--2060
,,,,,,,,,,,,,,,,,,,,,,,,,,--2060
,,,,,,,,,,,,,,,,,,,,,,,,,,--2060
,,,,,,,,,,,,,,,,,,,,,,,,,,--2060
,,,,,,,,,,,,,,,,,,,,,,,,,,--2060
,,,,,,,,,,,,,,,,,,,,,,,,,,--2060
,,,,,,,,,,,,,,,,,,,,,,,,,,--2060
,,,,,,,,,,,,,,,,,,,,,,,,,,--2060
,,,,,,,,,,,,,,,,,,,,,,,,,,--2060
,,,,,,,,,,,,,,,,,,,,,,,,,,--2060
,,,,,,,,,,,,,,,,,,,,,,,,,,--2060
,,,,,,,,,,,,,,,,,,,,,,,,,,--2060
,,,,,,,,,,,,,,,,,,,,,,,,,,--2060
,,,,,,,,,,,,,,,,,,,,,,,,,,--2060
,,,,,,,,,,,,,,,,,,,,,,,,,,--2060
,,,,,,,,,,,,,,,,,,,,,,,,,,--2060
,,,,,,,,,,,,,,,,,,,,,,,,,,--2060
,,,,,,,,,,,,,,,,,,,,,,,,,,--2060
,,,,,,,,,,,,,,,,,,,,,,,,,,--2060
,,,,,,,,,,,,,,,,,,,,,,,,,,--2060
,,,,,,,,,,,,,,,,,,,,,,,,,,--2060
,,,,,,,,,,,,,,,,,,,,,,,,,,--2060
,,,,,,,,,,,,,,,,,,,,,,,,,,--2060
,,,,,,,,,,,,,,,,,,,,,,,,,,--2060
,,,,,,,,,,,,,,,,,,,,,,,,,,--2060
,,,,,,,,,,,,,,,,,,,,,,,,,,--2060
,,,,,,,,,,,,,,,,,,,,,,,,,,--2060
,,,,,,,,,,,,,,,,,,,,,,,,,,--2060
,,,,,,,,,,,,,,,,,,,,,,,,,,--2060
,,,,,,,,,,,,,,,,,,,,,,,,,,--2060
,,,,,,,,,,,,,,,,,,,,,,,,,,--2060
,,,,,,,,,,,,,,,,,,,,,,,,,,--2060
,,,,,,,,,,,,,,,,,,,,,,,,,,--2060
,,,,,,,,,,,,,,,,,,,,,,,,,,--2060
,,,,,,,,,,,,,,,,,,,,,,,,,,--2060
,,,,,,,,,,,,,,,,,,,,,,,,,,--2060
,,,,,,,,,,,,,,,,,,,,,,,,,,--2060
,,,,,,,,,,,,,,,,,,,,,,,,,,--2060
,,,,,,,,,,,,,,,,,,,,,,,,,,--2060
,,,,,,,,,,,,,,,,,,,,,,,,,,--2060
,,,,,,,,,,,,,,,,,,,,,,,,,,--2060
,,,,,,,,,,,,,,,,,,,,,,,,,,--2060
,,,,,,,,,,,,,,,,,,,,,,,,,,--2060
,,,,,,,,,,,,,,,,,,,,,,,,,,--2060
,,,,,,,,,,,,,,,,,,,,,,,,,,--2060
,,,,,,,,,,,,,,,,,,,,,,,,,,--2060
,,,,,,,,,,,,,,,,,,,,,,,,,,--2060
,,,,,,,,,,,,,,,,,,,,,,,,,,--2060
,,,,,,,,,,,,,,,,,,,,,,,,,,--2060
,,,,,,,,,,,,,,,,,,,,,,,,,,--2060
,,,,,,,,,,,,,,,,,,,,,,,,,,--2060
,,,,,,,,,,,,,,,,,,,,,,,,,,--2060
,,,,,,,,,,,,,,,,,,,,,,,,,,--2060
,,,,,,,,,,,,,,,,,,,,,,,,,,--2060
,,,,,,,,,,,,,,,,,,,,,,,,,,--2060
,,,,,,,,,,,,,,,,,,,,,,,,,,--2060
,,,,,,,,,,,,,,,,,,,,,,,,,,--2060
,,,,,,,,,,,,,,,,,,,,,,,,,,--2060
,,,,,,,,,,,,,,,,,,,,,,,,,,--2060
,,,,,,,,,,,,,,,,,,,,,,,,,,--2060
,,,,,,,,,,,,,,,,,,,,,,,,,,--2060
,,,,,,,,,,,,,,,,,,,,,,,,,,--2060
,,,,,,,,,,,,,,,,,,,,,,,,,,--2060
,,,,,,,,,,,,,,,,,,,,,,,,,,--2060
,,,,,,,,,,,,,,,,,,,,,,,,,,--2060
,,,,,,,,,,,,,,,,,,,,,,,,,,--2060
,,,,,,,,,,,,,,,,,,,,,,,,,,--2060
,,,,,,,,,,,,,,,,,,,,,,,,,,--2060
,,,,,,,,,,,,,,,,,,,,,,,,,,--2060
,,,,,,,,,,,,,,,,,,,,,,,,,,--2060
,,,,,,,,,,,,,,,,,,,,,,,,,,--2060
,,,,,,,,,,,,,,,,,,,,,,,,,,--2060
,,,,,,,,,,,,,,,,,,,,,,,,,,--2060
,,,,,,,,,,,,,,,,,,,,,,,,,,--2060
,,,,,,,,,,,,,,,,,,,,,,,,,,--2060
,,,,,,,,,,,,,,,,,,,,,,,,,,--2060
,,,,,,,,,,,,,,,,,,,,,,,,,,--2060
,,,,,,,,,,,,,,,,,,,,,,,,,,--2060
,,,,,,,,,,,,,,,,,,,,,,,,,,--2060
,,,,,,,,,,,,,,,,,,,,,,,,,,--2060
,,,,,,,,,,,,,,,,,,,,,,,,,,--2060
,,,,,,,,,,,,,,,,,,,,,,,,,,--2060
,,,,,,,,,,,,,,,,,,,,,,,,,,--2060
,,,,,,,,,,,,,,,,,,,,,,,,,,--2060
,,,,,,,,,,,,,,,,,,,,,,,,,,--2060
,,,,,,,,,,,,,,,,,,,,,,,,,,--2060
,,,,,,,,,,,,,,,,,,,,,,,,,,--2060
,,,,,,,,,,,,,,,,,,,,,,,,,,--2060
,,,,,,,,,,,,,,,,,,,,,,,,,,--2060
,,,,,,,,,,,,,,,,,,,,,,,,,,--2060
,,,,,,,,,,,,,,,,,,,,,,,,,,--2060
,,,,,,,,,,,,,,,,,,,,,,,,,,--2060
,,,,,,,,,,,,,,,,,,,,,,,,,,--2060
,,,,,,,,,,,,,,,,,,,,,,,,,,--2060
,,,,,,,,,,,,,,,,,,,,,,,,,,--2060
,,,,,,,,,,,,,,,,,,,,,,,,,,--2060
,,,,,,,,,,,,,,,,,,,,,,,,,,--2060
,,,,,,,,,,,,,,,,,,,,,,,,,,--2060
,,,,,,,,,,,,,,,,,,,,,,,,,,--2060
,,,,,,,,,,,,,,,,,,,,,,,,,,--2060
,,,,,,,,,,,,,,,,,,,,,,,,,,--2060
,,,,,,,,,,,,,,,,,,,,,,,,,,--2060
,,,,,,,,,,,,,,,,,,,,,,,,,,--2060
,,,,,,,,,,,,,,,,,,,,,,,,,,--2060
,,,,,,,,,,,,,,,,,,,,,,,,,,--2060
,,,,,,,,,,,,,,,,,,,,,,,,,,--2060
,,,,,,,,,,,,,,,,,,,,,,,,,,--2060
,,,,,,,,,,,,,,,,,,,,,,,,,,--2060
,,,,,,,,,,,,,,,,,,,,,,,,,,--2060
,,,,,,,,,,,,,,,,,,,,,,,,,,--2060
,,,,,,,,,,,,,,,,,,,,,,,,,,--2060
,,,,,,,,,,,,,,,,,,,,,,,,,,--2060
,,,,,,,,,,,,,,,,,,,,,,,,,,--2060
,,,,,,,,,,,,,,,,,,,,,,,,,,--2060
,,,,,,,,,,,,,,,,,,,,,,,,,,--2060
,,,,,,,,,,,,,,,,,,,,,,,,,,--2060
,,,,,,,,,,,,,,,,,,,,,,,,,,--2060
,,,,,,,,,,,,,,,,,,,,,,,,,,--2060
,,,,,,,,,,,,,,,,,,,,,,,,,,--2060
,,,,,,,,,,,,,,,,,,,,,,,,,,--2060
,,,,,,,,,,,,,,,,,,,,,,,,,,--2060
,,,,,,,,,,,,,,,,,,,,,,,,,,--2060
,,,,,,,,,,,,,,,,,,,,,,,,,,--2060
,,,,,,,,,,,,,,,,,,,,,,,,,,--2060
,,,,,,,,,,,,,,,,,,,,,,,,,,--2060
,,,,,,,,,,,,,,,,,,,,,,,,,,--2060
,,,,,,,,,,,,,,,,,,,,,,,,,,--2060
,,,,,,,,,,,,,,,,,,,,,,,,,,--2060
,,,,,,,,,,,,,,,,,,,,,,,,,,--2060
,,,,,,,,,,,,,,,,,,,,,,,,,,--2060
,,,,,,,,,,,,,,,,,,,,,,,,,,--2060
,,,,,,,,,,,,,,,,,,,,,,,,,,--2060
,,,,,,,,,,,,,,,,,,,,,,,,,,--2060
,,,,,,,,,,,,,,,,,,,,,,,,,,--2060
,,,,,,,,,,,,,,,,,,,,,,,,,,--2060
,,,,,,,,,,,,,,,,,,,,,,,,,,--2060
,,,,,,,,,,,,,,,,,,,,,,,,,,--2060
,,,,,,,,,,,,,,,,,,,,,,,,,,--2060
,,,,,,,,,,,,,,,,,,,,,,,,,,--2060
,,,,,,,,,,,,,,,,,,,,,,,,,,--2060
,,,,,,,,,,,,,,,,,,,,,,,,,,--2060
,,,,,,,,,,,,,,,,,,,,,,,,,,--2060
,,,,,,,,,,,,,,,,,,,,,,,,,,--2060
,,,,,,,,,,,,,,,,,,,,,,,,,,--2060
,,,,,,,,,,,,,,,,,,,,,,,,,,--2060
,,,,,,,,,,,,,,,,,,,,,,,,,,--2060
,,,,,,,,,,,,,,,,,,,,,,,,,,--2060
,,,,,,,,,,,,,,,,,,,,,,,,,,--2060
,,,,,,,,,,,,,,,,,,,,,,,,,,--2060
,,,,,,,,,,,,,,,,,,,,,,,,,,--2060
,,,,,,,,,,,,,,,,,,,,,,,,,,--2060
,,,,,,,,,,,,,,,,,,,,,,,,,,--2060
,,,,,,,,,,,,,,,,,,,,,,,,,,--2060
,,,,,,,,,,,,,,,,,,,,,,,,,,--2060
,,,,,,,,,,,,,,,,,,,,,,,,,,--2060
,,,,,,,,,,,,,,,,,,,,,,,,,,--2060
,,,,,,,,,,,,,,,,,,,,,,,,,,--2060
,,,,,,,,,,,,,,,,,,,,,,,,,,--2060
,,,,,,,,,,,,,,,,,,,,,,,,,,--2060
,,,,,,,,,,,,,,,,,,,,,,,,,,--2060
,,,,,,,,,,,,,,,,,,,,,,,,,,--2060
,,,,,,,,,,,,,,,,,,,,,,,,,,--2060
,,,,,,,,,,,,,,,,,,,,,,,,,,--2060
,,,,,,,,,,,,,,,,,,,,,,,,,,--2060
,,,,,,,,,,,,,,,,,,,,,,,,,,--2060
,,,,,,,,,,,,,,,,,,,,,,,,,,--2060
,,,,,,,,,,,,,,,,,,,,,,,,,,--2060
,,,,,,,,,,,,,,,,,,,,,,,,,,--2060
,,,,,,,,,,,,,,,,,,,,,,,,,,--2060
,,,,,,,,,,,,,,,,,,,,,,,,,,--2060
,,,,,,,,,,,,,,,,,,,,,,,,,,--2060
,,,,,,,,,,,,,,,,,,,,,,,,,,--2060
,,,,,,,,,,,,,,,,,,,,,,,,,,--2060
,,,,,,,,,,,,,,,,,,,,,,,,,,--2060
,,,,,,,,,,,,,,,,,,,,,,,,,,--2060
,,,,,,,,,,,,,,,,,,,,,,,,,,--2060
,,,,,,,,,,,,,,,,,,,,,,,,,,--2060
,,,,,,,,,,,,,,,,,,,,,,,,,,--2060
,,,,,,,,,,,,,,,,,,,,,,,,,,--2060
,,,,,,,,,,,,,,,,,,,,,,,,,,--2060
,,,,,,,,,,,,,,,,,,,,,,,,,,--2060
,,,,,,,,,,,,,,,,,,,,,,,,,,--2060
,,,,,,,,,,,,,,,,,,,,,,,,,,--2060
,,,,,,,,,,,,,,,,,,,,,,,,,,--2060
,,,,,,,,,,,,,,,,,,,,,,,,,,--2060
,,,,,,,,,,,,,,,,,,,,,,,,,,--2060
,,,,,,,,,,,,,,,,,,,,,,,,,,--2060
,,,,,,,,,,,,,,,,,,,,,,,,,,--2060
,,,,,,,,,,,,,,,,,,,,,,,,,,--2060
,,,,,,,,,,,,,,,,,,,,,,,,,,--2060
,,,,,,,,,,,,,,,,,,,,,,,,,,--2060
,,,,,,,,,,,,,,,,,,,,,,,,,,--2060
,,,,,,,,,,,,,,,,,,,,,,,,,,--2060
,,,,,,,,,,,,,,,,,,,,,,,,,,--2060
,,,,,,,,,,,,,,,,,,,,,,,,,,--2060
,,,,,,,,,,,,,,,,,,,,,,,,,,--2060
,,,,,,,,,,,,,,,,,,,,,,,,,,--2060
,,,,,,,,,,,,,,,,,,,,,,,,,,--2060
,,,,,,,,,,,,,,,,,,,,,,,,,,--2060
,,,,,,,,,,,,,,,,,,,,,,,,,,--2060
,,,,,,,,,,,,,,,,,,,,,,,,,,--2060
,,,,,,,,,,,,,,,,,,,,,,,,,,--2060
,,,,,,,,,,,,,,,,,,,,,,,,,,--2060
,,,,,,,,,,,,,,,,,,,,,,,,,,--2060
,,,,,,,,,,,,,,,,,,,,,,,,,,--2060
,,,,,,,,,,,,,,,,,,,,,,,,,,--2060
,,,,,,,,,,,,,,,,,,,,,,,,,,--2060
,,,,,,,,,,,,,,,,,,,,,,,,,,--2060
,,,,,,,,,,,,,,,,,,,,,,,,,,--2060
,,,,,,,,,,,,,,,,,,,,,,,,,,--2060
,,,,,,,,,,,,,,,,,,,,,,,,,,--2060
,,,,,,,,,,,,,,,,,,,,,,,,,,--2060
,,,,,,,,,,,,,,,,,,,,,,,,,,--2060
,,,,,,,,,,,,,,,,,,,,,,,,,,--2060
,,,,,,,,,,,,,,,,,,,,,,,,,,--2060
,,,,,,,,,,,,,,,,,,,,,,,,,,--2060
,,,,,,,,,,,,,,,,,,,,,,,,,,--2060
,,,,,,,,,,,,,,,,,,,,,,,,,,--2060
,,,,,,,,,,,,,,,,,,,,,,,,,,--2060
,,,,,,,,,,,,,,,,,,,,,,,,,,--2060
,,,,,,,,,,,,,,,,,,,,,,,,,,--2060
,,,,,,,,,,,,,,,,,,,,,,,,,,--2060
,,,,,,,,,,,,,,,,,,,,,,,,,,--2060
,,,,,,,,,,,,,,,,,,,,,,,,,,--2060
,,,,,,,,,,,,,,,,,,,,,,,,,,--2060
,,,,,,,,,,,,,,,,,,,,,,,,,,--2060
,,,,,,,,,,,,,,,,,,,,,,,,,,--2060
,,,,,,,,,,,,,,,,,,,,,,,,,,--2060
,,,,,,,,,,,,,,,,,,,,,,,,,,--2060
,,,,,,,,,,,,,,,,,,,,,,,,,,--2060
,,,,,,,,,,,,,,,,,,,,,,,,,,--2060
,,,,,,,,,,,,,,,,,,,,,,,,,,--2060
,,,,,,,,,,,,,,,,,,,,,,,,,,--2060
,,,,,,,,,,,,,,,,,,,,,,,,,,--2060
,,,,,,,,,,,,,,,,,,,,,,,,,,--2060
,,,,,,,,,,,,,,,,,,,,,,,,,,--2060
,,,,,,,,,,,,,,,,,,,,,,,,,,--2060
,,,,,,,,,,,,,,,,,,,,,,,,,,--2060
,,,,,,,,,,,,,,,,,,,,,,,,,,--2060
,,,,,,,,,,,,,,,,,,,,,,,,,,--2060
,,,,,,,,,,,,,,,,,,,,,,,,,,--2060
,,,,,,,,,,,,,,,,,,,,,,,,,,--2060
,,,,,,,,,,,,,,,,,,,,,,,,,,--2060
,,,,,,,,,,,,,,,,,,,,,,,,,,--2060
,,,,,,,,,,,,,,,,,,,,,,,,,,--2060
,,,,,,,,,,,,,,,,,,,,,,,,,,--2060
,,,,,,,,,,,,,,,,,,,,,,,,,,--2060
,,,,,,,,,,,,,,,,,,,,,,,,,,--2060
,,,,,,,,,,,,,,,,,,,,,,,,,,--2060
,,,,,,,,,,,,,,,,,,,,,,,,,,--2060
,,,,,,,,,,,,,,,,,,,,,,,,,,--2060
,,,,,,,,,,,,,,,,,,,,,,,,,,--2060
,,,,,,,,,,,,,,,,,,,,,,,,,,--2060
,,,,,,,,,,,,,,,,,,,,,,,,,,--2060
,,,,,,,,,,,,,,,,,,,,,,,,,,--2060
,,,,,,,,,,,,,,,,,,,,,,,,,,--2060
,,,,,,,,,,,,,,,,,,,,,,,,,,--2060
,,,,,,,,,,,,,,,,,,,,,,,,,,--2060
,,,,,,,,,,,,,,,,,,,,,,,,,,--2060
,,,,,,,,,,,,,,,,,,,,,,,,,,--2060
,,,,,,,,,,,,,,,,,,,,,,,,,,--2060
,,,,,,,,,,,,,,,,,,,,,,,,,,--2060
,,,,,,,,,,,,,,,,,,,,,,,,,,--2060
,,,,,,,,,,,,,,,,,,,,,,,,,,--2060
,,,,,,,,,,,,,,,,,,,,,,,,,,--2060
,,,,,,,,,,,,,,,,,,,,,,,,,,--2060
,,,,,,,,,,,,,,,,,,,,,,,,,,--2060
,,,,,,,,,,,,,,,,,,,,,,,,,,--2060
,,,,,,,,,,,,,,,,,,,,,,,,,,--2060
,,,,,,,,,,,,,,,,,,,,,,,,,,--2060
,,,,,,,,,,,,,,,,,,,,,,,,,,--2060
,,,,,,,,,,,,,,,,,,,,,,,,,,--2060
,,,,,,,,,,,,,,,,,,,,,,,,,,--2060
,,,,,,,,,,,,,,,,,,,,,,,,,,--2060
,,,,,,,,,,,,,,,,,,,,,,,,,,--2060
,,,,,,,,,,,,,,,,,,,,,,,,,,--2060
,,,,,,,,,,,,,,,,,,,,,,,,,,--2060
,,,,,,,,,,,,,,,,,,,,,,,,,,--2060
,,,,,,,,,,,,,,,,,,,,,,,,,,--2060
,,,,,,,,,,,,,,,,,,,,,,,,,,--2060
,,,,,,,,,,,,,,,,,,,,,,,,,,--2060
,,,,,,,,,,,,,,,,,,,,,,,,,,--2060
,,,,,,,,,,,,,,,,,,,,,,,,,,--2060
,,,,,,,,,,,,,,,,,,,,,,,,,,--2060
,,,,,,,,,,,,,,,,,,,,,,,,,,--2060
,,,,,,,,,,,,,,,,,,,,,,,,,,--2060
,,,,,,,,,,,,,,,,,,,,,,,,,,--2060
,,,,,,,,,,,,,,,,,,,,,,,,,,--2060
,,,,,,,,,,,,,,,,,,,,,,,,,,--2060
,,,,,,,,,,,,,,,,,,,,,,,,,,--2060
,,,,,,,,,,,,,,,,,,,,,,,,,,--2060
,,,,,,,,,,,,,,,,,,,,,,,,,,--2060
,,,,,,,,,,,,,,,,,,,,,,,,,,--2060
,,,,,,,,,,,,,,,,,,,,,,,,,,--2060
,,,,,,,,,,,,,,,,,,,,,,,,,,--2060
,,,,,,,,,,,,,,,,,,,,,,,,,,--2060
,,,,,,,,,,,,,,,,,,,,,,,,,,--2060
,,,,,,,,,,,,,,,,,,,,,,,,,,--2060
,,,,,,,,,,,,,,,,,,,,,,,,,,--2060
,,,,,,,,,,,,,,,,,,,,,,,,,,--2060
,,,,,,,,,,,,,,,,,,,,,,,,,,--2060
,,,,,,,,,,,,,,,,,,,,,,,,,,--2060
,,,,,,,,,,,,,,,,,,,,,,,,,,--2060
,,,,,,,,,,,,,,,,,,,,,,,,,,--2060
,,,,,,,,,,,,,,,,,,,,,,,,,,--2060
,,,,,,,,,,,,,,,,,,,,,,,,,,--2060
,,,,,,,,,,,,,,,,,,,,,,,,,,--2060
,,,,,,,,,,,,,,,,,,,,,,,,,,--2060
,,,,,,,,,,,,,,,,,,,,,,,,,,--2060
,,,,,,,,,,,,,,,,,,,,,,,,,,--2060
,,,,,,,,,,,,,,,,,,,,,,,,,,--2060
,,,,,,,,,,,,,,,,,,,,,,,,,,--2060
,,,,,,,,,,,,,,,,,,,,,,,,,,--2060
,,,,,,,,,,,,,,,,,,,,,,,,,,--2060
,,,,,,,,,,,,,,,,,,,,,,,,,,--2060
,,,,,,,,,,,,,,,,,,,,,,,,,,--2060
,,,,,,,,,,,,,,,,,,,,,,,,,,--2060
,,,,,,,,,,,,,,,,,,,,,,,,,,--2060
,,,,,,,,,,,,,,,,,,,,,,,,,,--2060
,,,,,,,,,,,,,,,,,,,,,,,,,,--2060
,,,,,,,,,,,,,,,,,,,,,,,,,,--2060
,,,,,,,,,,,,,,,,,,,,,,,,,,--2060
,,,,,,,,,,,,,,,,,,,,,,,,,,--2060
,,,,,,,,,,,,,,,,,,,,,,,,,,--2060
,,,,,,,,,,,,,,,,,,,,,,,,,,--2060
,,,,,,,,,,,,,,,,,,,,,,,,,,--2060
,,,,,,,,,,,,,,,,,,,,,,,,,,--2060
,,,,,,,,,,,,,,,,,,,,,,,,,,--2060
,,,,,,,,,,,,,,,,,,,,,,,,,,--2060
,,,,,,,,,,,,,,,,,,,,,,,,,,--2060
,,,,,,,,,,,,,,,,,,,,,,,,,,--2060
,,,,,,,,,,,,,,,,,,,,,,,,,,--2060
,,,,,,,,,,,,,,,,,,,,,,,,,,--2060
,,,,,,,,,,,,,,,,,,,,,,,,,,--2060
,,,,,,,,,,,,,,,,,,,,,,,,,,--2060
,,,,,,,,,,,,,,,,,,,,,,,,,,--2060
,,,,,,,,,,,,,,,,,,,,,,,,,,--2060
,,,,,,,,,,,,,,,,,,,,,,,,,,--2060
,,,,,,,,,,,,,,,,,,,,,,,,,,--2060
,,,,,,,,,,,,,,,,,,,,,,,,,,--2060
,,,,,,,,,,,,,,,,,,,,,,,,,,--2060
,,,,,,,,,,,,,,,,,,,,,,,,,,--2060
,,,,,,,,,,,,,,,,,,,,,,,,,,--2060
,,,,,,,,,,,,,,,,,,,,,,,,,,--2060
,,,,,,,,,,,,,,,,,,,,,,,,,,--2060
,,,,,,,,,,,,,,,,,,,,,,,,,,--2060
,,,,,,,,,,,,,,,,,,,,,,,,,,--2060
,,,,,,,,,,,,,,,,,,,,,,,,,,--2060
,,,,,,,,,,,,,,,,,,,,,,,,,,--2060
,,,,,,,,,,,,,,,,,,,,,,,,,,--2060
,,,,,,,,,,,,,,,,,,,,,,,,,,--2060
,,,,,,,,,,,,,,,,,,,,,,,,,,--2060
,,,,,,,,,,,,,,,,,,,,,,,,,,--2060
,,,,,,,,,,,,,,,,,,,,,,,,,,--2060
,,,,,,,,,,,,,,,,,,,,,,,,,,--2060
,,,,,,,,,,,,,,,,,,,,,,,,,,--2060
,,,,,,,,,,,,,,,,,,,,,,,,,,--2060
,,,,,,,,,,,,,,,,,,,,,,,,,,--2060
,,,,,,,,,,,,,,,,,,,,,,,,,,--2060
,,,,,,,,,,,,,,,,,,,,,,,,,,--2060
,,,,,,,,,,,,,,,,,,,,,,,,,,--2060
,,,,,,,,,,,,,,,,,,,,,,,,,,--2060
,,,,,,,,,,,,,,,,,,,,,,,,,,--2060
,,,,,,,,,,,,,,,,,,,,,,,,,,--2060
,,,,,,,,,,,,,,,,,,,,,,,,,,--2060
,,,,,,,,,,,,,,,,,,,,,,,,,,--2060
,,,,,,,,,,,,,,,,,,,,,,,,,,--2060
,,,,,,,,,,,,,,,,,,,,,,,,,,--2060
,,,,,,,,,,,,,,,,,,,,,,,,,,--2060
,,,,,,,,,,,,,,,,,,,,,,,,,,--2060
,,,,,,,,,,,,,,,,,,,,,,,,,,--2060
,,,,,,,,,,,,,,,,,,,,,,,,,,--2060
,,,,,,,,,,,,,,,,,,,,,,,,,,--2060
,,,,,,,,,,,,,,,,,,,,,,,,,,--2060
,,,,,,,,,,,,,,,,,,,,,,,,,,--2060
,,,,,,,,,,,,,,,,,,,,,,,,,,--2060
,,,,,,,,,,,,,,,,,,,,,,,,,,--2060
,,,,,,,,,,,,,,,,,,,,,,,,,,--2060
,,,,,,,,,,,,,,,,,,,,,,,,,,--2060
,,,,,,,,,,,,,,,,,,,,,,,,,,--2060
,,,,,,,,,,,,,,,,,,,,,,,,,,--2060
,,,,,,,,,,,,,,,,,,,,,,,,,,--2060
,,,,,,,,,,,,,,,,,,,,,,,,,,--2060
,,,,,,,,,,,,,,,,,,,,,,,,,,--2060
,,,,,,,,,,,,,,,,,,,,,,,,,,--2060
,,,,,,,,,,,,,,,,,,,,,,,,,,--2060
,,,,,,,,,,,,,,,,,,,,,,,,,,--2060
,,,,,,,,,,,,,,,,,,,,,,,,,,--2060
,,,,,,,,,,,,,,,,,,,,,,,,,,--2060
,,,,,,,,,,,,,,,,,,,,,,,,,,--2060
,,,,,,,,,,,,,,,,,,,,,,,,,,--2060
,,,,,,,,,,,,,,,,,,,,,,,,,,--2060
,,,,,,,,,,,,,,,,,,,,,,,,,,--2060
,,,,,,,,,,,,,,,,,,,,,,,,,,--2060
,,,,,,,,,,,,,,,,,,,,,,,,,,--2060
,,,,,,,,,,,,,,,,,,,,,,,,,,--2060
,,,,,,,,,,,,,,,,,,,,,,,,,,--2060
,,,,,,,,,,,,,,,,,,,,,,,,,,--2060
,,,,,,,,,,,,,,,,,,,,,,,,,,--2060
,,,,,,,,,,,,,,,,,,,,,,,,,,--2060
,,,,,,,,,,,,,,,,,,,,,,,,,,--2060
,,,,,,,,,,,,,,,,,,,,,,,,,,--2060
,,,,,,,,,,,,,,,,,,,,,,,,,,--2060
,,,,,,,,,,,,,,,,,,,,,,,,,,--2060
,,,,,,,,,,,,,,,,,,,,,,,,,,--2060
,,,,,,,,,,,,,,,,,,,,,,,,,,--2060
,,,,,,,,,,,,,,,,,,,,,,,,,,--2060
,,,,,,,,,,,,,,,,,,,,,,,,,,--2060
,,,,,,,,,,,,,,,,,,,,,,,,,,--2060
,,,,,,,,,,,,,,,,,,,,,,,,,,--2060
,,,,,,,,,,,,,,,,,,,,,,,,,,--2060
,,,,,,,,,,,,,,,,,,,,,,,,,,--2060
,,,,,,,,,,,,,,,,,,,,,,,,,,--2060
,,,,,,,,,,,,,,,,,,,,,,,,,,--2060
,,,,,,,,,,,,,,,,,,,,,,,,,,--2060
,,,,,,,,,,,,,,,,,,,,,,,,,,--2060
,,,,,,,,,,,,,,,,,,,,,,,,,,--2060
,,,,,,,,,,,,,,,,,,,,,,,,,,--2060
,,,,,,,,,,,,,,,,,,,,,,,,,,--2060
,,,,,,,,,,,,,,,,,,,,,,,,,,--2060
,,,,,,,,,,,,,,,,,,,,,,,,,,--2060
,,,,,,,,,,,,,,,,,,,,,,,,,,--2060
,,,,,,,,,,,,,,,,,,,,,,,,,,--2060
,,,,,,,,,,,,,,,,,,,,,,,,,,--2060
,,,,,,,,,,,,,,,,,,,,,,,,,,--2060
,,,,,,,,,,,,,,,,,,,,,,,,,,--2060
,,,,,,,,,,,,,,,,,,,,,,,,,,--2060
,,,,,,,,,,,,,,,,,,,,,,,,,,--2060
,,,,,,,,,,,,,,,,,,,,,,,,,,--2060
,,,,,,,,,,,,,,,,,,,,,,,,,,--2060
,,,,,,,,,,,,,,,,,,,,,,,,,,--2060
,,,,,,,,,,,,,,,,,,,,,,,,,,--2060
,,,,,,,,,,,,,,,,,,,,,,,,,,--2060
,,,,,,,,,,,,,,,,,,,,,,,,,,--2060
,,,,,,,,,,,,,,,,,,,,,,,,,,--2060
,,,,,,,,,,,,,,,,,,,,,,,,,,--2060
,,,,,,,,,,,,,,,,,,,,,,,,,,--2060
,,,,,,,,,,,,,,,,,,,,,,,,,,--2060
,,,,,,,,,,,,,,,,,,,,,,,,,,--2060
,,,,,,,,,,,,,,,,,,,,,,,,,,--2060
,,,,,,,,,,,,,,,,,,,,,,,,,,--2060
,,,,,,,,,,,,,,,,,,,,,,,,,,--2060
,,,,,,,,,,,,,,,,,,,,,,,,,,--2060
,,,,,,,,,,,,,,,,,,,,,,,,,,--2060
,,,,,,,,,,,,,,,,,,,,,,,,,,--2060
,,,,,,,,,,,,,,,,,,,,,,,,,,--2060
,,,,,,,,,,,,,,,,,,,,,,,,,,--2060
,,,,,,,,,,,,,,,,,,,,,,,,,,--2060
,,,,,,,,,,,,,,,,,,,,,,,,,,--2060
,,,,,,,,,,,,,,,,,,,,,,,,,,--2060
,,,,,,,,,,,,,,,,,,,,,,,,,,--2060
,,,,,,,,,,,,,,,,,,,,,,,,,,--2060
,,,,,,,,,,,,,,,,,,,,,,,,,,--2060
,,,,,,,,,,,,,,,,,,,,,,,,,,--2060
,,,,,,,,,,,,,,,,,,,,,,,,,,--2060
,,,,,,,,,,,,,,,,,,,,,,,,,,--2060
,,,,,,,,,,,,,,,,,,,,,,,,,,--2060
,,,,,,,,,,,,,,,,,,,,,,,,,,--2060
,,,,,,,,,,,,,,,,,,,,,,,,,,--2060
,,,,,,,,,,,,,,,,,,,,,,,,,,--2060
,,,,,,,,,,,,,,,,,,,,,,,,,,--2060
,,,,,,,,,,,,,,,,,,,,,,,,,,--2060
,,,,,,,,,,,,,,,,,,,,,,,,,,--2060
,,,,,,,,,,,,,,,,,,,,,,,,,,--2060
,,,,,,,,,,,,,,,,,,,,,,,,,,--2060
,,,,,,,,,,,,,,,,,,,,,,,,,,--2060
,,,,,,,,,,,,,,,,,,,,,,,,,,--2060
,,,,,,,,,,,,,,,,,,,,,,,,,,--2060
,,,,,,,,,,,,,,,,,,,,,,,,,,--2060
,,,,,,,,,,,,,,,,,,,,,,,,,,--2060
,,,,,,,,,,,,,,,,,,,,,,,,,,--2060
,,,,,,,,,,,,,,,,,,,,,,,,,,--2060
,,,,,,,,,,,,,,,,,,,,,,,,,,--2060
,,,,,,,,,,,,,,,,,,,,,,,,,,--2060
,,,,,,,,,,,,,,,,,,,,,,,,,,--2060
,,,,,,,,,,,,,,,,,,,,,,,,,,--2060
,,,,,,,,,,,,,,,,,,,,,,,,,,--2060
,,,,,,,,,,,,,,,,,,,,,,,,,,--2060
,,,,,,,,,,,,,,,,,,,,,,,,,,--2060
,,,,,,,,,,,,,,,,,,,,,,,,,,--2060
,,,,,,,,,,,,,,,,,,,,,,,,,,--2060
,,,,,,,,,,,,,,,,,,,,,,,,,,--2060
,,,,,,,,,,,,,,,,,,,,,,,,,,--2060
,,,,,,,,,,,,,,,,,,,,,,,,,,--2060
,,,,,,,,,,,,,,,,,,,,,,,,,,--2060
,,,,,,,,,,,,,,,,,,,,,,,,,,--2060
,,,,,,,,,,,,,,,,,,,,,,,,,,--2060
,,,,,,,,,,,,,,,,,,,,,,,,,,--2060
,,,,,,,,,,,,,,,,,,,,,,,,,,--2060
,,,,,,,,,,,,,,,,,,,,,,,,,,--2060
,,,,,,,,,,,,,,,,,,,,,,,,,,--2060
,,,,,,,,,,,,,,,,,,,,,,,,,,--2060
,,,,,,,,,,,,,,,,,,,,,,,,,,--2060
,,,,,,,,,,,,,,,,,,,,,,,,,,--2060
,,,,,,,,,,,,,,,,,,,,,,,,,,--2060
,,,,,,,,,,,,,,,,,,,,,,,,,,--2060
,,,,,,,,,,,,,,,,,,,,,,,,,,--2060
,,,,,,,,,,,,,,,,,,,,,,,,,,--2060
,,,,,,,,,,,,,,,,,,,,,,,,,,--2060
,,,,,,,,,,,,,,,,,,,,,,,,,,--2060
,,,,,,,,,,,,,,,,,,,,,,,,,,--2060
,,,,,,,,,,,,,,,,,,,,,,,,,,--2060
,,,,,,,,,,,,,,,,,,,,,,,,,,--2060
,,,,,,,,,,,,,,,,,,,,,,,,,,--2060
,,,,,,,,,,,,,,,,,,,,,,,,,,--2060
,,,,,,,,,,,,,,,,,,,,,,,,,,--2060
,,,,,,,,,,,,,,,,,,,,,,,,,,--2060
,,,,,,,,,,,,,,,,,,,,,,,,,,--2060
,,,,,,,,,,,,,,,,,,,,,,,,,,--2060
,,,,,,,,,,,,,,,,,,,,,,,,,,--2060
,,,,,,,,,,,,,,,,,,,,,,,,,,--2060
,,,,,,,,,,,,,,,,,,,,,,,,,,--2060
,,,,,,,,,,,,,,,,,,,,,,,,,,--2060
,,,,,,,,,,,,,,,,,,,,,,,,,,--2060
,,,,,,,,,,,,,,,,,,,,,,,,,,--2060
,,,,,,,,,,,,,,,,,,,,,,,,,,--2060
,,,,,,,,,,,,,,,,,,,,,,,,,,--2060
,,,,,,,,,,,,,,,,,,,,,,,,,,--2060
,,,,,,,,,,,,,,,,,,,,,,,,,,--2060
,,,,,,,,,,,,,,,,,,,,,,,,,,--2060
,,,,,,,,,,,,,,,,,,,,,,,,,,--2060
,,,,,,,,,,,,,,,,,,,,,,,,,,--2060
,,,,,,,,,,,,,,,,,,,,,,,,,,--2060
,,,,,,,,,,,,,,,,,,,,,,,,,,--2060
,,,,,,,,,,,,,,,,,,,,,,,,,,--2060
,,,,,,,,,,,,,,,,,,,,,,,,,,--2060
,,,,,,,,,,,,,,,,,,,,,,,,,,--2060
,,,,,,,,,,,,,,,,,,,,,,,,,,--2060
,,,,,,,,,,,,,,,,,,,,,,,,,,--2060
,,,,,,,,,,,,,,,,,,,,,,,,,,--2060
,,,,,,,,,,,,,,,,,,,,,,,,,,--2060
,,,,,,,,,,,,,,,,,,,,,,,,,,--2060
,,,,,,,,,,,,,,,,,,,,,,,,,,--2060
,,,,,,,,,,,,,,,,,,,,,,,,,,--2060
,,,,,,,,,,,,,,,,,,,,,,,,,,--2060
,,,,,,,,,,,,,,,,,,,,,,,,,,--2060
,,,,,,,,,,,,,,,,,,,,,,,,,,--2060
,,,,,,,,,,,,,,,,,,,,,,,,,,--2060
,,,,,,,,,,,,,,,,,,,,,,,,,,--2060
,,,,,,,,,,,,,,,,,,,,,,,,,,--2060
,,,,,,,,,,,,,,,,,,,,,,,,,,--2060
,,,,,,,,,,,,,,,,,,,,,,,,,,--2060
,,,,,,,,,,,,,,,,,,,,,,,,,,--2060
,,,,,,,,,,,,,,,,,,,,,,,,,,--2060
,,,,,,,,,,,,,,,,,,,,,,,,,,--2060
,,,,,,,,,,,,,,,,,,,,,,,,,,--2060
,,,,,,,,,,,,,,,,,,,,,,,,,,--2060
,,,,,,,,,,,,,,,,,,,,,,,,,,--2060
,,,,,,,,,,,,,,,,,,,,,,,,,,--2060
,,,,,,,,,,,,,,,,,,,,,,,,,,--2060
,,,,,,,,,,,,,,,,,,,,,,,,,,--2060
,,,,,,,,,,,,,,,,,,,,,,,,,,--2060
,,,,,,,,,,,,,,,,,,,,,,,,,,--2060
,,,,,,,,,,,,,,,,,,,,,,,,,,--2060
,,,,,,,,,,,,,,,,,,,,,,,,,,--2060
,,,,,,,,,,,,,,,,,,,,,,,,,,--2060
,,,,,,,,,,,,,,,,,,,,,,,,,,--2060
,,,,,,,,,,,,,,,,,,,,,,,,,,--2060
,,,,,,,,,,,,,,,,,,,,,,,,,,--2060
,,,,,,,,,,,,,,,,,,,,,,,,,,--2060
,,,,,,,,,,,,,,,,,,,,,,,,,,--2060
,,,,,,,,,,,,,,,,,,,,,,,,,,--2060
,,,,,,,,,,,,,,,,,,,,,,,,,,--2060
,,,,,,,,,,,,,,,,,,,,,,,,,,--2060
,,,,,,,,,,,,,,,,,,,,,,,,,,--2060
,,,,,,,,,,,,,,,,,,,,,,,,,,--2060
,,,,,,,,,,,,,,,,,,,,,,,,,,--2060
,,,,,,,,,,,,,,,,,,,,,,,,,,--2060
,,,,,,,,,,,,,,,,,,,,,,,,,,--2060
,,,,,,,,,,,,,,,,,,,,,,,,,,--2060
,,,,,,,,,,,,,,,,,,,,,,,,,,--2060
,,,,,,,,,,,,,,,,,,,,,,,,,,--2060
,,,,,,,,,,,,,,,,,,,,,,,,,,--2060
,,,,,,,,,,,,,,,,,,,,,,,,,,--2060
,,,,,,,,,,,,,,,,,,,,,,,,,,--2060
,,,,,,,,,,,,,,,,,,,,,,,,,,--2060
,,,,,,,,,,,,,,,,,,,,,,,,,,--2060
,,,,,,,,,,,,,,,,,,,,,,,,,,--2060
,,,,,,,,,,,,,,,,,,,,,,,,,,--2060
,,,,,,,,,,,,,,,,,,,,,,,,,,--2060
,,,,,,,,,,,,,,,,,,,,,,,,,,--2060
,,,,,,,,,,,,,,,,,,,,,,,,,,--2060
,,,,,,,,,,,,,,,,,,,,,,,,,,--2060
,,,,,,,,,,,,,,,,,,,,,,,,,,--2060
,,,,,,,,,,,,,,,,,,,,,,,,,,--2060
,,,,,,,,,,,,,,,,,,,,,,,,,,--2060
,,,,,,,,,,,,,,,,,,,,,,,,,,--2060
,,,,,,,,,,,,,,,,,,,,,,,,,,--2060
,,,,,,,,,,,,,,,,,,,,,,,,,,--2060
,,,,,,,,,,,,,,,,,,,,,,,,,,--2060
,,,,,,,,,,,,,,,,,,,,,,,,,,--2060
,,,,,,,,,,,,,,,,,,,,,,,,,,--2060
,,,,,,,,,,,,,,,,,,,,,,,,,,--2060
,,,,,,,,,,,,,,,,,,,,,,,,,,--2060
,,,,,,,,,,,,,,,,,,,,,,,,,,--2060
,,,,,,,,,,,,,,,,,,,,,,,,,,--2060
,,,,,,,,,,,,,,,,,,,,,,,,,,--2060
,,,,,,,,,,,,,,,,,,,,,,,,,,--2060
,,,,,,,,,,,,,,,,,,,,,,,,,,--2060
,,,,,,,,,,,,,,,,,,,,,,,,,,--2060
,,,,,,,,,,,,,,,,,,,,,,,,,,--2060
,,,,,,,,,,,,,,,,,,,,,,,,,,--2060
,,,,,,,,,,,,,,,,,,,,,,,,,,--2060
,,,,,,,,,,,,,,,,,,,,,,,,,,--2060
,,,,,,,,,,,,,,,,,,,,,,,,,,--2060
,,,,,,,,,,,,,,,,,,,,,,,,,,--2060
,,,,,,,,,,,,,,,,,,,,,,,,,,--2060
,,,,,,,,,,,,,,,,,,,,,,,,,,--2060
,,,,,,,,,,,,,,,,,,,,,,,,,,--2060
,,,,,,,,,,,,,,,,,,,,,,,,,,--2060
,,,,,,,,,,,,,,,,,,,,,,,,,,--2060
,,,,,,,,,,,,,,,,,,,,,,,,,,--2060
,,,,,,,,,,,,,,,,,,,,,,,,,,--2060
,,,,,,,,,,,,,,,,,,,,,,,,,,--2060
,,,,,,,,,,,,,,,,,,,,,,,,,,--2060
,,,,,,,,,,,,,,,,,,,,,,,,,,--2060
,,,,,,,,,,,,,,,,,,,,,,,,,,--2060
,,,,,,,,,,,,,,,,,,,,,,,,,,--2060
,,,,,,,,,,,,,,,,,,,,,,,,,,--2060
,,,,,,,,,,,,,,,,,,,,,,,,,,--2060
,,,,,,,,,,,,,,,,,,,,,,,,,,--2060
,,,,,,,,,,,,,,,,,,,,,,,,,,--2060
,,,,,,,,,,,,,,,,,,,,,,,,,,--2060
,,,,,,,,,,,,,,,,,,,,,,,,,,--2060
,,,,,,,,,,,,,,,,,,,,,,,,,,--2060
,,,,,,,,,,,,,,,,,,,,,,,,,,--2060
,,,,,,,,,,,,,,,,,,,,,,,,,,--2060
,,,,,,,,,,,,,,,,,,,,,,,,,,--2060
,,,,,,,,,,,,,,,,,,,,,,,,,,--2060
,,,,,,,,,,,,,,,,,,,,,,,,,,--2060
,,,,,,,,,,,,,,,,,,,,,,,,,,--2060
,,,,,,,,,,,,,,,,,,,,,,,,,,--2060
,,,,,,,,,,,,,,,,,,,,,,,,,,--2060
,,,,,,,,,,,,,,,,,,,,,,,,,,--2060
,,,,,,,,,,,,,,,,,,,,,,,,,,--2060
,,,,,,,,,,,,,,,,,,,,,,,,,,--2060
,,,,,,,,,,,,,,,,,,,,,,,,,,--2060
,,,,,,,,,,,,,,,,,,,,,,,,,,--2060
,,,,,,,,,,,,,,,,,,,,,,,,,,--2060
,,,,,,,,,,,,,,,,,,,,,,,,,,--2060
,,,,,,,,,,,,,,,,,,,,,,,,,,--2060
,,,,,,,,,,,,,,,,,,,,,,,,,,--2060
,,,,,,,,,,,,,,,,,,,,,,,,,,--2060
,,,,,,,,,,,,,,,,,,,,,,,,,,--2060
,,,,,,,,,,,,,,,,,,,,,,,,,,--2060
,,,,,,,,,,,,,,,,,,,,,,,,,,--2060
,,,,,,,,,,,,,,,,,,,,,,,,,,--2060
,,,,,,,,,,,,,,,,,,,,,,,,,,--2060
,,,,,,,,,,,,,,,,,,,,,,,,,,--2060
,,,,,,,,,,,,,,,,,,,,,,,,,,--2060
,,,,,,,,,,,,,,,,,,,,,,,,,,--2060
,,,,,,,,,,,,,,,,,,,,,,,,,,--2060
,,,,,,,,,,,,,,,,,,,,,,,,,,--2060
,,,,,,,,,,,,,,,,,,,,,,,,,,--2060
,,,,,,,,,,,,,,,,,,,,,,,,,,--2060
,,,,,,,,,,,,,,,,,,,,,,,,,,--2060
,,,,,,,,,,,,,,,,,,,,,,,,,,--2060
,,,,,,,,,,,,,,,,,,,,,,,,,,--2060
,,,,,,,,,,,,,,,,,,,,,,,,,,--2060
,,,,,,,,,,,,,,,,,,,,,,,,,,--2060
,,,,,,,,,,,,,,,,,,,,,,,,,,--2060
,,,,,,,,,,,,,,,,,,,,,,,,,,--2060
,,,,,,,,,,,,,,,,,,,,,,,,,,--2060
,,,,,,,,,,,,,,,,,,,,,,,,,,--2060
,,,,,,,,,,,,,,,,,,,,,,,,,,--2060
,,,,,,,,,,,,,,,,,,,,,,,,,,--2060
,,,,,,,,,,,,,,,,,,,,,,,,,,--2060
,,,,,,,,,,,,,,,,,,,,,,,,,,--2060
,,,,,,,,,,,,,,,,,,,,,,,,,,--2060
,,,,,,,,,,,,,,,,,,,,,,,,,,--2060
,,,,,,,,,,,,,,,,,,,,,,,,,,--2060
,,,,,,,,,,,,,,,,,,,,,,,,,,--2060
,,,,,,,,,,,,,,,,,,,,,,,,,,--2060
,,,,,,,,,,,,,,,,,,,,,,,,,,--2060
,,,,,,,,,,,,,,,,,,,,,,,,,,--2060
,,,,,,,,,,,,,,,,,,,,,,,,,,--2060
,,,,,,,,,,,,,,,,,,,,,,,,,,--2060
,,,,,,,,,,,,,,,,,,,,,,,,,,--2060
,,,,,,,,,,,,,,,,,,,,,,,,,,--2060
,,,,,,,,,,,,,,,,,,,,,,,,,,--2060
,,,,,,,,,,,,,,,,,,,,,,,,,,--2060
,,,,,,,,,,,,,,,,,,,,,,,,,,--2060
,,,,,,,,,,,,,,,,,,,,,,,,,,--2060
,,,,,,,,,,,,,,,,,,,,,,,,,,--2060
,,,,,,,,,,,,,,,,,,,,,,,,,,--2060
,,,,,,,,,,,,,,,,,,,,,,,,,,--2060
,,,,,,,,,,,,,,,,,,,,,,,,,,--2060
,,,,,,,,,,,,,,,,,,,,,,,,,,--2060
,,,,,,,,,,,,,,,,,,,,,,,,,,--2060
,,,,,,,,,,,,,,,,,,,,,,,,,,--2060
,,,,,,,,,,,,,,,,,,,,,,,,,,--2060
,,,,,,,,,,,,,,,,,,,,,,,,,,--2060
,,,,,,,,,,,,,,,,,,,,,,,,,,--2060
,,,,,,,,,,,,,,,,,,,,,,,,,,--2060
,,,,,,,,,,,,,,,,,,,,,,,,,,--2060
,,,,,,,,,,,,,,,,,,,,,,,,,,--2060
,,,,,,,,,,,,,,,,,,,,,,,,,,--2060
,,,,,,,,,,,,,,,,,,,,,,,,,,--2060
,,,,,,,,,,,,,,,,,,,,,,,,,,--2060
,,,,,,,,,,,,,,,,,,,,,,,,,,--2060
,,,,,,,,,,,,,,,,,,,,,,,,,,--2060
,,,,,,,,,,,,,,,,,,,,,,,,,,--2060
,,,,,,,,,,,,,,,,,,,,,,,,,,--2060
,,,,,,,,,,,,,,,,,,,,,,,,,,--2060
,,,,,,,,,,,,,,,,,,,,,,,,,,--2060
,,,,,,,,,,,,,,,,,,,,,,,,,,--2060
,,,,,,,,,,,,,,,,,,,,,,,,,,--2060
,,,,,,,,,,,,,,,,,,,,,,,,,,--2060
,,,,,,,,,,,,,,,,,,,,,,,,,,--2060
,,,,,,,,,,,,,,,,,,,,,,,,,,--2060
,,,,,,,,,,,,,,,,,,,,,,,,,,--2060
,,,,,,,,,,,,,,,,,,,,,,,,,,--2060
,,,,,,,,,,,,,,,,,,,,,,,,,,--2060
,,,,,,,,,,,,,,,,,,,,,,,,,,--2060
,,,,,,,,,,,,,,,,,,,,,,,,,,--2060
,,,,,,,,,,,,,,,,,,,,,,,,,,--2060
,,,,,,,,,,,,,,,,,,,,,,,,,,--2060
,,,,,,,,,,,,,,,,,,,,,,,,,,--2060
,,,,,,,,,,,,,,,,,,,,,,,,,,--2060
,,,,,,,,,,,,,,,,,,,,,,,,,,--2060
,,,,,,,,,,,,,,,,,,,,,,,,,,--2060
,,,,,,,,,,,,,,,,,,,,,,,,,,--2060
,,,,,,,,,,,,,,,,,,,,,,,,,,--2060
,,,,,,,,,,,,,,,,,,,,,,,,,,--2060
,,,,,,,,,,,,,,,,,,,,,,,,,,--2060
,,,,,,,,,,,,,,,,,,,,,,,,,,--2060
,,,,,,,,,,,,,,,,,,,,,,,,,,--2060
,,,,,,,,,,,,,,,,,,,,,,,,,,--2060
,,,,,,,,,,,,,,,,,,,,,,,,,,--2060
,,,,,,,,,,,,,,,,,,,,,,,,,,--2060
,,,,,,,,,,,,,,,,,,,,,,,,,,--2060
,,,,,,,,,,,,,,,,,,,,,,,,,,--2060
,,,,,,,,,,,,,,,,,,,,,,,,,,--2060
,,,,,,,,,,,,,,,,,,,,,,,,,,--2060
,,,,,,,,,,,,,,,,,,,,,,,,,,--2060
,,,,,,,,,,,,,,,,,,,,,,,,,,--2060
,,,,,,,,,,,,,,,,,,,,,,,,,,--2060
,,,,,,,,,,,,,,,,,,,,,,,,,,--2060
,,,,,,,,,,,,,,,,,,,,,,,,,,--2060
,,,,,,,,,,,,,,,,,,,,,,,,,,--2060
,,,,,,,,,,,,,,,,,,,,,,,,,,--2060
,,,,,,,,,,,,,,,,,,,,,,,,,,--2060
,,,,,,,,,,,,,,,,,,,,,,,,,,--2060
,,,,,,,,,,,,,,,,,,,,,,,,,,--2060
,,,,,,,,,,,,,,,,,,,,,,,,,,--2060
,,,,,,,,,,,,,,,,,,,,,,,,,,--2060
,,,,,,,,,,,,,,,,,,,,,,,,,,--2060
,,,,,,,,,,,,,,,,,,,,,,,,,,--2060
,,,,,,,,,,,,,,,,,,,,,,,,,,--2060
,,,,,,,,,,,,,,,,,,,,,,,,,,--2060
,,,,,,,,,,,,,,,,,,,,,,,,,,--2060
,,,,,,,,,,,,,,,,,,,,,,,,,,--2060
,,,,,,,,,,,,,,,,,,,,,,,,,,--2060
,,,,,,,,,,,,,,,,,,,,,,,,,,--2060
,,,,,,,,,,,,,,,,,,,,,,,,,,--2060
,,,,,,,,,,,,,,,,,,,,,,,,,,--2060
,,,,,,,,,,,,,,,,,,,,,,,,,,--2060
,,,,,,,,,,,,,,,,,,,,,,,,,,--2060
,,,,,,,,,,,,,,,,,,,,,,,,,,--2060
,,,,,,,,,,,,,,,,,,,,,,,,,,--2060
,,,,,,,,,,,,,,,,,,,,,,,,,,--2060
,,,,,,,,,,,,,,,,,,,,,,,,,,--2060
,,,,,,,,,,,,,,,,,,,,,,,,,,--2060
,,,,,,,,,,,,,,,,,,,,,,,,,,--2060
,,,,,,,,,,,,,,,,,,,,,,,,,,--2060
,,,,,,,,,,,,,,,,,,,,,,,,,,--2060
,,,,,,,,,,,,,,,,,,,,,,,,,,--2060
,,,,,,,,,,,,,,,,,,,,,,,,,,--2060
,,,,,,,,,,,,,,,,,,,,,,,,,,--2060
,,,,,,,,,,,,,,,,,,,,,,,,,,--2060
,,,,,,,,,,,,,,,,,,,,,,,,,,--2060
,,,,,,,,,,,,,,,,,,,,,,,,,,--2060
,,,,,,,,,,,,,,,,,,,,,,,,,,--2060
,,,,,,,,,,,,,,,,,,,,,,,,,,--2060
,,,,,,,,,,,,,,,,,,,,,,,,,,--2060
,,,,,,,,,,,,,,,,,,,,,,,,,,--2060
,,,,,,,,,,,,,,,,,,,,,,,,,,--2060
,,,,,,,,,,,,,,,,,,,,,,,,,,--2060
,,,,,,,,,,,,,,,,,,,,,,,,,,--2060
,,,,,,,,,,,,,,,,,,,,,,,,,,--2060
,,,,,,,,,,,,,,,,,,,,,,,,,,--2060
,,,,,,,,,,,,,,,,,,,,,,,,,,--2060
,,,,,,,,,,,,,,,,,,,,,,,,,,--2060
,,,,,,,,,,,,,,,,,,,,,,,,,,--2060
,,,,,,,,,,,,,,,,,,,,,,,,,,--2060
,,,,,,,,,,,,,,,,,,,,,,,,,,--2060
,,,,,,,,,,,,,,,,,,,,,,,,,,--2060
,,,,,,,,,,,,,,,,,,,,,,,,,,--2060
,,,,,,,,,,,,,,,,,,,,,,,,,,--2060
,,,,,,,,,,,,,,,,,,,,,,,,,,--2060
,,,,,,,,,,,,,,,,,,,,,,,,,,--2060
,,,,,,,,,,,,,,,,,,,,,,,,,,--2060
,,,,,,,,,,,,,,,,,,,,,,,,,,--2060
,,,,,,,,,,,,,,,,,,,,,,,,,,--2060
,,,,,,,,,,,,,,,,,,,,,,,,,,--2060
,,,,,,,,,,,,,,,,,,,,,,,,,,--2060
,,,,,,,,,,,,,,,,,,,,,,,,,,--2060
,,,,,,,,,,,,,,,,,,,,,,,,,,--2060
,,,,,,,,,,,,,,,,,,,,,,,,,,--2060
,,,,,,,,,,,,,,,,,,,,,,,,,,--2060
,,,,,,,,,,,,,,,,,,,,,,,,,,--2060
,,,,,,,,,,,,,,,,,,,,,,,,,,--2060
,,,,,,,,,,,,,,,,,,,,,,,,,,--2060
,,,,,,,,,,,,,,,,,,,,,,,,,,--2060
,,,,,,,,,,,,,,,,,,,,,,,,,,--2060
,,,,,,,,,,,,,,,,,,,,,,,,,,--2060
,,,,,,,,,,,,,,,,,,,,,,,,,,--2060
,,,,,,,,,,,,,,,,,,,,,,,,,,--2060
,,,,,,,,,,,,,,,,,,,,,,,,,,--2060
,,,,,,,,,,,,,,,,,,,,,,,,,,--2060
,,,,,,,,,,,,,,,,,,,,,,,,,,--2060
,,,,,,,,,,,,,,,,,,,,,,,,,,--2060
,,,,,,,,,,,,,,,,,,,,,,,,,,--2060
,,,,,,,,,,,,,,,,,,,,,,,,,,--2060
,,,,,,,,,,,,,,,,,,,,,,,,,,--2060
,,,,,,,,,,,,,,,,,,,,,,,,,,--2060
,,,,,,,,,,,,,,,,,,,,,,,,,,--2060
,,,,,,,,,,,,,,,,,,,,,,,,,,--2060
,,,,,,,,,,,,,,,,,,,,,,,,,,--2060
,,,,,,,,,,,,,,,,,,,,,,,,,,--2060
,,,,,,,,,,,,,,,,,,,,,,,,,,--2060
,,,,,,,,,,,,,,,,,,,,,,,,,,--2060
,,,,,,,,,,,,,,,,,,,,,,,,,,--2060
,,,,,,,,,,,,,,,,,,,,,,,,,,--2060
,,,,,,,,,,,,,,,,,,,,,,,,,,--2060
,,,,,,,,,,,,,,,,,,,,,,,,,,--2060
,,,,,,,,,,,,,,,,,,,,,,,,,,--2060
,,,,,,,,,,,,,,,,,,,,,,,,,,--2060
,,,,,,,,,,,,,,,,,,,,,,,,,,--2060
,,,,,,,,,,,,,,,,,,,,,,,,,,--2060
,,,,,,,,,,,,,,,,,,,,,,,,,,--2060
,,,,,,,,,,,,,,,,,,,,,,,,,,--2060
,,,,,,,,,,,,,,,,,,,,,,,,,,--2060
,,,,,,,,,,,,,,,,,,,,,,,,,,--2060
,,,,,,,,,,,,,,,,,,,,,,,,,,--2060
,,,,,,,,,,,,,,,,,,,,,,,,,,--2060
,,,,,,,,,,,,,,,,,,,,,,,,,,--2060
,,,,,,,,,,,,,,,,,,,,,,,,,,--2060
,,,,,,,,,,,,,,,,,,,,,,,,,,--2060
,,,,,,,,,,,,,,,,,,,,,,,,,,--2060
,,,,,,,,,,,,,,,,,,,,,,,,,,--2060